{
    "Upstream PDR": [
        0.22517654394309178,
        0.23311829399208234
    ],
    "Downstream PDR": [
        0.19023484935528426,
        0.20958338693761938
    ],
    "TicToc PDR": [
        0.043424240509079615,
        0.04825835252813525
    ],
    "Packets retransmitted per node AVG": [
        0.0,
        0.0
    ],
    "Counter of retransmission per packet AVG": [
        0.0,
        0.0
    ],
    "Intertime of retransmissions AVG": [
        0.0,
        0.0
    ],
    "Packets delivered": [
        0.251897735042698,
        0.26100627695643003
    ],
    "Packets lost due to noise": [
        0.09797554960957083,
        0.10110755731521795
    ],
    "Packets collided": [
        1.0079247047622508e-06,
        1.2926151044053187e-05
    ],
    "Destinatary out of range": [
        5.501371126398351e-05,
        0.000145584458880707
    ],
    "Packets dropped": [
        0.0,
        0.0
    ],
    "Other causes of loss": [
        0.6386948373988456,
        0.6491035114313443
    ],
    "Queue MN Avg": [
        0.33751424891830906,
        0.3377360420339369
    ],
    "Queue MN Var": [
        1.2138307035648525e-05,
        1.2926218360379188e-05
    ],
    "Queue BR Avg": [
        780.1914919932742,
        818.4028797669009
    ],
    "Queue BR Var": [
        230534.94262974098,
        317682.22939659405
    ],
    "Upstream Delay Avg": [
        0.6689952035806278,
        0.6709691615216894
    ],
    "Upstream Delay 95th Perc": [
        1.2697732662862171,
        1.272665951679955
    ],
    "Upstream Delay Var": [
        0.14842026763392013,
        0.14871049672643843
    ],
    "Downstream Delay Avg": [
        0.85701245414212,
        1.0857641734350845
    ],
    "Downstream Delay 95th Perc": [
        1.2434216683492592,
        1.826375659160227
    ],
    "Downstream Delay Var": [
        0.3954003730042128,
        1.2877964062524072
    ],
    "RTT Avg": [
        1872.7316299138656,
        1895.391339268719
    ],
    "RTT 95th Perc": [
        3365.5142198317462,
        3413.711101357717
    ],
    "RTT Var": [
        934037.313158996,
        957897.8827459287
    ]
}