{
    "Upstream PDR": [
        0.1009778717414024,
        0.10715826271237915
    ],
    "Downstream PDR": [
        0.0,
        0.0
    ],
    "TicToc PDR": [
        0.0,
        0.0
    ],
    "Packets retransmitted per node AVG": [
        0.0,
        0.0
    ],
    "Counter of retransmission per packet AVG": [
        0.0,
        0.0
    ],
    "Intertime of retransmissions AVG": [
        0.0,
        0.0
    ],
    "Packets delivered": [
        0.11078914214345802,
        0.11715665372317101
    ],
    "Packets lost due to noise": [
        0.06392675051737552,
        0.06713837185872297
    ],
    "Packets collided": [
        0.0,
        0.0
    ],
    "Destinatary out of range": [
        0.0,
        0.0
    ],
    "Packets dropped": [
        0.0,
        0.0
    ],
    "Other causes of loss": [
        0.8158458662383262,
        0.8251432155189463
    ],
    "Queue MN Avg": [
        0.30749279010071523,
        0.30750375610722164
    ],
    "Queue MN Var": [
        8.697450420110777e-09,
        9.618294558711207e-09
    ],
    "Queue BR Avg": [
        0.0,
        0.0
    ],
    "Queue BR Var": [
        0.0,
        0.0
    ],
    "Upstream Delay Avg": [
        0.6089240699654312,
        0.6102328020739753
    ],
    "Upstream Delay 95th Perc": [
        1.155504309689312,
        1.1568649495038312
    ],
    "Upstream Delay Var": [
        0.12274493118363163,
        0.12315308858800421
    ],
    "Downstream Delay Avg": [
        0.0,
        0.0
    ],
    "Downstream Delay 95th Perc": [
        0.0,
        0.0
    ],
    "Downstream Delay Var": [
        0.0,
        0.0
    ],
    "RTT Avg": [
        0.0,
        0.0
    ],
    "RTT 95th Perc": [
        0.0,
        0.0
    ],
    "RTT Var": [
        0.0,
        0.0
    ]
}