{
    "Upstream PDR": [
        0.11385456162366035,
        0.12255552240995314
    ],
    "Downstream PDR": [
        0.13970290841798208,
        0.18156330239407256
    ],
    "TicToc PDR": [
        0.01636297518681746,
        0.021621898762762368
    ],
    "Packets retransmitted per node AVG": [
        0.0,
        0.0
    ],
    "Counter of retransmission per packet AVG": [
        0.0,
        0.0
    ],
    "Intertime of retransmissions AVG": [
        0.0,
        0.0
    ],
    "Packets delivered": [
        0.13997187732751779,
        0.15046020203601604
    ],
    "Packets lost due to noise": [
        0.07790005721692533,
        0.08287456498315718
    ],
    "Packets collided": [
        0.0,
        0.0
    ],
    "Destinatary out of range": [
        6.25650145499463e-06,
        2.511772915491029e-05
    ],
    "Packets dropped": [
        0.0,
        0.0
    ],
    "Other causes of loss": [
        0.7668934554111203,
        0.7818684687946537
    ],
    "Queue MN Avg": [
        0.10499790186794104,
        0.10500287964684231
    ],
    "Queue MN Var": [
        1.1202572583850488e-09,
        1.286985288498432e-09
    ],
    "Queue BR Avg": [
        128.92321497019105,
        141.29912277857704
    ],
    "Queue BR Var": [
        18139.414277227846,
        23505.54572243986
    ],
    "Upstream Delay Avg": [
        0.20421048536457911,
        0.20480568874370922
    ],
    "Upstream Delay 95th Perc": [
        0.386033072069883,
        0.38677883882926
    ],
    "Upstream Delay Var": [
        0.013619963011242804,
        0.013696437870871176
    ],
    "Downstream Delay Avg": [
        0.23522320088324802,
        0.2467044798873748
    ],
    "Downstream Delay 95th Perc": [
        0.23940379001261786,
        0.2607237657121922
    ],
    "Downstream Delay Var": [
        9.389307447109309e-05,
        0.0009020116564325457
    ],
    "RTT Avg": [
        1714.5873381086599,
        1906.620562236813
    ],
    "RTT 95th Perc": [
        2654.440355350392,
        2967.758218229352
    ],
    "RTT Var": [
        564497.528549611,
        733551.8950767684
    ]
}