{
    "Upstream PDR": [
        0.25697571572060024,
        0.26034092293486194
    ],
    "Downstream PDR": [
        0.18337431337302929,
        0.19797538870243697
    ],
    "TicToc PDR": [
        0.047302343956971867,
        0.05143479890017102
    ],
    "Packets retransmitted per node AVG": [
        0.0,
        0.0
    ],
    "Counter of retransmission per packet AVG": [
        0.0,
        0.0
    ],
    "Intertime of retransmissions AVG": [
        0.0,
        0.0
    ],
    "Packets delivered": [
        0.2858398209430388,
        0.2910945208075448
    ],
    "Packets lost due to noise": [
        0.09326075113266458,
        0.09533131957355315
    ],
    "Packets collided": [
        2.0850271282295827e-05,
        9.56970606583781e-05
    ],
    "Destinatary out of range": [
        2.5907391144042693e-05,
        0.0001183950509098172
    ],
    "Packets dropped": [
        0.0,
        0.0
    ],
    "Other causes of loss": [
        0.6145990418723105,
        0.6196136958968937
    ],
    "Queue MN Avg": [
        0.479989966837184,
        0.48005090135215245
    ],
    "Queue MN Var": [
        8.918980649858491e-07,
        9.742135227416689e-07
    ],
    "Queue BR Avg": [
        802.6932466698433,
        822.0016496268313
    ],
    "Queue BR Var": [
        215889.84103196164,
        261206.16676624448
    ],
    "Upstream Delay Avg": [
        0.9534419075667656,
        0.9553376602883547
    ],
    "Upstream Delay 95th Perc": [
        1.8112623521308744,
        1.8120514489134116
    ],
    "Upstream Delay Var": [
        0.3022373430327481,
        0.303177888228652
    ],
    "Downstream Delay Avg": [
        1.620697058831403,
        2.0911663511384866
    ],
    "Downstream Delay 95th Perc": [
        2.6688998578209917,
        3.8871705771009584
    ],
    "Downstream Delay Var": [
        3.948455548783798,
        7.743663165591913
    ],
    "RTT Avg": [
        1881.9314340229905,
        1888.2785403698142
    ],
    "RTT 95th Perc": [
        3379.23131973432,
        3397.3790321755305
    ],
    "RTT Var": [
        934394.1061104961,
        944405.3443088253
    ]
}