{
    "Upstream PDR": [
        0.08783318376479549,
        0.09256547169738932
    ],
    "Downstream PDR": [
        0.17116837137041513,
        0.19508773504726518
    ],
    "TicToc PDR": [
        0.015372272207952242,
        0.017581005102972124
    ],
    "Packets retransmitted per node AVG": [
        0.0,
        0.0
    ],
    "Counter of retransmission per packet AVG": [
        0.0,
        0.0
    ],
    "Intertime of retransmissions AVG": [
        0.0,
        0.0
    ],
    "Packets delivered": [
        0.10973821436164716,
        0.11494226165141505
    ],
    "Packets lost due to noise": [
        0.06625179533101067,
        0.06906672869347213
    ],
    "Packets collided": [
        -2.7090004226304948e-06,
        9.62570372152882e-06
    ],
    "Destinatary out of range": [
        1.7564943144065223e-05,
        4.6662513868032884e-05
    ],
    "Packets dropped": [
        0.0,
        0.0
    ],
    "Other causes of loss": [
        0.8161741361769418,
        0.8237557196252018
    ],
    "Queue MN Avg": [
        0.2473062205847255,
        0.24764591919009665
    ],
    "Queue MN Var": [
        1.2187247441412089e-05,
        1.3166661025328222e-05
    ],
    "Queue BR Avg": [
        241.21466376298022,
        258.77238531054803
    ],
    "Queue BR Var": [
        53626.65357841495,
        69554.22579369262
    ],
    "Upstream Delay Avg": [
        0.4890446004001862,
        0.49027029653501947
    ],
    "Upstream Delay 95th Perc": [
        0.9278329207454955,
        0.9286610794433042
    ],
    "Upstream Delay Var": [
        0.0790110228789286,
        0.07930068714158366
    ],
    "Downstream Delay Avg": [
        0.5005972925024147,
        0.5205796749853344
    ],
    "Downstream Delay 95th Perc": [
        0.49922733847233086,
        0.5860971369109427
    ],
    "Downstream Delay Var": [
        -0.007812307430130547,
        0.032164657706286
    ],
    "RTT Avg": [
        1893.6920393661023,
        1996.7045204163717
    ],
    "RTT 95th Perc": [
        2878.6073727318035,
        2998.2474743414405
    ],
    "RTT Var": [
        597219.1290510211,
        683072.4774885024
    ]
}