{
    "Upstream PDR": [
        0.21784706272147386,
        0.22379764316087913
    ],
    "Downstream PDR": [
        0.1686449755487336,
        0.1835657039729811
    ],
    "TicToc PDR": [
        0.03719296791311656,
        0.04057409091041285
    ],
    "Packets retransmitted per node AVG": [
        0.0,
        0.0
    ],
    "Counter of retransmission per packet AVG": [
        0.0,
        0.0
    ],
    "Intertime of retransmissions AVG": [
        0.0,
        0.0
    ],
    "Packets delivered": [
        0.2401603909055494,
        0.24680924762984593
    ],
    "Packets lost due to noise": [
        0.0977545186762179,
        0.09991039722942391
    ],
    "Packets collided": [
        1.5582285778198192e-05,
        5.813627906284276e-05
    ],
    "Destinatary out of range": [
        0.00011212495015576669,
        0.0002995537763167786
    ],
    "Packets dropped": [
        0.0,
        0.0
    ],
    "Other causes of loss": [
        0.6536758895895961,
        0.6612041586780532
    ],
    "Queue MN Avg": [
        0.479989966837184,
        0.48005090135215245
    ],
    "Queue MN Var": [
        8.918980649858491e-07,
        9.742135227416689e-07
    ],
    "Queue BR Avg": [
        1108.386670662252,
        1152.097467394421
    ],
    "Queue BR Var": [
        364647.5789354705,
        480922.88208077085
    ],
    "Upstream Delay Avg": [
        0.9529522279212226,
        0.9547868379840918
    ],
    "Upstream Delay 95th Perc": [
        1.810679632114861,
        1.8115368116865114
    ],
    "Upstream Delay Var": [
        0.30155644662856096,
        0.30240759962697084
    ],
    "Downstream Delay Avg": [
        1.695382273054943,
        2.2329657565058034
    ],
    "Downstream Delay 95th Perc": [
        2.9693707023098788,
        4.234485251241006
    ],
    "Downstream Delay Var": [
        3.795392893844582,
        7.079054701810589
    ],
    "RTT Avg": [
        1867.4679617997688,
        1899.581802558517
    ],
    "RTT 95th Perc": [
        3344.4137718356774,
        3402.3368692094896
    ],
    "RTT Var": [
        921924.4473693189,
        944910.1673535593
    ]
}