{
    "Upstream PDR": [
        0.11897390745394507,
        0.12703113456286164
    ],
    "Downstream PDR": [
        0.0,
        0.0
    ],
    "TicToc PDR": [
        0.0,
        0.0
    ],
    "Packets retransmitted per node AVG": [
        0.0,
        0.0
    ],
    "Counter of retransmission per packet AVG": [
        0.0,
        0.0
    ],
    "Intertime of retransmissions AVG": [
        0.0,
        0.0
    ],
    "Packets delivered": [
        0.13098881008120092,
        0.13915144721696562
    ],
    "Packets lost due to noise": [
        0.07447489513859629,
        0.07948117219061004
    ],
    "Packets collided": [
        0.0,
        0.0
    ],
    "Destinatary out of range": [
        0.0,
        0.0
    ],
    "Packets dropped": [
        0.0,
        0.0
    ],
    "Other causes of loss": [
        0.7815443164604049,
        0.7943593589122214
    ],
    "Queue MN Avg": [
        0.15747855065443,
        0.1575202329552226
    ],
    "Queue MN Var": [
        5.3866965620489645e-08,
        6.466604034416748e-08
    ],
    "Queue BR Avg": [
        0.0,
        0.0
    ],
    "Queue BR Var": [
        0.0,
        0.0
    ],
    "Upstream Delay Avg": [
        0.30778869606017184,
        0.30955359336346816
    ],
    "Upstream Delay 95th Perc": [
        0.5841510046353813,
        0.5867557140729045
    ],
    "Upstream Delay Var": [
        0.03143639477667559,
        0.031588425107814816
    ],
    "Downstream Delay Avg": [
        0.0,
        0.0
    ],
    "Downstream Delay 95th Perc": [
        0.0,
        0.0
    ],
    "Downstream Delay Var": [
        0.0,
        0.0
    ],
    "RTT Avg": [
        0.0,
        0.0
    ],
    "RTT 95th Perc": [
        0.0,
        0.0
    ],
    "RTT Var": [
        0.0,
        0.0
    ]
}