{
    "Upstream PDR": [
        0.10200794412908151,
        0.10832566931629661
    ],
    "Downstream PDR": [
        0.18035515117202475,
        0.20761843024863344
    ],
    "TicToc PDR": [
        0.01882255244909481,
        0.02213543074418249
    ],
    "Packets retransmitted per node AVG": [
        0.0,
        0.0
    ],
    "Counter of retransmission per packet AVG": [
        0.0,
        0.0
    ],
    "Intertime of retransmissions AVG": [
        0.0,
        0.0
    ],
    "Packets delivered": [
        0.1309541483052332,
        0.13875649334461856
    ],
    "Packets lost due to noise": [
        0.06735958436499337,
        0.0705274808788684
    ],
    "Packets collided": [
        0.0,
        0.0
    ],
    "Destinatary out of range": [
        9.26562363642789e-06,
        4.0955782657823536e-05
    ],
    "Packets dropped": [
        0.0,
        0.0
    ],
    "Other causes of loss": [
        0.7908874881751891,
        0.8014645835248029
    ],
    "Queue MN Avg": [
        0.19499076073597996,
        0.1950013106689912
    ],
    "Queue MN Var": [
        1.00183723573351e-08,
        1.1610427063328673e-08
    ],
    "Queue BR Avg": [
        96.5772584466446,
        102.86911237729271
    ],
    "Queue BR Var": [
        9895.17720359939,
        12607.164475835414
    ],
    "Upstream Delay Avg": [
        0.38390310361313246,
        0.3847048690544625
    ],
    "Upstream Delay 95th Perc": [
        0.7281328635486979,
        0.728994659816445
    ],
    "Upstream Delay Var": [
        0.04865846009462514,
        0.04882241799303526
    ],
    "Downstream Delay Avg": [
        0.41041347120189964,
        0.4212396689996176
    ],
    "Downstream Delay 95th Perc": [
        0.4145228324514785,
        0.43510274833083173
    ],
    "Downstream Delay Var": [
        2.0850714469690217e-05,
        0.002992757082758106
    ],
    "RTT Avg": [
        1829.0583823092036,
        1955.9146773479067
    ],
    "RTT 95th Perc": [
        2852.6997398541157,
        2995.602361541231
    ],
    "RTT Var": [
        624799.5308749576,
        716650.5435843943
    ]
}