{
    "Upstream PDR": [
        0.9792906234381903,
        0.9835171076542465
    ],
    "Downstream PDR": [
        0.22778289443055,
        0.23881218777546365
    ],
    "TicToc PDR": [
        0.22349779449137264,
        0.23443094500442568
    ],
    "Packets retransmitted per node AVG": [
        0.0,
        0.0
    ],
    "Counter of retransmission per packet AVG": [
        0.0,
        0.0
    ],
    "Intertime of retransmissions AVG": [
        0.0,
        0.0
    ],
    "Packets delivered": [
        0.9763678924257149,
        0.9805516145345201
    ],
    "Packets lost due to noise": [
        0.016977643160204364,
        0.019125064948590814
    ],
    "Packets collided": [
        8.611466838484498e-05,
        0.0002478334002716142
    ],
    "Destinatary out of range": [
        -0.00012684461427655864,
        0.0007143087332217465
    ],
    "Packets dropped": [
        0.0,
        0.0
    ],
    "Other causes of loss": [
        0.001805936300574938,
        0.004250436442793206
    ],
    "Queue MN Avg": [
        0.47997697028411845,
        0.48002805914434765
    ],
    "Queue MN Var": [
        9.189652939356002e-07,
        9.855250082924362e-07
    ],
    "Queue BR Avg": [
        2104.683959159016,
        2139.7517353997455
    ],
    "Queue BR Var": [
        1975816.8599966532,
        2303907.0854717707
    ],
    "Upstream Delay Avg": [
        0.9536192460425393,
        0.9542205979383102
    ],
    "Upstream Delay 95th Perc": [
        1.8112165441260115,
        1.8114249888965597
    ],
    "Upstream Delay Var": [
        0.3023642073656459,
        0.30243232389639635
    ],
    "Downstream Delay Avg": [
        39.019172269902896,
        82.71097205350904
    ],
    "Downstream Delay 95th Perc": [
        70.21451311459944,
        149.95605256499505
    ],
    "Downstream Delay Var": [
        8966.085449156912,
        20279.59023479192
    ],
    "RTT Avg": [
        1758.2123595405217,
        1843.7397434350562
    ],
    "RTT 95th Perc": [
        3156.878306467504,
        3318.9949044101527
    ],
    "RTT Var": [
        874778.2820982559,
        927098.9904976258
    ]
}