{
    "Upstream PDR": [
        0.6709187689079635,
        0.6764855261433901
    ],
    "Downstream PDR": [
        0.0,
        0.0
    ],
    "TicToc PDR": [
        0.0,
        0.0
    ],
    "Packets retransmitted per node AVG": [
        0.0,
        0.0
    ],
    "Counter of retransmission per packet AVG": [
        0.0,
        0.0
    ],
    "Intertime of retransmissions AVG": [
        0.0,
        0.0
    ],
    "Packets delivered": [
        0.910617693059086,
        0.9181580780863704
    ],
    "Packets lost due to noise": [
        0.07211879534494686,
        0.07871416310314575
    ],
    "Packets collided": [
        0.0,
        0.0
    ],
    "Destinatary out of range": [
        0.0,
        0.0
    ],
    "Packets dropped": [
        0.0,
        0.0
    ],
    "Other causes of loss": [
        0.00860983915068798,
        0.01178143125576302
    ],
    "Queue MN Avg": [
        250.3353800695535,
        250.35513464201918
    ],
    "Queue MN Var": [
        0.08431907576793683,
        0.09024431896569131
    ],
    "Queue BR Avg": [
        0.0,
        0.0
    ],
    "Queue BR Var": [
        0.0,
        0.0
    ],
    "Upstream Delay Avg": [
        500.6414431400509,
        500.7657963951631
    ],
    "Upstream Delay 95th Perc": [
        903.6773044554325,
        903.77712155208
    ],
    "Upstream Delay Var": [
        66829.01614598694,
        66864.69293639131
    ],
    "Downstream Delay Avg": [
        0.0,
        0.0
    ],
    "Downstream Delay 95th Perc": [
        0.0,
        0.0
    ],
    "Downstream Delay Var": [
        0.0,
        0.0
    ],
    "RTT Avg": [
        0.0,
        0.0
    ],
    "RTT 95th Perc": [
        0.0,
        0.0
    ],
    "RTT Var": [
        0.0,
        0.0
    ]
}