{
    "Upstream PDR": [
        0.0819992102180838,
        0.0856391091096473
    ],
    "Downstream PDR": [
        0.16639250685680088,
        0.18771593539086337
    ],
    "TicToc PDR": [
        0.013911684508673814,
        0.015731004566956433
    ],
    "Packets retransmitted per node AVG": [
        0.0,
        0.0
    ],
    "Counter of retransmission per packet AVG": [
        0.0,
        0.0
    ],
    "Intertime of retransmissions AVG": [
        0.0,
        0.0
    ],
    "Packets delivered": [
        0.10080002621218083,
        0.10485498615172294
    ],
    "Packets lost due to noise": [
        0.06291339674310087,
        0.06498150086313309
    ],
    "Packets collided": [
        1.8074266025115757e-06,
        8.299867073811355e-06
    ],
    "Destinatary out of range": [
        4.1142260475357544e-05,
        7.867114144139815e-05
    ],
    "Packets dropped": [
        0.0,
        0.0
    ],
    "Other causes of loss": [
        0.8302351082636729,
        0.8360850610705962
    ],
    "Queue MN Avg": [
        0.47999597063625454,
        0.48004913285965656
    ],
    "Queue MN Var": [
        9.146088996748431e-07,
        9.914847097418629e-07
    ],
    "Queue BR Avg": [
        452.02388423273254,
        479.55065696488083
    ],
    "Queue BR Var": [
        173680.1119734614,
        217738.21992461343
    ],
    "Upstream Delay Avg": [
        0.9533852138234176,
        0.9551301358671134
    ],
    "Upstream Delay 95th Perc": [
        1.8112862289322194,
        1.8123808161081234
    ],
    "Upstream Delay Var": [
        0.30167732270194847,
        0.30273903678978975
    ],
    "Downstream Delay Avg": [
        1.2136394592591724,
        1.4587669038470683
    ],
    "Downstream Delay 95th Perc": [
        2.229036790307137,
        3.4053448972008376
    ],
    "Downstream Delay Var": [
        2.689496102860314,
        6.270220416090259
    ],
    "RTT Avg": [
        1881.4584504975671,
        1971.5245248249232
    ],
    "RTT 95th Perc": [
        2872.095551673587,
        2981.4246569816064
    ],
    "RTT Var": [
        609991.8956679069,
        675964.8504546711
    ]
}