{
    "Upstream PDR": [
        0.33141407017055335,
        0.33914391302272406
    ],
    "Downstream PDR": [
        0.0,
        0.0
    ],
    "TicToc PDR": [
        0.0,
        0.0
    ],
    "Packets retransmitted per node AVG": [
        0.0,
        0.0
    ],
    "Counter of retransmission per packet AVG": [
        0.0,
        0.0
    ],
    "Intertime of retransmissions AVG": [
        0.0,
        0.0
    ],
    "Packets delivered": [
        0.3316658980869441,
        0.33976916086603465
    ],
    "Packets lost due to noise": [
        0.09265594632725499,
        0.09631055698476376
    ],
    "Packets collided": [
        0.0,
        0.0
    ],
    "Destinatary out of range": [
        0.0,
        0.0
    ],
    "Packets dropped": [
        0.0,
        0.0
    ],
    "Other causes of loss": [
        0.5651256943249093,
        0.5744727434100932
    ],
    "Queue MN Avg": [
        0.30748964294796616,
        0.30749905659823645
    ],
    "Queue MN Var": [
        8.393614470788211e-09,
        9.409024567564552e-09
    ],
    "Queue BR Avg": [
        0.0,
        0.0
    ],
    "Queue BR Var": [
        0.0,
        0.0
    ],
    "Upstream Delay Avg": [
        0.6087733160601737,
        0.6095182199630903
    ],
    "Upstream Delay 95th Perc": [
        1.155816565896862,
        1.1562612991218235
    ],
    "Upstream Delay Var": [
        0.1229440944977132,
        0.12313216266026021
    ],
    "Downstream Delay Avg": [
        0.0,
        0.0
    ],
    "Downstream Delay 95th Perc": [
        0.0,
        0.0
    ],
    "Downstream Delay Var": [
        0.0,
        0.0
    ],
    "RTT Avg": [
        0.0,
        0.0
    ],
    "RTT 95th Perc": [
        0.0,
        0.0
    ],
    "RTT Var": [
        0.0,
        0.0
    ]
}