{
    "Upstream PDR": [
        0.9387457185221221,
        0.9503131050072898
    ],
    "Downstream PDR": [
        0.4806944591308851,
        0.5777318104461552
    ],
    "TicToc PDR": [
        0.45358693428468577,
        0.5476433178161545
    ],
    "Packets retransmitted per node AVG": [
        0.0,
        0.0
    ],
    "Counter of retransmission per packet AVG": [
        0.0,
        0.0
    ],
    "Intertime of retransmissions AVG": [
        0.0,
        0.0
    ],
    "Packets delivered": [
        0.9155638214439198,
        0.9331980122877143
    ],
    "Packets lost due to noise": [
        0.06078803707533984,
        0.07616084011950833
    ],
    "Packets collided": [
        0.0,
        0.0
    ],
    "Destinatary out of range": [
        8.47284299171049e-05,
        0.0005745697412307699
    ],
    "Packets dropped": [
        0.0,
        0.0
    ],
    "Other causes of loss": [
        0.005640903661345128,
        0.007989087241024782
    ],
    "Queue MN Avg": [
        0.05955156157010009,
        0.06027474043999404
    ],
    "Queue MN Var": [
        1.0583685379500295e-05,
        1.3855092312510868e-05
    ],
    "Queue BR Avg": [
        125.94926624682627,
        162.83682106702202
    ],
    "Queue BR Var": [
        94617.33900350591,
        135769.32948197058
    ],
    "Upstream Delay Avg": [
        0.11329938771109754,
        0.1148067668024279
    ],
    "Upstream Delay 95th Perc": [
        0.21434878539572974,
        0.21663085170461308
    ],
    "Upstream Delay Var": [
        0.004208512969622592,
        0.004220203774180661
    ],
    "Downstream Delay Avg": [
        0.1259533724503425,
        0.13049948188736654
    ],
    "Downstream Delay 95th Perc": [
        0.12641298177945645,
        0.13349926311850266
    ],
    "Downstream Delay Var": [
        -1.6985523873220738e-05,
        0.00019806745195716002
    ],
    "RTT Avg": [
        1560.5631764892291,
        1709.7083188775064
    ],
    "RTT 95th Perc": [
        2803.099748889633,
        3073.764034521643
    ],
    "RTT Var": [
        750126.6056064254,
        842729.6382725387
    ]
}