{
    "Upstream PDR": [
        0.10155770147521624,
        0.1090439791970527
    ],
    "Downstream PDR": [
        0.17620732743275164,
        0.2046784793592779
    ],
    "TicToc PDR": [
        0.018405792783508894,
        0.021894487328535932
    ],
    "Packets retransmitted per node AVG": [
        0.0,
        0.0
    ],
    "Counter of retransmission per packet AVG": [
        0.0,
        0.0
    ],
    "Intertime of retransmissions AVG": [
        0.0,
        0.0
    ],
    "Packets delivered": [
        0.1301992674287857,
        0.13918088954146532
    ],
    "Packets lost due to noise": [
        0.06815362891901322,
        0.07209120034763611
    ],
    "Packets collided": [
        -4.980125361410122e-07,
        1.535577578499605e-06
    ],
    "Destinatary out of range": [
        9.916110851187373e-06,
        2.3417527281274513e-05
    ],
    "Packets dropped": [
        0.0,
        0.0
    ],
    "Other causes of loss": [
        0.7889205970189008,
        0.8014200455410241
    ],
    "Queue MN Avg": [
        0.1499955260546501,
        0.1500035579760674
    ],
    "Queue MN Var": [
        4.1030846606052695e-09,
        4.9330117538738885e-09
    ],
    "Queue BR Avg": [
        103.34610633010753,
        111.27677295164968
    ],
    "Queue BR Var": [
        10507.573493023332,
        14624.82839178893
    ],
    "Upstream Delay Avg": [
        0.2936428402325392,
        0.29462185898209187
    ],
    "Upstream Delay 95th Perc": [
        0.5569564439135132,
        0.5576086969799726
    ],
    "Upstream Delay Var": [
        0.02843181494269988,
        0.02854047795086639
    ],
    "Downstream Delay Avg": [
        0.3043954980496644,
        0.3113965411670016
    ],
    "Downstream Delay 95th Perc": [
        0.30797888213061453,
        0.32494165503187367
    ],
    "Downstream Delay Var": [
        0.00013106748837430553,
        0.0012621078107962925
    ],
    "RTT Avg": [
        1866.9131368480591,
        1981.8868539084385
    ],
    "RTT 95th Perc": [
        2880.0002254109813,
        3044.063595470181
    ],
    "RTT Var": [
        637040.6200225599,
        738028.7527816015
    ]
}