{
    "Upstream PDR": [
        0.0831917772555372,
        0.08675518819731054
    ],
    "Downstream PDR": [
        0.16912772020014122,
        0.1891725776200111
    ],
    "TicToc PDR": [
        0.014313721628463057,
        0.016143421228679802
    ],
    "Packets retransmitted per node AVG": [
        0.0,
        0.0
    ],
    "Counter of retransmission per packet AVG": [
        0.0,
        0.0
    ],
    "Intertime of retransmissions AVG": [
        0.0,
        0.0
    ],
    "Packets delivered": [
        0.10222056156778711,
        0.1065545633729297
    ],
    "Packets lost due to noise": [
        0.06403513333593344,
        0.06604232267335897
    ],
    "Packets collided": [
        1.3273798566163566e-06,
        8.488959153794977e-06
    ],
    "Destinatary out of range": [
        4.8493156237751006e-05,
        0.00010311279322305787
    ],
    "Packets dropped": [
        0.0,
        0.0
    ],
    "Other causes of loss": [
        0.8275374067732935,
        0.8334485899882265
    ],
    "Queue MN Avg": [
        0.43483590064414746,
        0.435058344144155
    ],
    "Queue MN Var": [
        1.204827172217812e-05,
        1.291355906642608e-05
    ],
    "Queue BR Avg": [
        413.2637240815004,
        437.568591343702
    ],
    "Queue BR Var": [
        138266.38771162962,
        175509.41373777518
    ],
    "Upstream Delay Avg": [
        0.862926572772476,
        0.8647313095369618
    ],
    "Upstream Delay 95th Perc": [
        1.6391244414927892,
        1.6409574432749245
    ],
    "Upstream Delay Var": [
        0.2478502490814972,
        0.24845330969545512
    ],
    "Downstream Delay Avg": [
        1.072756462597697,
        1.290002457691675
    ],
    "Downstream Delay 95th Perc": [
        1.966376881113879,
        3.071490175795402
    ],
    "Downstream Delay Var": [
        1.8781013441159589,
        7.155860325895113
    ],
    "RTT Avg": [
        1865.85276702727,
        1964.857808669977
    ],
    "RTT 95th Perc": [
        2824.657252835674,
        2940.598840071088
    ],
    "RTT Var": [
        589317.2096805339,
        665944.403631752
    ]
}