{
    "Upstream PDR": [
        0.6455839145107397,
        0.6836043207833779
    ],
    "Downstream PDR": [
        0.2088074335693304,
        0.2482419910511265
    ],
    "TicToc PDR": [
        0.13773321791386336,
        0.16744325267437202
    ],
    "Packets retransmitted per node AVG": [
        0.0,
        0.0
    ],
    "Counter of retransmission per packet AVG": [
        0.0,
        0.0
    ],
    "Intertime of retransmissions AVG": [
        0.0,
        0.0
    ],
    "Packets delivered": [
        0.6700505105502682,
        0.7065163641594964
    ],
    "Packets lost due to noise": [
        0.12294183319538711,
        0.13725003578315392
    ],
    "Packets collided": [
        -2.4493303193514238e-06,
        1.4803487115923753e-05
    ],
    "Destinatary out of range": [
        0.00010743082097687572,
        0.001115219874635439
    ],
    "Packets dropped": [
        0.0,
        0.0
    ],
    "Other causes of loss": [
        0.16463381915335135,
        0.19737243230593393
    ],
    "Queue MN Avg": [
        0.19499634667614849,
        0.19500591593526737
    ],
    "Queue MN Var": [
        9.528689501664406e-09,
        1.1058789722628461e-08
    ],
    "Queue BR Avg": [
        1213.260962057083,
        1323.5826178430007
    ],
    "Queue BR Var": [
        1120455.5304685202,
        1477947.9915298577
    ],
    "Upstream Delay Avg": [
        0.3840231523452931,
        0.38439004256977766
    ],
    "Upstream Delay 95th Perc": [
        0.7281890926031551,
        0.7285849549044447
    ],
    "Upstream Delay Var": [
        0.04873885031958188,
        0.04877339042873249
    ],
    "Downstream Delay Avg": [
        0.4078189312529088,
        0.42950239021664516
    ],
    "Downstream Delay 95th Perc": [
        0.41732522025327873,
        0.4551226561000598
    ],
    "Downstream Delay Var": [
        0.002136107469254275,
        0.00726117932209142
    ],
    "RTT Avg": [
        1679.9642064313591,
        1789.4753467738217
    ],
    "RTT 95th Perc": [
        2969.0276636250037,
        3159.655465078449
    ],
    "RTT Var": [
        799965.6614745226,
        868587.0038752147
    ]
}