{
    "Upstream PDR": [
        0.09215853731367628,
        0.09724398369472707
    ],
    "Downstream PDR": [
        0.16779495692440655,
        0.19491986780488035
    ],
    "TicToc PDR": [
        0.0157822767844194,
        0.01858158876179908
    ],
    "Packets retransmitted per node AVG": [
        0.0,
        0.0
    ],
    "Counter of retransmission per packet AVG": [
        0.0,
        0.0
    ],
    "Intertime of retransmissions AVG": [
        0.0,
        0.0
    ],
    "Packets delivered": [
        0.11726038016912659,
        0.12315085060417776
    ],
    "Packets lost due to noise": [
        0.0640676269909118,
        0.06743448286009616
    ],
    "Packets collided": [
        0.0,
        0.0
    ],
    "Destinatary out of range": [
        7.930281483721863e-06,
        5.2446187129663116e-05
    ],
    "Packets dropped": [
        0.0,
        0.0
    ],
    "Other causes of loss": [
        0.8096012410542817,
        0.8184250418527925
    ],
    "Queue MN Avg": [
        0.19499076073597996,
        0.1950013106689912
    ],
    "Queue MN Var": [
        1.00183723573351e-08,
        1.1610427063328673e-08
    ],
    "Queue BR Avg": [
        127.23987357663641,
        137.6942366497315
    ],
    "Queue BR Var": [
        15927.985901893562,
        21582.089400113648
    ],
    "Upstream Delay Avg": [
        0.38359763287156184,
        0.38454881931002255
    ],
    "Upstream Delay 95th Perc": [
        0.7279372699266928,
        0.7287319021922785
    ],
    "Upstream Delay Var": [
        0.04870337960982497,
        0.04885839116249331
    ],
    "Downstream Delay Avg": [
        0.4045007617261662,
        0.4165076056935033
    ],
    "Downstream Delay 95th Perc": [
        0.40431099479898486,
        0.419290124707888
    ],
    "Downstream Delay Var": [
        7.743705062455438e-05,
        0.0009061966367672372
    ],
    "RTT Avg": [
        1851.1299528127538,
        1988.3084837608953
    ],
    "RTT 95th Perc": [
        2821.991365238484,
        2958.0638937540216
    ],
    "RTT Var": [
        574224.5106979903,
        675320.1898169579
    ]
}