{
    "Upstream PDR": [
        0.9822895327770947,
        0.9885496829091797
    ],
    "Downstream PDR": [
        0.0,
        0.0
    ],
    "TicToc PDR": [
        0.0,
        0.0
    ],
    "Packets retransmitted per node AVG": [
        0.0,
        0.0
    ],
    "Counter of retransmission per packet AVG": [
        0.0,
        0.0
    ],
    "Intertime of retransmissions AVG": [
        0.0,
        0.0
    ],
    "Packets delivered": [
        0.982463728204246,
        0.9887332984232661
    ],
    "Packets lost due to noise": [
        0.011301363685384227,
        0.014467002577358702
    ],
    "Packets collided": [
        0.0,
        0.0
    ],
    "Destinatary out of range": [
        0.0,
        0.0
    ],
    "Packets dropped": [
        0.0,
        0.0
    ],
    "Other causes of loss": [
        -0.0007047182045965754,
        0.0037393253143412964
    ],
    "Queue MN Avg": [
        0.4574984480833635,
        0.4575471746014492
    ],
    "Queue MN Var": [
        1.453043157775756e-07,
        1.7776850058072637e-07
    ],
    "Queue BR Avg": [
        0.0,
        0.0
    ],
    "Queue BR Var": [
        0.0,
        0.0
    ],
    "Upstream Delay Avg": [
        0.9091849300516253,
        0.9094544552833022
    ],
    "Upstream Delay 95th Perc": [
        1.72582132515841,
        1.7260600573627902
    ],
    "Upstream Delay Var": [
        0.27445289030023134,
        0.2745661701889286
    ],
    "Downstream Delay Avg": [
        0.0,
        0.0
    ],
    "Downstream Delay 95th Perc": [
        0.0,
        0.0
    ],
    "Downstream Delay Var": [
        0.0,
        0.0
    ],
    "RTT Avg": [
        0.0,
        0.0
    ],
    "RTT 95th Perc": [
        0.0,
        0.0
    ],
    "RTT Var": [
        0.0,
        0.0
    ]
}