{
    "Upstream PDR": [
        0.07898984588977867,
        0.08207149864803648
    ],
    "Downstream PDR": [
        0.1693745898189744,
        0.18941442183740298
    ],
    "TicToc PDR": [
        0.013578693973362567,
        0.015334751404788693
    ],
    "Packets retransmitted per node AVG": [
        0.0,
        0.0
    ],
    "Counter of retransmission per packet AVG": [
        0.0,
        0.0
    ],
    "Intertime of retransmissions AVG": [
        0.0,
        0.0
    ],
    "Packets delivered": [
        0.09938899993294631,
        0.10298475460189743
    ],
    "Packets lost due to noise": [
        0.058088332004412505,
        0.06003362853359298
    ],
    "Packets collided": [
        7.269556586307842e-07,
        3.616638629525072e-06
    ],
    "Destinatary out of range": [
        1.592774674399811e-05,
        4.339108243278656e-05
    ],
    "Packets dropped": [
        0.0,
        0.0
    ],
    "Other causes of loss": [
        0.8371113384792256,
        0.8423292840244604
    ],
    "Queue MN Avg": [
        0.3824793747361722,
        0.3825094918283297
    ],
    "Queue MN Var": [
        1.9615093197717422e-07,
        2.1494052943986008e-07
    ],
    "Queue BR Avg": [
        221.49413215404846,
        233.164616644973
    ],
    "Queue BR Var": [
        38370.01307779735,
        48881.31087695969
    ],
    "Upstream Delay Avg": [
        0.7580539304533999,
        0.7595372124825702
    ],
    "Upstream Delay 95th Perc": [
        1.4397878770094164,
        1.4412324552529843
    ],
    "Upstream Delay Var": [
        0.1909597522139341,
        0.19148646172643388
    ],
    "Downstream Delay Avg": [
        0.8328211043160437,
        0.9739818234965752
    ],
    "Downstream Delay 95th Perc": [
        1.0718701864885463,
        1.7835871053532146
    ],
    "Downstream Delay Var": [
        0.12293677323048469,
        2.3067737934978805
    ],
    "RTT Avg": [
        1909.5680460788437,
        1988.4605866123895
    ],
    "RTT 95th Perc": [
        2811.380007145603,
        2915.747293725996
    ],
    "RTT Var": [
        569682.7342552652,
        645066.6468744604
    ]
}