{
    "Upstream PDR": [
        0.13568973668573997,
        0.14509009524703315
    ],
    "Downstream PDR": [
        0.0,
        0.0
    ],
    "TicToc PDR": [
        0.0,
        0.0
    ],
    "Packets retransmitted per node AVG": [
        0.0,
        0.0
    ],
    "Counter of retransmission per packet AVG": [
        0.0,
        0.0
    ],
    "Intertime of retransmissions AVG": [
        0.0,
        0.0
    ],
    "Packets delivered": [
        0.15031431506309492,
        0.15972970829390534
    ],
    "Packets lost due to noise": [
        0.07781618453376082,
        0.08321126389952727
    ],
    "Packets collided": [
        0.0,
        0.0
    ],
    "Destinatary out of range": [
        0.0,
        0.0
    ],
    "Packets dropped": [
        0.0,
        0.0
    ],
    "Other causes of loss": [
        0.7575767457897576,
        0.7713517824199542
    ],
    "Queue MN Avg": [
        0.15747855065443,
        0.1575202329552226
    ],
    "Queue MN Var": [
        5.3866965620489645e-08,
        6.466604034416748e-08
    ],
    "Queue BR Avg": [
        0.0,
        0.0
    ],
    "Queue BR Var": [
        0.0,
        0.0
    ],
    "Upstream Delay Avg": [
        0.3089105708328235,
        0.31040653222213255
    ],
    "Upstream Delay 95th Perc": [
        0.5857628388546616,
        0.5874618490620238
    ],
    "Upstream Delay Var": [
        0.03143821024851331,
        0.031585678975438326
    ],
    "Downstream Delay Avg": [
        0.0,
        0.0
    ],
    "Downstream Delay 95th Perc": [
        0.0,
        0.0
    ],
    "Downstream Delay Var": [
        0.0,
        0.0
    ],
    "RTT Avg": [
        0.0,
        0.0
    ],
    "RTT 95th Perc": [
        0.0,
        0.0
    ],
    "RTT Var": [
        0.0,
        0.0
    ]
}