{
    "Upstream PDR": [
        0.21343146878806885,
        0.22104824309668486
    ],
    "Downstream PDR": [
        0.0,
        0.0
    ],
    "TicToc PDR": [
        0.0,
        0.0
    ],
    "Packets retransmitted per node AVG": [
        0.0,
        0.0
    ],
    "Counter of retransmission per packet AVG": [
        0.0,
        0.0
    ],
    "Intertime of retransmissions AVG": [
        0.0,
        0.0
    ],
    "Packets delivered": [
        0.22243326822643655,
        0.23034137605676602
    ],
    "Packets lost due to noise": [
        0.09539170437055197,
        0.09860107655915828
    ],
    "Packets collided": [
        -2.147622308901221e-06,
        8.493365826399623e-06
    ],
    "Destinatary out of range": [
        -1.308106695111804e-05,
        7.068048344562282e-05
    ],
    "Packets dropped": [
        0.0,
        0.0
    ],
    "Other causes of loss": [
        0.6720371720251542,
        0.6811314576019211
    ],
    "Queue MN Avg": [
        52.05923094725693,
        52.083212766978086
    ],
    "Queue MN Var": [
        0.07819453068735056,
        0.08432165636166201
    ],
    "Queue BR Avg": [
        0.0,
        0.0
    ],
    "Queue BR Var": [
        0.0,
        0.0
    ],
    "Upstream Delay Avg": [
        103.92998874199365,
        104.07014532267446
    ],
    "Upstream Delay 95th Perc": [
        186.98852340811726,
        187.62672911395134
    ],
    "Upstream Delay Var": [
        2825.0855243612264,
        2836.7747788705087
    ],
    "Downstream Delay Avg": [
        0.0,
        0.0
    ],
    "Downstream Delay 95th Perc": [
        0.0,
        0.0
    ],
    "Downstream Delay Var": [
        0.0,
        0.0
    ],
    "RTT Avg": [
        0.0,
        0.0
    ],
    "RTT 95th Perc": [
        0.0,
        0.0
    ],
    "RTT Var": [
        0.0,
        0.0
    ]
}