{
    "Upstream PDR": [
        0.9814932598200289,
        0.9862426345377141
    ],
    "Downstream PDR": [
        0.24752213774447365,
        0.26532437737752695
    ],
    "TicToc PDR": [
        0.24344426529802154,
        0.2611612569108619
    ],
    "Packets retransmitted per node AVG": [
        0.0,
        0.0
    ],
    "Counter of retransmission per packet AVG": [
        0.0,
        0.0
    ],
    "Intertime of retransmissions AVG": [
        0.0,
        0.0
    ],
    "Packets delivered": [
        0.976790986286189,
        0.9819889063057081
    ],
    "Packets lost due to noise": [
        0.015853025095837962,
        0.018141973192620217
    ],
    "Packets collided": [
        7.681022627840522e-06,
        0.00011686823295964353
    ],
    "Destinatary out of range": [
        -4.747395992119193e-05,
        0.0014307048071944132
    ],
    "Packets dropped": [
        0.0,
        0.0
    ],
    "Other causes of loss": [
        0.0013787895575566608,
        0.00433853945922784
    ],
    "Queue MN Avg": [
        0.33731036706544,
        0.33759851351891007
    ],
    "Queue MN Var": [
        1.2311086574371508e-05,
        1.3116948345820038e-05
    ],
    "Queue BR Avg": [
        1409.0127712483063,
        1448.918267349486
    ],
    "Queue BR Var": [
        1386704.723323323,
        1607393.4170146154
    ],
    "Upstream Delay Avg": [
        0.6682400701437371,
        0.6691605983900276
    ],
    "Upstream Delay 95th Perc": [
        1.2696050439008528,
        1.2700461708089181
    ],
    "Upstream Delay Var": [
        0.14849645159683825,
        0.1486147214513013
    ],
    "Downstream Delay Avg": [
        16.16468396580502,
        34.14099427499147
    ],
    "Downstream Delay 95th Perc": [
        28.54397039933665,
        61.132901842885836
    ],
    "Downstream Delay Var": [
        1728.0518645962422,
        3862.18473062666
    ],
    "RTT Avg": [
        1696.8625005894164,
        1800.1450316534674
    ],
    "RTT 95th Perc": [
        3043.5425085534807,
        3240.076872096023
    ],
    "RTT Var": [
        836487.4750793963,
        902151.7720522953
    ]
}