{
    "Upstream PDR": [
        0.0824456287991562,
        0.08675269052857493
    ],
    "Downstream PDR": [
        0.0,
        0.0
    ],
    "TicToc PDR": [
        0.0,
        0.0
    ],
    "Packets retransmitted per node AVG": [
        0.0,
        0.0
    ],
    "Counter of retransmission per packet AVG": [
        0.0,
        0.0
    ],
    "Intertime of retransmissions AVG": [
        0.0,
        0.0
    ],
    "Packets delivered": [
        0.08983986132308991,
        0.09400483983232097
    ],
    "Packets lost due to noise": [
        0.057628517498410914,
        0.060140533438919896
    ],
    "Packets collided": [
        -2.1972621460890797e-06,
        1.5122454121985372e-05
    ],
    "Destinatary out of range": [
        -3.1297622665307663e-06,
        3.3288455568080205e-05
    ],
    "Packets dropped": [
        0.0,
        0.0
    ],
    "Other causes of loss": [
        0.8460042572443427,
        0.8523389067776381
    ],
    "Queue MN Avg": [
        0.457504392146632,
        0.45753513108046523
    ],
    "Queue MN Var": [
        1.584119622308194e-07,
        1.76279631367771e-07
    ],
    "Queue BR Avg": [
        0.0,
        0.0
    ],
    "Queue BR Var": [
        0.0,
        0.0
    ],
    "Upstream Delay Avg": [
        0.908082604398115,
        0.9095398691662098
    ],
    "Upstream Delay 95th Perc": [
        1.7250397088337275,
        1.7267708610286152
    ],
    "Upstream Delay Var": [
        0.2742719367195785,
        0.27496162768424726
    ],
    "Downstream Delay Avg": [
        0.0,
        0.0
    ],
    "Downstream Delay 95th Perc": [
        0.0,
        0.0
    ],
    "Downstream Delay Var": [
        0.0,
        0.0
    ],
    "RTT Avg": [
        0.0,
        0.0
    ],
    "RTT 95th Perc": [
        0.0,
        0.0
    ],
    "RTT Var": [
        0.0,
        0.0
    ]
}