{
    "Upstream PDR": [
        0.2679262650684835,
        0.2731560878726932
    ],
    "Downstream PDR": [
        0.1977208699330653,
        0.21280976801121715
    ],
    "TicToc PDR": [
        0.05337075192383646,
        0.05773801158156569
    ],
    "Packets retransmitted per node AVG": [
        0.0,
        0.0
    ],
    "Counter of retransmission per packet AVG": [
        0.0,
        0.0
    ],
    "Intertime of retransmissions AVG": [
        0.0,
        0.0
    ],
    "Packets delivered": [
        0.3008558037676004,
        0.3074121565233892
    ],
    "Packets lost due to noise": [
        0.09412239192482827,
        0.09670645430870439
    ],
    "Packets collided": [
        8.745328125633903e-06,
        3.8934421402776576e-05
    ],
    "Destinatary out of range": [
        1.0793160616718632e-05,
        0.00010670048722249198
    ],
    "Packets dropped": [
        0.0,
        0.0
    ],
    "Other causes of loss": [
        0.5967116230097604,
        0.6040263970683497
    ],
    "Queue MN Avg": [
        0.33751424891830906,
        0.3377360420339369
    ],
    "Queue MN Var": [
        1.2138307035648525e-05,
        1.2926218360379188e-05
    ],
    "Queue BR Avg": [
        575.3763916814895,
        593.0220775028926
    ],
    "Queue BR Var": [
        140294.5084230524,
        173195.37458073968
    ],
    "Upstream Delay Avg": [
        0.6688009318620165,
        0.670220923075177
    ],
    "Upstream Delay 95th Perc": [
        1.269295277044663,
        1.2714466370446507
    ],
    "Upstream Delay Var": [
        0.14846617749236649,
        0.14870676115791867
    ],
    "Downstream Delay Avg": [
        0.930475212661903,
        1.2038455131962325
    ],
    "Downstream Delay 95th Perc": [
        1.3855956342688014,
        2.114135793196045
    ],
    "Downstream Delay Var": [
        0.8105092088165216,
        1.9235379377652402
    ],
    "RTT Avg": [
        1875.282221729596,
        1886.6191110166076
    ],
    "RTT 95th Perc": [
        3380.209066295951,
        3404.689756261363
    ],
    "RTT Var": [
        937256.7403002632,
        951234.0268868025
    ]
}