{
    "Upstream PDR": [
        0.9895804128807802,
        0.9921181865589964
    ],
    "Downstream PDR": [
        0.3325817221400913,
        0.37551905302686495
    ],
    "TicToc PDR": [
        0.32942066961134575,
        0.3723653247864135
    ],
    "Packets retransmitted per node AVG": [
        0.0,
        0.0
    ],
    "Counter of retransmission per packet AVG": [
        0.0,
        0.0
    ],
    "Intertime of retransmissions AVG": [
        0.0,
        0.0
    ],
    "Packets delivered": [
        0.9796475401678622,
        0.9844909196104814
    ],
    "Packets lost due to noise": [
        0.012894472688299102,
        0.016431326788170667
    ],
    "Packets collided": [
        -4.09385786892019e-05,
        0.00020071861430753747
    ],
    "Destinatary out of range": [
        -0.00016411768093552994,
        0.0011752557951290972
    ],
    "Packets dropped": [
        0.0,
        0.0
    ],
    "Other causes of loss": [
        0.0010662038582530979,
        0.004298618737121034
    ],
    "Queue MN Avg": [
        0.14999805959172213,
        0.15000450344082455
    ],
    "Queue MN Var": [
        4.023114865995666e-09,
        4.549210432740564e-09
    ],
    "Queue BR Avg": [
        485.7459396817927,
        525.1220359192054
    ],
    "Queue BR Var": [
        443708.0206931829,
        539611.0205130124
    ],
    "Upstream Delay Avg": [
        0.2941487511472686,
        0.2943162963200816
    ],
    "Upstream Delay 95th Perc": [
        0.5573767288931857,
        0.5575771451582432
    ],
    "Upstream Delay Var": [
        0.028516466486742338,
        0.028523412970745253
    ],
    "Downstream Delay Avg": [
        0.30073226511359746,
        0.31171321861569196
    ],
    "Downstream Delay 95th Perc": [
        0.3021101544729349,
        0.31734802562088504
    ],
    "Downstream Delay Var": [
        0.0001521451250632408,
        0.0015157359247496508
    ],
    "RTT Avg": [
        1447.92707672451,
        1542.5639004814532
    ],
    "RTT 95th Perc": [
        2579.7668739389055,
        2757.7053535654186
    ],
    "RTT Var": [
        670188.3580147532,
        728696.4052524389
    ]
}