{
    "Upstream PDR": [
        0.08108946196123082,
        0.08622272291271876
    ],
    "Downstream PDR": [
        0.17100237346345146,
        0.18996626940829545
    ],
    "TicToc PDR": [
        0.01418858914335911,
        0.01597905791546441
    ],
    "Packets retransmitted per node AVG": [
        0.0,
        0.0
    ],
    "Counter of retransmission per packet AVG": [
        0.0,
        0.0
    ],
    "Intertime of retransmissions AVG": [
        0.0,
        0.0
    ],
    "Packets delivered": [
        0.10367986350527986,
        0.10948191945253397
    ],
    "Packets lost due to noise": [
        0.05859065059114821,
        0.06124548860798132
    ],
    "Packets collided": [
        1.510940054551919e-06,
        9.92063184141586e-06
    ],
    "Destinatary out of range": [
        1.3400934070938781e-05,
        3.479090289345307e-05
    ],
    "Packets dropped": [
        0.0,
        0.0
    ],
    "Other causes of loss": [
        0.8293286613465009,
        0.8376137930876951
    ],
    "Queue MN Avg": [
        0.3824793747361722,
        0.3825094918283297
    ],
    "Queue MN Var": [
        1.9615093197717422e-07,
        2.1494052943986008e-07
    ],
    "Queue BR Avg": [
        161.64060499903323,
        172.55545783889679
    ],
    "Queue BR Var": [
        21935.476778667147,
        26939.812733818468
    ],
    "Upstream Delay Avg": [
        0.758893346072054,
        0.7605315091232071
    ],
    "Upstream Delay 95th Perc": [
        1.4403369770563528,
        1.4419507602010186
    ],
    "Upstream Delay Var": [
        0.19087596740068843,
        0.1914727317642089
    ],
    "Downstream Delay Avg": [
        0.8097724802803625,
        0.8837452328510631
    ],
    "Downstream Delay 95th Perc": [
        0.9386752387284172,
        1.3469811512844927
    ],
    "Downstream Delay Var": [
        0.11920289025882935,
        0.975392274203116
    ],
    "RTT Avg": [
        1842.8333578218023,
        1954.397961764141
    ],
    "RTT 95th Perc": [
        2776.5687489739316,
        2884.200253867762
    ],
    "RTT Var": [
        574316.0433219696,
        638896.8761772561
    ]
}