{
    "Upstream PDR": [
        0.9887859248835664,
        0.9918348034077504
    ],
    "Downstream PDR": [
        0.0,
        0.0
    ],
    "TicToc PDR": [
        0.0,
        0.0
    ],
    "Packets retransmitted per node AVG": [
        0.0,
        0.0
    ],
    "Counter of retransmission per packet AVG": [
        0.0,
        0.0
    ],
    "Intertime of retransmissions AVG": [
        0.0,
        0.0
    ],
    "Packets delivered": [
        0.9887696835593517,
        0.9918243250969389
    ],
    "Packets lost due to noise": [
        0.007988789918391775,
        0.010884159040716181
    ],
    "Packets collided": [
        0.0,
        0.0
    ],
    "Destinatary out of range": [
        0.0,
        0.0
    ],
    "Packets dropped": [
        0.0,
        0.0
    ],
    "Other causes of loss": [
        0.00017903569285705043,
        0.0003540066917448294
    ],
    "Queue MN Avg": [
        0.23249017250732745,
        0.23250239679819673
    ],
    "Queue MN Var": [
        1.3764274990068042e-08,
        1.5411592082934003e-08
    ],
    "Queue BR Avg": [
        0.0,
        0.0
    ],
    "Queue BR Var": [
        0.0,
        0.0
    ],
    "Upstream Delay Avg": [
        0.4590930540538065,
        0.45928680372443764
    ],
    "Upstream Delay 95th Perc": [
        0.8708429568892644,
        0.8710482992745643
    ],
    "Upstream Delay Var": [
        0.06975813592823217,
        0.06977580852632316
    ],
    "Downstream Delay Avg": [
        0.0,
        0.0
    ],
    "Downstream Delay 95th Perc": [
        0.0,
        0.0
    ],
    "Downstream Delay Var": [
        0.0,
        0.0
    ],
    "RTT Avg": [
        0.0,
        0.0
    ],
    "RTT 95th Perc": [
        0.0,
        0.0
    ],
    "RTT Var": [
        0.0,
        0.0
    ]
}