{
    "Upstream PDR": [
        0.28489041672918675,
        0.2917193311699729
    ],
    "Downstream PDR": [
        0.0,
        0.0
    ],
    "TicToc PDR": [
        0.0,
        0.0
    ],
    "Packets retransmitted per node AVG": [
        0.0,
        0.0
    ],
    "Counter of retransmission per packet AVG": [
        0.0,
        0.0
    ],
    "Intertime of retransmissions AVG": [
        0.0,
        0.0
    ],
    "Packets delivered": [
        0.2839894393910888,
        0.29082448359206003
    ],
    "Packets lost due to noise": [
        0.09432171875828613,
        0.0982141266854229
    ],
    "Packets collided": [
        0.0,
        0.0
    ],
    "Destinatary out of range": [
        -4.895896781972369e-06,
        3.0098758407885154e-05
    ],
    "Packets dropped": [
        0.0,
        0.0
    ],
    "Other causes of loss": [
        0.6120993947514496,
        0.6205256339600665
    ],
    "Queue MN Avg": [
        0.38248288147782633,
        0.38253532151749664
    ],
    "Queue MN Var": [
        1.9186512590993714e-07,
        2.1814591707158926e-07
    ],
    "Queue BR Avg": [
        0.0,
        0.0
    ],
    "Queue BR Var": [
        0.0,
        0.0
    ],
    "Upstream Delay Avg": [
        0.7583034136955379,
        0.7590804479431642
    ],
    "Upstream Delay 95th Perc": [
        1.4405143371073816,
        1.441290957055304
    ],
    "Upstream Delay Var": [
        0.19111904163506216,
        0.1914445074544983
    ],
    "Downstream Delay Avg": [
        0.0,
        0.0
    ],
    "Downstream Delay 95th Perc": [
        0.0,
        0.0
    ],
    "Downstream Delay Var": [
        0.0,
        0.0
    ],
    "RTT Avg": [
        0.0,
        0.0
    ],
    "RTT 95th Perc": [
        0.0,
        0.0
    ],
    "RTT Var": [
        0.0,
        0.0
    ]
}