{
    "Upstream PDR": [
        0.08435900237895769,
        0.08933713207482383
    ],
    "Downstream PDR": [
        0.1878812843657598,
        0.2124297881153674
    ],
    "TicToc PDR": [
        0.016182851320333893,
        0.018633283133447632
    ],
    "Packets retransmitted per node AVG": [
        0.0,
        0.0
    ],
    "Counter of retransmission per packet AVG": [
        0.0,
        0.0
    ],
    "Intertime of retransmissions AVG": [
        0.0,
        0.0
    ],
    "Packets delivered": [
        0.10906717133655953,
        0.115055917653747
    ],
    "Packets lost due to noise": [
        0.061436138337629835,
        0.06410850331661996
    ],
    "Packets collided": [
        -1.532297447632775e-06,
        5.9409758286694825e-06
    ],
    "Destinatary out of range": [
        1.0975644535782563e-05,
        4.25262543424813e-05
    ],
    "Packets dropped": [
        0.0,
        0.0
    ],
    "Other causes of loss": [
        0.8209294323441156,
        0.8293449264340689
    ],
    "Queue MN Avg": [
        0.2473062205847255,
        0.24764591919009665
    ],
    "Queue MN Var": [
        1.2187247441412089e-05,
        1.3166661025328222e-05
    ],
    "Queue BR Avg": [
        141.33851550952326,
        150.7625136732607
    ],
    "Queue BR Var": [
        18571.836304819684,
        24343.185804231944
    ],
    "Upstream Delay Avg": [
        0.4885388677241341,
        0.48974085241297144
    ],
    "Upstream Delay 95th Perc": [
        0.9274032702383392,
        0.9282726339163465
    ],
    "Upstream Delay Var": [
        0.07899339559790024,
        0.07926639617451196
    ],
    "Downstream Delay Avg": [
        0.5042643659549593,
        0.5191379625368162
    ],
    "Downstream Delay 95th Perc": [
        0.5110408846459328,
        0.5599420157376639
    ],
    "Downstream Delay Var": [
        -0.0006995529707258859,
        0.011726235389351967
    ],
    "RTT Avg": [
        1885.4842965597595,
        2006.6871527385483
    ],
    "RTT 95th Perc": [
        2819.644843532802,
        2961.6836523103457
    ],
    "RTT Var": [
        592602.1440091124,
        684770.883735199
    ]
}