{
    "Upstream PDR": [
        0.231525295613395,
        0.24287335984878985
    ],
    "Downstream PDR": [
        0.0,
        0.0
    ],
    "TicToc PDR": [
        0.0,
        0.0
    ],
    "Packets retransmitted per node AVG": [
        0.0,
        0.0
    ],
    "Counter of retransmission per packet AVG": [
        0.0,
        0.0
    ],
    "Intertime of retransmissions AVG": [
        0.0,
        0.0
    ],
    "Packets delivered": [
        0.22861612486681862,
        0.23984896849099727
    ],
    "Packets lost due to noise": [
        0.09751748357750574,
        0.10115868022218143
    ],
    "Packets collided": [
        0.0,
        0.0
    ],
    "Destinatary out of range": [
        -9.003933597781973e-06,
        5.6178420868056175e-05
    ],
    "Packets dropped": [
        0.0,
        0.0
    ],
    "Other causes of loss": [
        0.6600820154268084,
        0.6727295529284182
    ],
    "Queue MN Avg": [
        0.38248288147782633,
        0.38253532151749664
    ],
    "Queue MN Var": [
        1.9186512590993714e-07,
        2.1814591707158926e-07
    ],
    "Queue BR Avg": [
        0.0,
        0.0
    ],
    "Queue BR Var": [
        0.0,
        0.0
    ],
    "Upstream Delay Avg": [
        0.7593077053526196,
        0.7604209208118247
    ],
    "Upstream Delay 95th Perc": [
        1.4406451829535696,
        1.4417178438047737
    ],
    "Upstream Delay Var": [
        0.19116751386616096,
        0.19151456418070087
    ],
    "Downstream Delay Avg": [
        0.0,
        0.0
    ],
    "Downstream Delay 95th Perc": [
        0.0,
        0.0
    ],
    "Downstream Delay Var": [
        0.0,
        0.0
    ],
    "RTT Avg": [
        0.0,
        0.0
    ],
    "RTT 95th Perc": [
        0.0,
        0.0
    ],
    "RTT Var": [
        0.0,
        0.0
    ]
}