{
    "Upstream PDR": [
        0.21670957783776484,
        0.2336063885487898
    ],
    "Downstream PDR": [
        0.0,
        0.0
    ],
    "TicToc PDR": [
        0.0,
        0.0
    ],
    "Packets retransmitted per node AVG": [
        0.0,
        0.0
    ],
    "Counter of retransmission per packet AVG": [
        0.0,
        0.0
    ],
    "Intertime of retransmissions AVG": [
        0.0,
        0.0
    ],
    "Packets delivered": [
        0.23637508920427897,
        0.25276107371069145
    ],
    "Packets lost due to noise": [
        0.10823504334772224,
        0.11581206676165079
    ],
    "Packets collided": [
        0.0,
        0.0
    ],
    "Destinatary out of range": [
        0.0,
        0.0
    ],
    "Packets dropped": [
        0.0,
        0.0
    ],
    "Other causes of loss": [
        0.6326923234393778,
        0.6541244035362788
    ],
    "Queue MN Avg": [
        0.08249808292477563,
        0.08250494859666664
    ],
    "Queue MN Var": [
        6.181271650993291e-10,
        7.669897320138101e-10
    ],
    "Queue BR Avg": [
        0.0,
        0.0
    ],
    "Queue BR Var": [
        0.0,
        0.0
    ],
    "Upstream Delay Avg": [
        0.15897837104187165,
        0.15957780684303943
    ],
    "Upstream Delay 95th Perc": [
        0.30032614098359145,
        0.3008739336988656
    ],
    "Upstream Delay Var": [
        0.008230450140805166,
        0.008264304341735144
    ],
    "Downstream Delay Avg": [
        0.0,
        0.0
    ],
    "Downstream Delay 95th Perc": [
        0.0,
        0.0
    ],
    "Downstream Delay Var": [
        0.0,
        0.0
    ],
    "RTT Avg": [
        0.0,
        0.0
    ],
    "RTT 95th Perc": [
        0.0,
        0.0
    ],
    "RTT Var": [
        0.0,
        0.0
    ]
}