{
    "Upstream PDR": [
        0.9168888567806609,
        0.9260876138075748
    ],
    "Downstream PDR": [
        0.21216174824387338,
        0.23273499302156245
    ],
    "TicToc PDR": [
        0.19538725758085895,
        0.21466652393174612
    ],
    "Packets retransmitted per node AVG": [
        0.0,
        0.0
    ],
    "Counter of retransmission per packet AVG": [
        0.0,
        0.0
    ],
    "Intertime of retransmissions AVG": [
        0.0,
        0.0
    ],
    "Packets delivered": [
        0.9106850493696427,
        0.9201015124608373
    ],
    "Packets lost due to noise": [
        0.07057936427999639,
        0.07848135185938546
    ],
    "Packets collided": [
        7.970556273903656e-06,
        0.0001111930771364527
    ],
    "Destinatary out of range": [
        6.562008864590359e-05,
        0.0002462725807211673
    ],
    "Packets dropped": [
        0.0,
        0.0
    ],
    "Other causes of loss": [
        0.00833059451271225,
        0.011391071214648866
    ],
    "Queue MN Avg": [
        0.29249408683742373,
        0.2925131631834389
    ],
    "Queue MN Var": [
        2.7611529359779575e-08,
        3.0123840672367713e-08
    ],
    "Queue BR Avg": [
        1658.9270981261443,
        1711.5008466984727
    ],
    "Queue BR Var": [
        1528173.5761789863,
        1889019.3676691123
    ],
    "Upstream Delay Avg": [
        0.5786042700828823,
        0.5792960854802341
    ],
    "Upstream Delay 95th Perc": [
        1.0987751160546195,
        1.0990650982924661
    ],
    "Upstream Delay Var": [
        0.11113754930856926,
        0.11118848690429056
    ],
    "Downstream Delay Avg": [
        5.736701855669965,
        15.731033477269103
    ],
    "Downstream Delay 95th Perc": [
        9.83652137234776,
        27.83871399949136
    ],
    "Downstream Delay Var": [
        253.50579369294883,
        868.3420800385031
    ],
    "RTT Avg": [
        1713.6743932423662,
        1813.0946473987672
    ],
    "RTT 95th Perc": [
        3064.9496259852235,
        3254.084558611667
    ],
    "RTT Var": [
        840367.4168222009,
        902736.2312193331
    ]
}