{
    "Upstream PDR": [
        0.28117501402706485,
        0.2859902520793777
    ],
    "Downstream PDR": [
        0.20423541469806034,
        0.21591293086138486
    ],
    "TicToc PDR": [
        0.05796132908473115,
        0.0611083254437469
    ],
    "Packets retransmitted per node AVG": [
        0.0,
        0.0
    ],
    "Counter of retransmission per packet AVG": [
        0.0,
        0.0
    ],
    "Intertime of retransmissions AVG": [
        0.0,
        0.0
    ],
    "Packets delivered": [
        0.3167591204542557,
        0.32187194263502306
    ],
    "Packets lost due to noise": [
        0.08829716596086236,
        0.0900337501678299
    ],
    "Packets collided": [
        3.3284428636751705e-05,
        9.318553674790106e-05
    ],
    "Destinatary out of range": [
        1.2044542455476326e-05,
        0.00017358552949774396
    ],
    "Packets dropped": [
        0.0,
        0.0
    ],
    "Other causes of loss": [
        0.5886703932475227,
        0.5940555274971681
    ],
    "Queue MN Avg": [
        0.43484675354392893,
        0.43506023918102726
    ],
    "Queue MN Var": [
        1.2346785533160624e-05,
        1.2928164660655488e-05
    ],
    "Queue BR Avg": [
        541.4197016972471,
        557.7435400816239
    ],
    "Queue BR Var": [
        131423.82934360413,
        154502.13673770285
    ],
    "Upstream Delay Avg": [
        0.8634505126589679,
        0.8643256509662661
    ],
    "Upstream Delay 95th Perc": [
        1.6395411732571363,
        1.64050796784355
    ],
    "Upstream Delay Var": [
        0.2478510021011714,
        0.2481822207045179
    ],
    "Downstream Delay Avg": [
        1.3200582268166288,
        1.7681917650937
    ],
    "Downstream Delay 95th Perc": [
        2.1845186910758496,
        3.376631584758716
    ],
    "Downstream Delay Var": [
        2.578918892437298,
        5.670566388642368
    ],
    "RTT Avg": [
        1867.986895982283,
        1880.7621855627567
    ],
    "RTT 95th Perc": [
        3363.8104886373835,
        3391.5653564532918
    ],
    "RTT Var": [
        927799.089195733,
        938220.9123307902
    ]
}