{
    "Upstream PDR": [
        0.19206487093013835,
        0.19552653896715394
    ],
    "Downstream PDR": [
        0.0,
        0.0
    ],
    "TicToc PDR": [
        0.0,
        0.0
    ],
    "Packets retransmitted per node AVG": [
        0.0,
        0.0
    ],
    "Counter of retransmission per packet AVG": [
        0.0,
        0.0
    ],
    "Intertime of retransmissions AVG": [
        0.0,
        0.0
    ],
    "Packets delivered": [
        0.25862536986737633,
        0.2633448456364837
    ],
    "Packets lost due to noise": [
        0.09206054698898739,
        0.09405335251514726
    ],
    "Packets collided": [
        0.0,
        0.0
    ],
    "Destinatary out of range": [
        -3.508614646603659e-05,
        0.00010818502732217067
    ],
    "Packets dropped": [
        0.0,
        0.0
    ],
    "Other causes of loss": [
        0.6435735172404192,
        0.64826926887073
    ],
    "Queue MN Avg": [
        250.33430621632004,
        250.35159096906636
    ],
    "Queue MN Var": [
        0.08496164770994838,
        0.09064105922066223
    ],
    "Queue BR Avg": [
        0.0,
        0.0
    ],
    "Queue BR Var": [
        0.0,
        0.0
    ],
    "Upstream Delay Avg": [
        497.5815667243423,
        498.1676280367047
    ],
    "Upstream Delay 95th Perc": [
        894.9629905642829,
        897.5520046417133
    ],
    "Upstream Delay Var": [
        65670.19102474037,
        65950.4780919851
    ],
    "Downstream Delay Avg": [
        0.0,
        0.0
    ],
    "Downstream Delay 95th Perc": [
        0.0,
        0.0
    ],
    "Downstream Delay Var": [
        0.0,
        0.0
    ],
    "RTT Avg": [
        0.0,
        0.0
    ],
    "RTT 95th Perc": [
        0.0,
        0.0
    ],
    "RTT Var": [
        0.0,
        0.0
    ]
}