{
    "Upstream PDR": [
        0.9820862422925567,
        0.9869888277354544
    ],
    "Downstream PDR": [
        0.24349510677831726,
        0.2659128564297653
    ],
    "TicToc PDR": [
        0.23966953072716676,
        0.2619041387406205
    ],
    "Packets retransmitted per node AVG": [
        0.0,
        0.0
    ],
    "Counter of retransmission per packet AVG": [
        0.0,
        0.0
    ],
    "Intertime of retransmissions AVG": [
        0.0,
        0.0
    ],
    "Packets delivered": [
        0.9780382250106954,
        0.9824761670265905
    ],
    "Packets lost due to noise": [
        0.01503226415395355,
        0.017904826092366686
    ],
    "Packets collided": [
        -2.6597042218659507e-06,
        9.914557994511044e-05
    ],
    "Destinatary out of range": [
        -2.7310335541248657e-05,
        0.0010261451438288737
    ],
    "Packets dropped": [
        0.0,
        0.0
    ],
    "Other causes of loss": [
        0.00127010224479706,
        0.004183094787586055
    ],
    "Queue MN Avg": [
        0.29249408683742373,
        0.2925131631834389
    ],
    "Queue MN Var": [
        2.7611529359779575e-08,
        3.0123840672367713e-08
    ],
    "Queue BR Avg": [
        1197.8690468509737,
        1240.9072933926534
    ],
    "Queue BR Var": [
        1126667.2449248866,
        1317733.887770771
    ],
    "Upstream Delay Avg": [
        0.5788794343176965,
        0.5794324842192958
    ],
    "Upstream Delay 95th Perc": [
        1.0988653081999038,
        1.0991180631915247
    ],
    "Upstream Delay Var": [
        0.1111619875771225,
        0.11118450950776854
    ],
    "Downstream Delay Avg": [
        5.495493948204641,
        14.826903098056853
    ],
    "Downstream Delay 95th Perc": [
        9.323534739409322,
        26.189080028898065
    ],
    "Downstream Delay Var": [
        280.90967676831906,
        832.5649429282682
    ],
    "RTT Avg": [
        1573.928204694171,
        1691.1813399477703
    ],
    "RTT 95th Perc": [
        2809.9406634324832,
        3027.3160602421685
    ],
    "RTT Var": [
        759603.8712756874,
        831593.6413600112
    ]
}