{
    "Upstream PDR": [
        0.17491687286615723,
        0.1873957321758595
    ],
    "Downstream PDR": [
        0.0,
        0.0
    ],
    "TicToc PDR": [
        0.0,
        0.0
    ],
    "Packets retransmitted per node AVG": [
        0.0,
        0.0
    ],
    "Counter of retransmission per packet AVG": [
        0.0,
        0.0
    ],
    "Intertime of retransmissions AVG": [
        0.0,
        0.0
    ],
    "Packets delivered": [
        0.1913021681941849,
        0.20351094358268798
    ],
    "Packets lost due to noise": [
        0.09831286320342923,
        0.10501172398997836
    ],
    "Packets collided": [
        0.0,
        0.0
    ],
    "Destinatary out of range": [
        0.0,
        0.0
    ],
    "Packets dropped": [
        0.0,
        0.0
    ],
    "Other causes of loss": [
        0.6924785861197316,
        0.7093837149099882
    ],
    "Queue MN Avg": [
        0.08249808292477563,
        0.08250494859666664
    ],
    "Queue MN Var": [
        6.181271650993291e-10,
        7.669897320138101e-10
    ],
    "Queue BR Avg": [
        0.0,
        0.0
    ],
    "Queue BR Var": [
        0.0,
        0.0
    ],
    "Upstream Delay Avg": [
        0.15895889758781026,
        0.1595735500991645
    ],
    "Upstream Delay 95th Perc": [
        0.30038607040966414,
        0.3009331001294786
    ],
    "Upstream Delay Var": [
        0.008246091891193354,
        0.008280243890994176
    ],
    "Downstream Delay Avg": [
        0.0,
        0.0
    ],
    "Downstream Delay 95th Perc": [
        0.0,
        0.0
    ],
    "Downstream Delay Var": [
        0.0,
        0.0
    ],
    "RTT Avg": [
        0.0,
        0.0
    ],
    "RTT 95th Perc": [
        0.0,
        0.0
    ],
    "RTT Var": [
        0.0,
        0.0
    ]
}