{
    "Upstream PDR": [
        0.08025978694223794,
        0.08354749597092738
    ],
    "Downstream PDR": [
        0.17845242542885012,
        0.1964442405010405
    ],
    "TicToc PDR": [
        0.014558587602219392,
        0.01614692126799536
    ],
    "Packets retransmitted per node AVG": [
        0.0,
        0.0
    ],
    "Counter of retransmission per packet AVG": [
        0.0,
        0.0
    ],
    "Intertime of retransmissions AVG": [
        0.0,
        0.0
    ],
    "Packets delivered": [
        0.10259399227678896,
        0.10641271425523387
    ],
    "Packets lost due to noise": [
        0.058595476822420466,
        0.060491594598408645
    ],
    "Packets collided": [
        4.496087106183148e-06,
        1.615150757197201e-05
    ],
    "Destinatary out of range": [
        2.39451986262648e-05,
        8.042200814168879e-05
    ],
    "Packets dropped": [
        0.0,
        0.0
    ],
    "Other causes of loss": [
        0.8331704641083751,
        0.8386107431373268
    ],
    "Queue MN Avg": [
        0.43483590064414746,
        0.435058344144155
    ],
    "Queue MN Var": [
        1.204827172217812e-05,
        1.291355906642608e-05
    ],
    "Queue BR Avg": [
        174.94950534523414,
        183.54375648750104
    ],
    "Queue BR Var": [
        25472.71604323694,
        31960.127911989246
    ],
    "Upstream Delay Avg": [
        0.8637723086070841,
        0.8654883032210325
    ],
    "Upstream Delay 95th Perc": [
        1.6394759605689742,
        1.641027111081026
    ],
    "Upstream Delay Var": [
        0.24758426543972195,
        0.2483241301245977
    ],
    "Downstream Delay Avg": [
        0.9286379274078042,
        1.0327431402092486
    ],
    "Downstream Delay 95th Perc": [
        1.1422641376281266,
        1.6243341322553122
    ],
    "Downstream Delay Var": [
        0.39902060332767375,
        1.4385634579639601
    ],
    "RTT Avg": [
        1877.618074861406,
        1964.2268347591184
    ],
    "RTT 95th Perc": [
        2840.1151844082206,
        2935.2756124967564
    ],
    "RTT Var": [
        595064.3870089147,
        659982.5551172066
    ]
}