{
    "Upstream PDR": [
        0.9313257140253065,
        0.9447415128654496
    ],
    "Downstream PDR": [
        0.0,
        0.0
    ],
    "TicToc PDR": [
        0.0,
        0.0
    ],
    "Packets retransmitted per node AVG": [
        0.0,
        0.0
    ],
    "Counter of retransmission per packet AVG": [
        0.0,
        0.0
    ],
    "Intertime of retransmissions AVG": [
        0.0,
        0.0
    ],
    "Packets delivered": [
        0.9314209911986493,
        0.9448243641701206
    ],
    "Packets lost due to noise": [
        0.05287068657090852,
        0.06496581029283462
    ],
    "Packets collided": [
        0.0,
        0.0
    ],
    "Destinatary out of range": [
        0.0,
        0.0
    ],
    "Packets dropped": [
        0.0,
        0.0
    ],
    "Other causes of loss": [
        0.0022304866722909177,
        0.0036876610951961557
    ],
    "Queue MN Avg": [
        0.1575150258211674,
        0.15754417393256565
    ],
    "Queue MN Var": [
        5.332491357263735e-08,
        6.346426920663881e-08
    ],
    "Queue BR Avg": [
        0.0,
        0.0
    ],
    "Queue BR Var": [
        0.0,
        0.0
    ],
    "Upstream Delay Avg": [
        0.30910407602108997,
        0.30939605729598213
    ],
    "Upstream Delay 95th Perc": [
        0.5857915129600693,
        0.5860895429275879
    ],
    "Upstream Delay Var": [
        0.03149739903460659,
        0.031519726430732364
    ],
    "Downstream Delay Avg": [
        0.0,
        0.0
    ],
    "Downstream Delay 95th Perc": [
        0.0,
        0.0
    ],
    "Downstream Delay Var": [
        0.0,
        0.0
    ],
    "RTT Avg": [
        0.0,
        0.0
    ],
    "RTT 95th Perc": [
        0.0,
        0.0
    ],
    "RTT Var": [
        0.0,
        0.0
    ]
}