{
    "Upstream PDR": [
        0.12147876374962001,
        0.13086409339323712
    ],
    "Downstream PDR": [
        0.1522940944052852,
        0.19498353308227692
    ],
    "TicToc PDR": [
        0.01899416300565291,
        0.024943652120397522
    ],
    "Packets retransmitted per node AVG": [
        0.0,
        0.0
    ],
    "Counter of retransmission per packet AVG": [
        0.0,
        0.0
    ],
    "Intertime of retransmissions AVG": [
        0.0,
        0.0
    ],
    "Packets delivered": [
        0.154138435075057,
        0.16548405071587916
    ],
    "Packets lost due to noise": [
        0.07699754741116303,
        0.08146582885345198
    ],
    "Packets collided": [
        -7.502883908368014e-07,
        2.313447848733101e-06
    ],
    "Destinatary out of range": [
        -4.78393116778577e-06,
        5.9446018645712686e-05
    ],
    "Packets dropped": [
        0.0,
        0.0
    ],
    "Other causes of loss": [
        0.7533631384152869,
        0.768494774282226
    ],
    "Queue MN Avg": [
        0.10499790186794104,
        0.10500287964684231
    ],
    "Queue MN Var": [
        1.1202572583850488e-09,
        1.286985288498432e-09
    ],
    "Queue BR Avg": [
        86.14236598058693,
        94.23317939871151
    ],
    "Queue BR Var": [
        8362.151183646189,
        10967.186992919864
    ],
    "Upstream Delay Avg": [
        0.20373814408705987,
        0.20441633390316938
    ],
    "Upstream Delay 95th Perc": [
        0.38584492542687077,
        0.38644915060055796
    ],
    "Upstream Delay Var": [
        0.013637007920232166,
        0.013702206900498613
    ],
    "Downstream Delay Avg": [
        0.23306956170022078,
        0.24161554638709073
    ],
    "Downstream Delay 95th Perc": [
        0.23529219386440087,
        0.24991801477072817
    ],
    "Downstream Delay Var": [
        6.4519648853034206e-06,
        0.0003898870082832189
    ],
    "RTT Avg": [
        1853.8526458743725,
        1996.9062128127805
    ],
    "RTT 95th Perc": [
        2881.0140280538685,
        3056.893170012168
    ],
    "RTT Var": [
        606813.1027401604,
        736006.4015767463
    ]
}