{
    "Upstream PDR": [
        0.4164800266476779,
        0.4333098893187086
    ],
    "Downstream PDR": [
        0.1922043193110265,
        0.21691358314860987
    ],
    "TicToc PDR": [
        0.08135608674777439,
        0.09271114014298196
    ],
    "Packets retransmitted per node AVG": [
        0.0,
        0.0
    ],
    "Counter of retransmission per packet AVG": [
        0.0,
        0.0
    ],
    "Intertime of retransmissions AVG": [
        0.0,
        0.0
    ],
    "Packets delivered": [
        0.46037606780862944,
        0.47856383953849707
    ],
    "Packets lost due to noise": [
        0.10012499462123936,
        0.10577781316913587
    ],
    "Packets collided": [
        0.0,
        0.0
    ],
    "Destinatary out of range": [
        3.6393693491127044e-06,
        1.979186378006258e-05
    ],
    "Packets dropped": [
        0.0,
        0.0
    ],
    "Other causes of loss": [
        0.4181248006888538,
        0.4370090529405152
    ],
    "Queue MN Avg": [
        0.10499738826768884,
        0.10500283862361473
    ],
    "Queue MN Var": [
        1.0047372340017985e-09,
        1.16781014769535e-09
    ],
    "Queue BR Avg": [
        182.07419503198147,
        191.82016667411833
    ],
    "Queue BR Var": [
        26995.237873567505,
        32445.579574947962
    ],
    "Upstream Delay Avg": [
        0.20409000065330543,
        0.20442038721374936
    ],
    "Upstream Delay 95th Perc": [
        0.38619861659699467,
        0.386591627316434
    ],
    "Upstream Delay Var": [
        0.013666002026243686,
        0.01369056651606441
    ],
    "Downstream Delay Avg": [
        0.23590800641070733,
        0.24237660821828041
    ],
    "Downstream Delay 95th Perc": [
        0.23973186208918817,
        0.2525293678264624
    ],
    "Downstream Delay Var": [
        1.0312592627152327e-05,
        0.0006106385022101573
    ],
    "RTT Avg": [
        1847.9556052596283,
        1887.402627776081
    ],
    "RTT 95th Perc": [
        3311.09366002815,
        3389.8506144957146
    ],
    "RTT Var": [
        908830.0406501389,
        938474.2190724728
    ]
}