{
    "Upstream PDR": [
        0.9219249524986657,
        0.9318557197702411
    ],
    "Downstream PDR": [
        0.23684997408403094,
        0.265865950324287
    ],
    "TicToc PDR": [
        0.21932269224766263,
        0.24696050102964848
    ],
    "Packets retransmitted per node AVG": [
        0.0,
        0.0
    ],
    "Counter of retransmission per packet AVG": [
        0.0,
        0.0
    ],
    "Intertime of retransmissions AVG": [
        0.0,
        0.0
    ],
    "Packets delivered": [
        0.912099994209745,
        0.9234566828619175
    ],
    "Packets lost due to noise": [
        0.06803461676065571,
        0.07817569185433003
    ],
    "Packets collided": [
        -9.156248511243599e-07,
        2.823248190895922e-06
    ],
    "Destinatary out of range": [
        0.00010245964896938739,
        0.00027535865055472794
    ],
    "Packets dropped": [
        0.0,
        0.0
    ],
    "Other causes of loss": [
        0.007261848614682119,
        0.010591439775805879
    ],
    "Queue MN Avg": [
        0.19499634667614849,
        0.19500591593526737
    ],
    "Queue MN Var": [
        9.528689501664406e-09,
        1.1058789722628461e-08
    ],
    "Queue BR Avg": [
        1039.091563007747,
        1090.9101470082396
    ],
    "Queue BR Var": [
        892940.4332584427,
        1104919.1433824527
    ],
    "Upstream Delay Avg": [
        0.38382639390312,
        0.3843435198371773
    ],
    "Upstream Delay 95th Perc": [
        0.7283721400367222,
        0.7286203972057921
    ],
    "Upstream Delay Var": [
        0.04874443020305552,
        0.04878321653427385
    ],
    "Downstream Delay Avg": [
        0.4135214427921295,
        0.4359740735465191
    ],
    "Downstream Delay 95th Perc": [
        0.4261445474401368,
        0.45927810644659256
    ],
    "Downstream Delay Var": [
        0.0028161743141741817,
        0.007049168482295968
    ],
    "RTT Avg": [
        1595.1769016536623,
        1723.4780935378685
    ],
    "RTT 95th Perc": [
        2852.577765324956,
        3090.3726510910783
    ],
    "RTT Var": [
        772204.3177078684,
        849545.8996683682
    ]
}