{
    "Upstream PDR": [
        0.9912984045312182,
        0.9940276458889498
    ],
    "Downstream PDR": [
        0.0,
        0.0
    ],
    "TicToc PDR": [
        0.0,
        0.0
    ],
    "Packets retransmitted per node AVG": [
        0.0,
        0.0
    ],
    "Counter of retransmission per packet AVG": [
        0.0,
        0.0
    ],
    "Intertime of retransmissions AVG": [
        0.0,
        0.0
    ],
    "Packets delivered": [
        0.9913056460000987,
        0.9940508760548666
    ],
    "Packets lost due to noise": [
        0.0058660348911618,
        0.00849640069336721
    ],
    "Packets collided": [
        0.0,
        0.0
    ],
    "Destinatary out of range": [
        0.0,
        0.0
    ],
    "Packets dropped": [
        0.0,
        0.0
    ],
    "Other causes of loss": [
        6.962347775052312e-05,
        0.00021141888275497865
    ],
    "Queue MN Avg": [
        0.1575150258211674,
        0.15754417393256565
    ],
    "Queue MN Var": [
        5.332491357263735e-08,
        6.346426920663881e-08
    ],
    "Queue BR Avg": [
        0.0,
        0.0
    ],
    "Queue BR Var": [
        0.0,
        0.0
    ],
    "Upstream Delay Avg": [
        0.3091087344924064,
        0.30937258961919867
    ],
    "Upstream Delay 95th Perc": [
        0.5858032188509421,
        0.5860487202268867
    ],
    "Upstream Delay Var": [
        0.03151488462846515,
        0.03152570834925132
    ],
    "Downstream Delay Avg": [
        0.0,
        0.0
    ],
    "Downstream Delay 95th Perc": [
        0.0,
        0.0
    ],
    "Downstream Delay Var": [
        0.0,
        0.0
    ],
    "RTT Avg": [
        0.0,
        0.0
    ],
    "RTT 95th Perc": [
        0.0,
        0.0
    ],
    "RTT Var": [
        0.0,
        0.0
    ]
}