{
    "Upstream PDR": [
        0.3107738052602527,
        0.3186379594456297
    ],
    "Downstream PDR": [
        0.21369878575497153,
        0.22765571121019157
    ],
    "TicToc PDR": [
        0.06713377214172173,
        0.07175429508516906
    ],
    "Packets retransmitted per node AVG": [
        0.0,
        0.0
    ],
    "Counter of retransmission per packet AVG": [
        0.0,
        0.0
    ],
    "Intertime of retransmissions AVG": [
        0.0,
        0.0
    ],
    "Packets delivered": [
        0.3518185235532999,
        0.3603819642652444
    ],
    "Packets lost due to noise": [
        0.08943137098099121,
        0.09292608773851233
    ],
    "Packets collided": [
        0.0,
        0.0
    ],
    "Destinatary out of range": [
        9.327554012374717e-06,
        5.377249761686086e-05
    ],
    "Packets dropped": [
        0.0,
        0.0
    ],
    "Other causes of loss": [
        0.547785343195397,
        0.5575936102149264
    ],
    "Queue MN Avg": [
        0.2472116597581186,
        0.24757983584674204
    ],
    "Queue MN Var": [
        1.2000792811194775e-05,
        1.3064313746428445e-05
    ],
    "Queue BR Avg": [
        331.66870733088564,
        342.21016899732837
    ],
    "Queue BR Var": [
        66669.90468341556,
        79432.14411438453
    ],
    "Upstream Delay Avg": [
        0.48851526292802194,
        0.4893313560557734
    ],
    "Upstream Delay 95th Perc": [
        0.9280034731255709,
        0.9285835511795149
    ],
    "Upstream Delay Var": [
        0.07915046779220637,
        0.07929260695108419
    ],
    "Downstream Delay Avg": [
        0.5117858808583359,
        0.5273164857132718
    ],
    "Downstream Delay 95th Perc": [
        0.5374092076467321,
        0.5759092875074445
    ],
    "Downstream Delay Var": [
        0.0042259092311599826,
        0.010134101849703904
    ],
    "RTT Avg": [
        1879.3485879821662,
        1890.3622328680565
    ],
    "RTT 95th Perc": [
        3366.1518013549503,
        3401.9111560200145
    ],
    "RTT Var": [
        929187.9158482974,
        943553.6035735911
    ]
}