{
    "Upstream PDR": [
        0.08511822216943471,
        0.08912859655805624
    ],
    "Downstream PDR": [
        0.16199771399930835,
        0.1840798406487566
    ],
    "TicToc PDR": [
        0.014038521712848855,
        0.01611706052004431
    ],
    "Packets retransmitted per node AVG": [
        0.0,
        0.0
    ],
    "Counter of retransmission per packet AVG": [
        0.0,
        0.0
    ],
    "Intertime of retransmissions AVG": [
        0.0,
        0.0
    ],
    "Packets delivered": [
        0.10481137550454626,
        0.1092642676824452
    ],
    "Packets lost due to noise": [
        0.06382105162540488,
        0.06618718387179354
    ],
    "Packets collided": [
        1.9689028757000362e-07,
        3.851899303232017e-06
    ],
    "Destinatary out of range": [
        2.830562845642574e-05,
        6.952635483659758e-05
    ],
    "Packets dropped": [
        0.0,
        0.0
    ],
    "Other causes of loss": [
        0.8247026939240379,
        0.831111546618888
    ],
    "Queue MN Avg": [
        0.33751075597356445,
        0.3377586983003504
    ],
    "Queue MN Var": [
        1.1950484652715622e-05,
        1.2882553180923216e-05
    ],
    "Queue BR Avg": [
        334.0810315667943,
        352.1773479746861
    ],
    "Queue BR Var": [
        93244.24196559093,
        122410.36327562966
    ],
    "Upstream Delay Avg": [
        0.668904720213152,
        0.6740445894786402
    ],
    "Upstream Delay 95th Perc": [
        1.2683471221752787,
        1.2726995395224936
    ],
    "Upstream Delay Var": [
        0.14744527190513693,
        0.1488140443410669
    ],
    "Downstream Delay Avg": [
        0.7379411984859117,
        0.8299909369738421
    ],
    "Downstream Delay 95th Perc": [
        1.071841877188548,
        1.6174882971311475
    ],
    "Downstream Delay Var": [
        0.34428741641160515,
        1.225505096063608
    ],
    "RTT Avg": [
        1894.7534140679188,
        1988.4900304977707
    ],
    "RTT 95th Perc": [
        2849.959967072357,
        2979.019882621427
    ],
    "RTT Var": [
        597148.3508406201,
        672383.5282405716
    ]
}