{
    "Upstream PDR": [
        0.9934630545552103,
        0.9958075336800838
    ],
    "Downstream PDR": [
        0.61726395456988,
        0.7114580825561786
    ],
    "TicToc PDR": [
        0.6139185107906365,
        0.7078092203018004
    ],
    "Packets retransmitted per node AVG": [
        0.0,
        0.0
    ],
    "Counter of retransmission per packet AVG": [
        0.0,
        0.0
    ],
    "Intertime of retransmissions AVG": [
        0.0,
        0.0
    ],
    "Packets delivered": [
        0.9758960698146073,
        0.98485336084814
    ],
    "Packets lost due to noise": [
        0.012315447386118863,
        0.016641355072370415
    ],
    "Packets collided": [
        0.0,
        0.0
    ],
    "Destinatary out of range": [
        1.689422252871632e-05,
        6.0413532764232476e-05
    ],
    "Packets dropped": [
        0.0,
        0.0
    ],
    "Other causes of loss": [
        0.0009835626758674639,
        0.009232896447603361
    ],
    "Queue MN Avg": [
        0.05955156157010009,
        0.06027474043999404
    ],
    "Queue MN Var": [
        1.0583685379500295e-05,
        1.3855092312510868e-05
    ],
    "Queue BR Avg": [
        64.90576563724892,
        90.63738486017814
    ],
    "Queue BR Var": [
        50892.449465166304,
        81836.99251689718
    ],
    "Upstream Delay Avg": [
        0.11331790405090898,
        0.11481290225767783
    ],
    "Upstream Delay 95th Perc": [
        0.21434876917917783,
        0.2166308311580793
    ],
    "Upstream Delay Var": [
        0.004207526351475731,
        0.0042198812397276275
    ],
    "Downstream Delay Avg": [
        0.12437870978498297,
        0.12799708588610334
    ],
    "Downstream Delay 95th Perc": [
        0.1243583010859601,
        0.1294345560568971
    ],
    "Downstream Delay Var": [
        -3.225622211900677e-05,
        0.00010672134078996992
    ],
    "RTT Avg": [
        1605.2595065355185,
        1745.4292078173416
    ],
    "RTT 95th Perc": [
        2870.5800822131923,
        3136.8828538667403
    ],
    "RTT Var": [
        765657.5793441526,
        854976.0037469115
    ]
}