{
    "Upstream PDR": [
        0.27638786145085165,
        0.2811185811261793
    ],
    "Downstream PDR": [
        0.0,
        0.0
    ],
    "TicToc PDR": [
        0.0,
        0.0
    ],
    "Packets retransmitted per node AVG": [
        0.0,
        0.0
    ],
    "Counter of retransmission per packet AVG": [
        0.0,
        0.0
    ],
    "Intertime of retransmissions AVG": [
        0.0,
        0.0
    ],
    "Packets delivered": [
        0.27536870438697864,
        0.28029521415562336
    ],
    "Packets lost due to noise": [
        0.0929836623534269,
        0.09557844677061089
    ],
    "Packets collided": [
        -1.2924839033132636e-06,
        3.985259724340611e-06
    ],
    "Destinatary out of range": [
        -4.625878003306199e-06,
        4.8248998580128786e-05
    ],
    "Packets dropped": [
        0.0,
        0.0
    ],
    "Other causes of loss": [
        0.6250137369289156,
        0.6307139195080472
    ],
    "Queue MN Avg": [
        0.4574819766710588,
        0.4575210674571502
    ],
    "Queue MN Var": [
        1.4742577856642512e-07,
        1.6462668959381858e-07
    ],
    "Queue BR Avg": [
        0.0,
        0.0
    ],
    "Queue BR Var": [
        0.0,
        0.0
    ],
    "Upstream Delay Avg": [
        0.9084959796389684,
        0.9096018578517668
    ],
    "Upstream Delay 95th Perc": [
        1.725340477409392,
        1.7262870234028356
    ],
    "Upstream Delay Var": [
        0.27418226796292444,
        0.274564185031151
    ],
    "Downstream Delay Avg": [
        0.0,
        0.0
    ],
    "Downstream Delay 95th Perc": [
        0.0,
        0.0
    ],
    "Downstream Delay Var": [
        0.0,
        0.0
    ],
    "RTT Avg": [
        0.0,
        0.0
    ],
    "RTT 95th Perc": [
        0.0,
        0.0
    ],
    "RTT Var": [
        0.0,
        0.0
    ]
}