{
    "Upstream PDR": [
        0.986386686517472,
        0.9901780193648813
    ],
    "Downstream PDR": [
        0.2788782645187469,
        0.31845052763214426
    ],
    "TicToc PDR": [
        0.275475103951865,
        0.3150509464683033
    ],
    "Packets retransmitted per node AVG": [
        0.0,
        0.0
    ],
    "Counter of retransmission per packet AVG": [
        0.0,
        0.0
    ],
    "Intertime of retransmissions AVG": [
        0.0,
        0.0
    ],
    "Packets delivered": [
        0.9800164619711693,
        0.9842362920496726
    ],
    "Packets lost due to noise": [
        0.014139581852262124,
        0.017139977374388892
    ],
    "Packets collided": [
        -2.027498986797108e-05,
        9.167517446275736e-05
    ],
    "Destinatary out of range": [
        3.054296586637315e-05,
        0.0007323728660982223
    ],
    "Packets dropped": [
        0.0,
        0.0
    ],
    "Other causes of loss": [
        0.0006955078416495592,
        0.002937862894297786
    ],
    "Queue MN Avg": [
        0.19499634667614849,
        0.19500591593526737
    ],
    "Queue MN Var": [
        9.528689501664406e-09,
        1.1058789722628461e-08
    ],
    "Queue BR Avg": [
        725.5232347692286,
        775.1246562960027
    ],
    "Queue BR Var": [
        675144.7880585734,
        792172.2806479419
    ],
    "Upstream Delay Avg": [
        0.38378817163204054,
        0.3843379856456863
    ],
    "Upstream Delay 95th Perc": [
        0.7282774477830836,
        0.7285189602520596
    ],
    "Upstream Delay Var": [
        0.04876012341803585,
        0.04877009345360587
    ],
    "Downstream Delay Avg": [
        0.40172421606731823,
        0.41840913566137916
    ],
    "Downstream Delay 95th Perc": [
        0.40415176378768974,
        0.4252180904871969
    ],
    "Downstream Delay Var": [
        0.0006484917526875657,
        0.002772916824412009
    ],
    "RTT Avg": [
        1500.0410427871902,
        1615.7137809557998
    ],
    "RTT 95th Perc": [
        2669.71284045363,
        2891.0440853081705
    ],
    "RTT Var": [
        703315.1860455159,
        776372.9344151056
    ]
}