{
    "Upstream PDR": [
        0.9256982937171175,
        0.9373078687478685
    ],
    "Downstream PDR": [
        0.27878647585306016,
        0.32369160684207055
    ],
    "TicToc PDR": [
        0.25970890283413217,
        0.3014563632723106
    ],
    "Packets retransmitted per node AVG": [
        0.0,
        0.0
    ],
    "Counter of retransmission per packet AVG": [
        0.0,
        0.0
    ],
    "Intertime of retransmissions AVG": [
        0.0,
        0.0
    ],
    "Packets delivered": [
        0.9149200260821453,
        0.9288310219398599
    ],
    "Packets lost due to noise": [
        0.06438235973729818,
        0.07642683591808457
    ],
    "Packets collided": [
        -4.890069179644038e-06,
        1.6745687035515325e-05
    ],
    "Destinatary out of range": [
        0.00010630627363214764,
        0.00038544157141304366
    ],
    "Packets dropped": [
        0.0,
        0.0
    ],
    "Other causes of loss": [
        0.006251493308909093,
        0.00868465955080172
    ],
    "Queue MN Avg": [
        0.14999805959172213,
        0.15000450344082455
    ],
    "Queue MN Var": [
        4.023114865995666e-09,
        4.549210432740564e-09
    ],
    "Queue BR Avg": [
        702.3298661530727,
        763.5526087478892
    ],
    "Queue BR Var": [
        603535.5099843026,
        754680.2663643521
    ],
    "Upstream Delay Avg": [
        0.29414915463949,
        0.2943646359040718
    ],
    "Upstream Delay 95th Perc": [
        0.5573878416696185,
        0.5576367610751245
    ],
    "Upstream Delay Var": [
        0.028510205079257212,
        0.02852969225885914
    ],
    "Downstream Delay Avg": [
        0.2986470507438811,
        0.31253891173167037
    ],
    "Downstream Delay 95th Perc": [
        0.30291200426746384,
        0.32119096459398594
    ],
    "Downstream Delay Var": [
        0.000846256752051663,
        0.0026231511483568214
    ],
    "RTT Avg": [
        1533.1357198091434,
        1669.7169439217107
    ],
    "RTT 95th Perc": [
        2728.968412057682,
        2982.8172524471156
    ],
    "RTT Var": [
        723879.5637565015,
        806088.3702571858
    ]
}