{
    "Upstream PDR": [
        0.6354977703669562,
        0.6677530699691785
    ],
    "Downstream PDR": [
        0.18254681297501332,
        0.2042942595083769
    ],
    "TicToc PDR": [
        0.11833892733392802,
        0.13396611468287875
    ],
    "Packets retransmitted per node AVG": [
        0.0,
        0.0
    ],
    "Counter of retransmission per packet AVG": [
        0.0,
        0.0
    ],
    "Intertime of retransmissions AVG": [
        0.0,
        0.0
    ],
    "Packets delivered": [
        0.6584055935430472,
        0.6880559626270909
    ],
    "Packets lost due to noise": [
        0.1290415131821559,
        0.1402858951071242
    ],
    "Packets collided": [
        4.417389915263626e-06,
        8.939791887373178e-05
    ],
    "Destinatary out of range": [
        0.0003098795221645385,
        0.002580816861534456
    ],
    "Packets dropped": [
        0.0,
        0.0
    ],
    "Other causes of loss": [
        0.17648460513964573,
        0.20474191870844802
    ],
    "Queue MN Avg": [
        0.3824724365032117,
        0.38250815167559726
    ],
    "Queue MN Var": [
        1.9701418470185507e-07,
        2.1338787288920787e-07
    ],
    "Queue BR Avg": [
        2597.2841023071605,
        2752.0321460899822
    ],
    "Queue BR Var": [
        2386067.878609038,
        3147914.3073808625
    ],
    "Upstream Delay Avg": [
        0.7588190350660866,
        0.7592166432788021
    ],
    "Upstream Delay 95th Perc": [
        1.440649721382738,
        1.4409900295041194
    ],
    "Upstream Delay Var": [
        0.19121010506549158,
        0.1913384246933048
    ],
    "Downstream Delay Avg": [
        20.14294913992746,
        46.976150414373585
    ],
    "Downstream Delay 95th Perc": [
        35.714200096083914,
        84.48027857356577
    ],
    "Downstream Delay Var": [
        2129.13767125325,
        6020.433836981855
    ],
    "RTT Avg": [
        1816.65091224023,
        1892.4191036364846
    ],
    "RTT 95th Perc": [
        3216.5556147130924,
        3342.570059541637
    ],
    "RTT Var": [
        887932.1072131995,
        934997.9679264509
    ]
}