{
    "Upstream PDR": [
        0.6397968538404569,
        0.7029527259914755
    ],
    "Downstream PDR": [
        0.0,
        0.0
    ],
    "TicToc PDR": [
        0.0,
        0.0
    ],
    "Packets retransmitted per node AVG": [
        0.0,
        0.0
    ],
    "Counter of retransmission per packet AVG": [
        0.0,
        0.0
    ],
    "Intertime of retransmissions AVG": [
        0.0,
        0.0
    ],
    "Packets delivered": [
        0.6396606669053931,
        0.7028832704272995
    ],
    "Packets lost due to noise": [
        0.11125409077232172,
        0.13217622764080167
    ],
    "Packets collided": [
        0.0,
        0.0
    ],
    "Destinatary out of range": [
        0.0,
        0.0
    ],
    "Packets dropped": [
        0.0,
        0.0
    ],
    "Other causes of loss": [
        0.17920148363946306,
        0.23482426061472136
    ],
    "Queue MN Avg": [
        0.1575150258211674,
        0.15754417393256565
    ],
    "Queue MN Var": [
        5.332491357263735e-08,
        6.346426920663881e-08
    ],
    "Queue BR Avg": [
        0.0,
        0.0
    ],
    "Queue BR Var": [
        0.0,
        0.0
    ],
    "Upstream Delay Avg": [
        0.3090105888616549,
        0.30940319075498557
    ],
    "Upstream Delay 95th Perc": [
        0.5856864796012646,
        0.586052664810107
    ],
    "Upstream Delay Var": [
        0.0314999777180894,
        0.03154683267863124
    ],
    "Downstream Delay Avg": [
        0.0,
        0.0
    ],
    "Downstream Delay 95th Perc": [
        0.0,
        0.0
    ],
    "Downstream Delay Var": [
        0.0,
        0.0
    ],
    "RTT Avg": [
        0.0,
        0.0
    ],
    "RTT 95th Perc": [
        0.0,
        0.0
    ],
    "RTT Var": [
        0.0,
        0.0
    ]
}