{
    "Upstream PDR": [
        0.082887650957352,
        0.0874389596869057
    ],
    "Downstream PDR": [
        0.17160568688341987,
        0.1944646141971959
    ],
    "TicToc PDR": [
        0.014510697425395003,
        0.01676941461942293
    ],
    "Packets retransmitted per node AVG": [
        0.0,
        0.0
    ],
    "Counter of retransmission per packet AVG": [
        0.0,
        0.0
    ],
    "Intertime of retransmissions AVG": [
        0.0,
        0.0
    ],
    "Packets delivered": [
        0.10507738020781131,
        0.1106141147190098
    ],
    "Packets lost due to noise": [
        0.06008850011251077,
        0.0630131134339275
    ],
    "Packets collided": [
        -5.658447346822334e-07,
        2.674380327364473e-06
    ],
    "Destinatary out of range": [
        1.3956939645033027e-05,
        3.0715206355685476e-05
    ],
    "Packets dropped": [
        0.0,
        0.0
    ],
    "Other causes of loss": [
        0.8265430449249438,
        0.8346170659202035
    ],
    "Queue MN Avg": [
        0.292498559062731,
        0.2925148506401138
    ],
    "Queue MN Var": [
        2.5823990511214887e-08,
        2.8413224146338358e-08
    ],
    "Queue BR Avg": [
        173.6798128372565,
        182.75532633074155
    ],
    "Queue BR Var": [
        24661.842703536706,
        31838.79574663686
    ],
    "Upstream Delay Avg": [
        0.578427275076895,
        0.5798604784577729
    ],
    "Upstream Delay 95th Perc": [
        1.0980557230436943,
        1.099288432638763
    ],
    "Upstream Delay Var": [
        0.11098792494940488,
        0.11130358253771341
    ],
    "Downstream Delay Avg": [
        0.617893556725175,
        0.6399952905352723
    ],
    "Downstream Delay 95th Perc": [
        0.6372632271479683,
        0.733720196710409
    ],
    "Downstream Delay Var": [
        0.001690163902400444,
        0.05832183117375954
    ],
    "RTT Avg": [
        1898.4278512783762,
        2001.609928092097
    ],
    "RTT 95th Perc": [
        2836.461879978664,
        2939.6012509183183
    ],
    "RTT Var": [
        560756.3067167972,
        634131.5952157907
    ]
}