{
    "Upstream PDR": [
        0.6398844622268828,
        0.6904920083613527
    ],
    "Downstream PDR": [
        0.22805016680631104,
        0.28139509515266853
    ],
    "TicToc PDR": [
        0.15083764253612653,
        0.18820661516695464
    ],
    "Packets retransmitted per node AVG": [
        0.0,
        0.0
    ],
    "Counter of retransmission per packet AVG": [
        0.0,
        0.0
    ],
    "Intertime of retransmissions AVG": [
        0.0,
        0.0
    ],
    "Packets delivered": [
        0.6651015028423439,
        0.7115836117594756
    ],
    "Packets lost due to noise": [
        0.12322555095285986,
        0.13977627786554486
    ],
    "Packets collided": [
        0.0,
        0.0
    ],
    "Destinatary out of range": [
        0.00017105829693924948,
        0.000492149034935838
    ],
    "Packets dropped": [
        0.0,
        0.0
    ],
    "Other causes of loss": [
        0.15826107135371867,
        0.20138877789418216
    ],
    "Queue MN Avg": [
        0.14999805959172213,
        0.15000450344082455
    ],
    "Queue MN Var": [
        4.023114865995666e-09,
        4.549210432740564e-09
    ],
    "Queue BR Avg": [
        834.8113144244129,
        945.8066360905704
    ],
    "Queue BR Var": [
        729765.8929253139,
        1010819.0853764301
    ],
    "Upstream Delay Avg": [
        0.2941762050822318,
        0.294461947789647
    ],
    "Upstream Delay 95th Perc": [
        0.5573431101103504,
        0.557623849176964
    ],
    "Upstream Delay Var": [
        0.028513071749092404,
        0.028550107625810315
    ],
    "Downstream Delay Avg": [
        0.3004845499634805,
        0.31828195243914303
    ],
    "Downstream Delay 95th Perc": [
        0.30892078985272686,
        0.33805901962351115
    ],
    "Downstream Delay Var": [
        0.0007998215220056696,
        0.002854986132534921
    ],
    "RTT Avg": [
        1551.5557976768173,
        1683.32633135498
    ],
    "RTT 95th Perc": [
        2732.933371799054,
        2973.7777578015757
    ],
    "RTT Var": [
        731314.2083388839,
        828891.1724524859
    ]
}