{
    "Upstream PDR": [
        0.9133764560475167,
        0.9220630397508028
    ],
    "Downstream PDR": [
        0.20424651996877116,
        0.2174590695865584
    ],
    "TicToc PDR": [
        0.18744341532193337,
        0.19951036619067153
    ],
    "Packets retransmitted per node AVG": [
        0.0,
        0.0
    ],
    "Counter of retransmission per packet AVG": [
        0.0,
        0.0
    ],
    "Intertime of retransmissions AVG": [
        0.0,
        0.0
    ],
    "Packets delivered": [
        0.9084397124209685,
        0.9169094127061245
    ],
    "Packets lost due to noise": [
        0.07266893617700472,
        0.07972369266165062
    ],
    "Packets collided": [
        2.337464447692953e-05,
        0.00013455122018242197
    ],
    "Destinatary out of range": [
        3.467485897793007e-05,
        0.0004375895946493246
    ],
    "Packets dropped": [
        0.0,
        0.0
    ],
    "Other causes of loss": [
        0.009154203885166756,
        0.012473851830797841
    ],
    "Queue MN Avg": [
        0.3824724365032117,
        0.38250815167559726
    ],
    "Queue MN Var": [
        1.9701418470185507e-07,
        2.1338787288920787e-07
    ],
    "Queue BR Avg": [
        2263.1529150727056,
        2315.5123241363453
    ],
    "Queue BR Var": [
        2197014.143532719,
        2695451.040683556
    ],
    "Upstream Delay Avg": [
        0.7584382132619278,
        0.7591797958291266
    ],
    "Upstream Delay 95th Perc": [
        1.4405871959954053,
        1.4409490877584805
    ],
    "Upstream Delay Var": [
        0.19123884122781754,
        0.19132360051555114
    ],
    "Downstream Delay Avg": [
        35.06804379681508,
        65.64060821598365
    ],
    "Downstream Delay 95th Perc": [
        62.63953015870972,
        117.77411037905155
    ],
    "Downstream Delay Var": [
        4773.135081135129,
        9547.180665550839
    ],
    "RTT Avg": [
        1768.7315869885392,
        1843.2194993945577
    ],
    "RTT 95th Perc": [
        3178.3683493543663,
        3319.1797543670614
    ],
    "RTT Var": [
        879844.4827229804,
        927220.4381352274
    ]
}