{
    "Upstream PDR": [
        0.6314344577328695,
        0.6608240296620879
    ],
    "Downstream PDR": [
        0.17988636541153372,
        0.2010784576546085
    ],
    "TicToc PDR": [
        0.11598937613340797,
        0.1297440692447433
    ],
    "Packets retransmitted per node AVG": [
        0.0,
        0.0
    ],
    "Counter of retransmission per packet AVG": [
        0.0,
        0.0
    ],
    "Intertime of retransmissions AVG": [
        0.0,
        0.0
    ],
    "Packets delivered": [
        0.6554872228878239,
        0.6823612873475691
    ],
    "Packets lost due to noise": [
        0.12924706556036936,
        0.13929465681949532
    ],
    "Packets collided": [
        3.462295869500573e-05,
        0.00018835111028576111
    ],
    "Destinatary out of range": [
        0.0004996810563020681,
        0.00272072987095777
    ],
    "Packets dropped": [
        0.0,
        0.0
    ],
    "Other causes of loss": [
        0.18328455716618722,
        0.20688182522231488
    ],
    "Queue MN Avg": [
        0.47997697028411845,
        0.48002805914434765
    ],
    "Queue MN Var": [
        9.189652939356002e-07,
        9.855250082924362e-07
    ],
    "Queue BR Avg": [
        3243.6124299110315,
        3445.0342329573314
    ],
    "Queue BR Var": [
        2707775.275197277,
        3558986.0108611565
    ],
    "Upstream Delay Avg": [
        0.9533968837184095,
        0.954395857854131
    ],
    "Upstream Delay 95th Perc": [
        1.8113680744803728,
        1.8117172954146556
    ],
    "Upstream Delay Var": [
        0.30231007786055875,
        0.30251499691985495
    ],
    "Downstream Delay Avg": [
        48.37797338702801,
        99.13203298456916
    ],
    "Downstream Delay 95th Perc": [
        86.45564849918411,
        177.87036906205992
    ],
    "Downstream Delay Var": [
        8476.576418613677,
        19876.490788927415
    ],
    "RTT Avg": [
        1772.512288884571,
        1889.460277382095
    ],
    "RTT 95th Perc": [
        3139.4152196378254,
        3346.5994780474994
    ],
    "RTT Var": [
        872172.2720330548,
        942025.6129912331
    ]
}