{
    "Upstream PDR": [
        0.2902148320794223,
        0.2946970526744795
    ],
    "Downstream PDR": [
        0.20673567914129526,
        0.22151464780915775
    ],
    "TicToc PDR": [
        0.06040487899737863,
        0.0648143286856946
    ],
    "Packets retransmitted per node AVG": [
        0.0,
        0.0
    ],
    "Counter of retransmission per packet AVG": [
        0.0,
        0.0
    ],
    "Intertime of retransmissions AVG": [
        0.0,
        0.0
    ],
    "Packets delivered": [
        0.32760625366476465,
        0.33305047410565364
    ],
    "Packets lost due to noise": [
        0.08851715559470898,
        0.09094882393034674
    ],
    "Packets collided": [
        2.0448615056314196e-05,
        6.666827843152487e-05
    ],
    "Destinatary out of range": [
        1.3843757777545346e-05,
        0.00010038714270752707
    ],
    "Packets dropped": [
        0.0,
        0.0
    ],
    "Other causes of loss": [
        0.5765936863358647,
        0.5830822585746882
    ],
    "Queue MN Avg": [
        0.33751424891830906,
        0.3377360420339369
    ],
    "Queue MN Var": [
        1.2138307035648525e-05,
        1.2926218360379188e-05
    ],
    "Queue BR Avg": [
        434.46577625421054,
        447.27998933113514
    ],
    "Queue BR Var": [
        95069.90213525153,
        112768.14694483302
    ],
    "Upstream Delay Avg": [
        0.6684294826892301,
        0.6697751859995771
    ],
    "Upstream Delay 95th Perc": [
        1.268825639132885,
        1.2711198615564299
    ],
    "Upstream Delay Var": [
        0.14846853517980607,
        0.1486376319430946
    ],
    "Downstream Delay Avg": [
        0.8706153030426727,
        1.1104389935034502
    ],
    "Downstream Delay 95th Perc": [
        1.2508625451393842,
        1.8327074762758524
    ],
    "Downstream Delay Var": [
        0.571355133963379,
        1.455092988600482
    ],
    "RTT Avg": [
        1874.0229412605463,
        1886.7966902644612
    ],
    "RTT 95th Perc": [
        3371.044822894814,
        3401.3006235521975
    ],
    "RTT Var": [
        926916.406322871,
        941768.4680507676
    ]
}