{
    "Upstream PDR": [
        0.21736260800041224,
        0.22515578602386416
    ],
    "Downstream PDR": [
        0.18267374887008128,
        0.20140770558695312
    ],
    "TicToc PDR": [
        0.0404598773975516,
        0.04428260626257915
    ],
    "Packets retransmitted per node AVG": [
        0.0,
        0.0
    ],
    "Counter of retransmission per packet AVG": [
        0.0,
        0.0
    ],
    "Intertime of retransmissions AVG": [
        0.0,
        0.0
    ],
    "Packets delivered": [
        0.2422294624484922,
        0.2500257913606333
    ],
    "Packets lost due to noise": [
        0.09659506593726404,
        0.09905687952736451
    ],
    "Packets collided": [
        2.039373692889506e-06,
        2.7788631835515696e-05
    ],
    "Destinatary out of range": [
        7.605562476626829e-05,
        0.00028793236888175134
    ],
    "Packets dropped": [
        0.0,
        0.0
    ],
    "Other causes of loss": [
        0.6516409245489894,
        0.6600580601780799
    ],
    "Queue MN Avg": [
        0.43484675354392893,
        0.43506023918102726
    ],
    "Queue MN Var": [
        1.2346785533160624e-05,
        1.2928164660655488e-05
    ],
    "Queue BR Avg": [
        970.259149804888,
        1025.505116362508
    ],
    "Queue BR Var": [
        299807.2272272022,
        397992.2700319464
    ],
    "Upstream Delay Avg": [
        0.8632678252154777,
        0.8643897438135699
    ],
    "Upstream Delay 95th Perc": [
        1.6399790426989767,
        1.6411575118961097
    ],
    "Upstream Delay Var": [
        0.2475981114305473,
        0.24800821727118502
    ],
    "Downstream Delay Avg": [
        1.2853849415182554,
        1.917329466238709
    ],
    "Downstream Delay 95th Perc": [
        2.1072371841741218,
        3.5994200190835004
    ],
    "Downstream Delay Var": [
        1.8802253883747264,
        6.764229554991004
    ],
    "RTT Avg": [
        1872.089865722246,
        1899.506651081008
    ],
    "RTT 95th Perc": [
        3361.993814458417,
        3408.466213461297
    ],
    "RTT Var": [
        932871.6121768461,
        959169.1248327038
    ]
}