{
    "Upstream PDR": [
        0.2840558560204674,
        0.2887764969207091
    ],
    "Downstream PDR": [
        0.20244652310732125,
        0.2127376582839639
    ],
    "TicToc PDR": [
        0.05791737127627805,
        0.060996914438007685
    ],
    "Packets retransmitted per node AVG": [
        0.0,
        0.0
    ],
    "Counter of retransmission per packet AVG": [
        0.0,
        0.0
    ],
    "Intertime of retransmissions AVG": [
        0.0,
        0.0
    ],
    "Packets delivered": [
        0.31953140234098165,
        0.3248878516734319
    ],
    "Packets lost due to noise": [
        0.08890265246757882,
        0.0907912940716543
    ],
    "Packets collided": [
        3.092312357753477e-05,
        0.00011221528052973744
    ],
    "Destinatary out of range": [
        1.0236689722179125e-05,
        0.00014638397289321915
    ],
    "Packets dropped": [
        0.0,
        0.0
    ],
    "Other causes of loss": [
        0.5846386048919088,
        0.5909484354877221
    ],
    "Queue MN Avg": [
        0.38247568322711584,
        0.38250963500762186
    ],
    "Queue MN Var": [
        1.9726904306335975e-07,
        2.1336256731434266e-07
    ],
    "Queue BR Avg": [
        490.3154168675944,
        501.9738491016208
    ],
    "Queue BR Var": [
        117216.98879549922,
        136761.48502942105
    ],
    "Upstream Delay Avg": [
        0.7589680635144974,
        0.7595701904648376
    ],
    "Upstream Delay 95th Perc": [
        1.4407509826337044,
        1.4414791041610384
    ],
    "Upstream Delay Var": [
        0.19119029909840782,
        0.19143552055971522
    ],
    "Downstream Delay Avg": [
        1.198196827044642,
        1.6474628514623753
    ],
    "Downstream Delay 95th Perc": [
        1.935281645820056,
        2.9633217021532365
    ],
    "Downstream Delay Var": [
        1.7596174669252929,
        3.8018553232415657
    ],
    "RTT Avg": [
        1880.9623655010398,
        1888.111206472792
    ],
    "RTT 95th Perc": [
        3386.4236691883184,
        3404.363442958996
    ],
    "RTT Var": [
        936610.3872536188,
        947299.467616458
    ]
}