{
    "Upstream PDR": [
        0.09028411517521877,
        0.09569773356427706
    ],
    "Downstream PDR": [
        0.0,
        0.0
    ],
    "TicToc PDR": [
        0.0,
        0.0
    ],
    "Packets retransmitted per node AVG": [
        0.0,
        0.0
    ],
    "Counter of retransmission per packet AVG": [
        0.0,
        0.0
    ],
    "Intertime of retransmissions AVG": [
        0.0,
        0.0
    ],
    "Packets delivered": [
        0.0962225522478814,
        0.10153952751046386
    ],
    "Packets lost due to noise": [
        0.06468739988885756,
        0.06748551010643457
    ],
    "Packets collided": [
        -4.652415879582181e-06,
        1.4345312601767607e-05
    ],
    "Destinatary out of range": [
        -1.2096281286913679e-05,
        3.7297812764595784e-05
    ],
    "Packets dropped": [
        0.0,
        0.0
    ],
    "Other causes of loss": [
        0.8310700996959157,
        0.8389600161222468
    ],
    "Queue MN Avg": [
        0.38247075720307616,
        0.38251433477049196
    ],
    "Queue MN Var": [
        2.0027561651683327e-07,
        2.2107869771582352e-07
    ],
    "Queue BR Avg": [
        0.0,
        0.0
    ],
    "Queue BR Var": [
        0.0,
        0.0
    ],
    "Upstream Delay Avg": [
        0.7594641718988961,
        0.7612601308252132
    ],
    "Upstream Delay 95th Perc": [
        1.4401197005986772,
        1.441747694204581
    ],
    "Upstream Delay Var": [
        0.1909182175283597,
        0.19170618271539663
    ],
    "Downstream Delay Avg": [
        0.0,
        0.0
    ],
    "Downstream Delay 95th Perc": [
        0.0,
        0.0
    ],
    "Downstream Delay Var": [
        0.0,
        0.0
    ],
    "RTT Avg": [
        0.0,
        0.0
    ],
    "RTT 95th Perc": [
        0.0,
        0.0
    ],
    "RTT Var": [
        0.0,
        0.0
    ]
}