{
    "Upstream PDR": [
        0.21497833075179187,
        0.22627881210535097
    ],
    "Downstream PDR": [
        0.22836830424558247,
        0.28934491507845733
    ],
    "TicToc PDR": [
        0.050191972063753615,
        0.0645508850791035
    ],
    "Packets retransmitted per node AVG": [
        0.0,
        0.0
    ],
    "Counter of retransmission per packet AVG": [
        0.0,
        0.0
    ],
    "Intertime of retransmissions AVG": [
        0.0,
        0.0
    ],
    "Packets delivered": [
        0.2741603852942653,
        0.2900786172939778
    ],
    "Packets lost due to noise": [
        0.10829504603951998,
        0.11669341869477451
    ],
    "Packets collided": [
        0.0,
        0.0
    ],
    "Destinatary out of range": [
        -2.4993487262826014e-06,
        2.528256029422768e-05
    ],
    "Packets dropped": [
        0.0,
        0.0
    ],
    "Other causes of loss": [
        0.5956309742474132,
        0.6151187752184809
    ],
    "Queue MN Avg": [
        0.059431743458824356,
        0.060184179781248424
    ],
    "Queue MN Var": [
        9.793058009133288e-06,
        1.2526205719866625e-05
    ],
    "Queue BR Avg": [
        45.260378283275344,
        50.58497132298392
    ],
    "Queue BR Var": [
        2722.801730589255,
        3461.1881974042376
    ],
    "Upstream Delay Avg": [
        0.11316629724218831,
        0.11495877298893449
    ],
    "Upstream Delay 95th Perc": [
        0.21401513417112894,
        0.21643716836721372
    ],
    "Upstream Delay Var": [
        0.004193221758514367,
        0.004219325898244144
    ],
    "Downstream Delay Avg": [
        0.1316189356123754,
        0.13581805980929348
    ],
    "Downstream Delay 95th Perc": [
        0.13155807500387415,
        0.13565621341924675
    ],
    "Downstream Delay Var": [
        -1.0353242727260075e-05,
        5.879005797508125e-05
    ],
    "RTT Avg": [
        1794.162215546791,
        1924.426268247754
    ],
    "RTT 95th Perc": [
        3059.3598893401363,
        3260.2393474570495
    ],
    "RTT Var": [
        755095.8294223463,
        886696.7843652859
    ]
}