{
    "Upstream PDR": [
        0.5994468623166221,
        0.6338112409246744
    ],
    "Downstream PDR": [
        0.0,
        0.0
    ],
    "TicToc PDR": [
        0.0,
        0.0
    ],
    "Packets retransmitted per node AVG": [
        0.0,
        0.0
    ],
    "Counter of retransmission per packet AVG": [
        0.0,
        0.0
    ],
    "Intertime of retransmissions AVG": [
        0.0,
        0.0
    ],
    "Packets delivered": [
        0.6337955080419053,
        0.6701586194548097
    ],
    "Packets lost due to noise": [
        0.1292695736866184,
        0.14184382759647757
    ],
    "Packets collided": [
        0.0,
        0.0
    ],
    "Destinatary out of range": [
        -1.783459002230349e-07,
        1.1545920021206665e-06
    ],
    "Packets dropped": [
        0.0,
        0.0
    ],
    "Other causes of loss": [
        0.19540197734806797,
        0.22952951762601914
    ],
    "Queue MN Avg": [
        52.05965346190843,
        52.08699833553165
    ],
    "Queue MN Var": [
        0.08091088929712675,
        0.08570253952354842
    ],
    "Queue BR Avg": [
        0.0,
        0.0
    ],
    "Queue BR Var": [
        0.0,
        0.0
    ],
    "Upstream Delay Avg": [
        104.09228464451488,
        104.15102818857196
    ],
    "Upstream Delay 95th Perc": [
        187.31184482968018,
        187.37370358120552
    ],
    "Upstream Delay Var": [
        2848.3229233789925,
        2850.904013029439
    ],
    "Downstream Delay Avg": [
        0.0,
        0.0
    ],
    "Downstream Delay 95th Perc": [
        0.0,
        0.0
    ],
    "Downstream Delay Var": [
        0.0,
        0.0
    ],
    "RTT Avg": [
        0.0,
        0.0
    ],
    "RTT 95th Perc": [
        0.0,
        0.0
    ],
    "RTT Var": [
        0.0,
        0.0
    ]
}