{
    "Upstream PDR": [
        0.6355140341471635,
        0.6656755083364967
    ],
    "Downstream PDR": [
        0.18755877895143913,
        0.20976969357798464
    ],
    "TicToc PDR": [
        0.1215240337465276,
        0.13698166186505023
    ],
    "Packets retransmitted per node AVG": [
        0.0,
        0.0
    ],
    "Counter of retransmission per packet AVG": [
        0.0,
        0.0
    ],
    "Intertime of retransmissions AVG": [
        0.0,
        0.0
    ],
    "Packets delivered": [
        0.6596585676183606,
        0.6875133848752419
    ],
    "Packets lost due to noise": [
        0.1293350691872435,
        0.13933939734756837
    ],
    "Packets collided": [
        1.189643943502262e-05,
        0.00011171074645763607
    ],
    "Destinatary out of range": [
        0.0003537712960617926,
        0.00206525631336531
    ],
    "Packets dropped": [
        0.0,
        0.0
    ],
    "Other causes of loss": [
        0.17783983074522153,
        0.2037711154310442
    ],
    "Queue MN Avg": [
        0.43482990073284206,
        0.43509788477035644
    ],
    "Queue MN Var": [
        1.2022524943780425e-05,
        1.262271424400689e-05
    ],
    "Queue BR Avg": [
        2903.7387070438454,
        3073.8875462206142
    ],
    "Queue BR Var": [
        2546618.3674509544,
        3438910.5592343835
    ],
    "Upstream Delay Avg": [
        0.8636831823763672,
        0.8644036138000569
    ],
    "Upstream Delay 95th Perc": [
        1.6400395316036267,
        1.64086237461586
    ],
    "Upstream Delay Var": [
        0.24784702472073358,
        0.24802506714860303
    ],
    "Downstream Delay Avg": [
        42.59970878979158,
        89.10583704798472
    ],
    "Downstream Delay 95th Perc": [
        75.63098650372172,
        160.469267712335
    ],
    "Downstream Delay Var": [
        6559.564707358432,
        15724.774739767134
    ],
    "RTT Avg": [
        1803.5298079594472,
        1887.961170928695
    ],
    "RTT 95th Perc": [
        3204.209504148931,
        3359.0463941987955
    ],
    "RTT Var": [
        897623.7175364536,
        955377.7125214657
    ]
}