{
    "Upstream PDR": [
        0.09452847433438866,
        0.09976564331267021
    ],
    "Downstream PDR": [
        0.1584167617223892,
        0.18841775713028794
    ],
    "TicToc PDR": [
        0.015332508734560527,
        0.018265810593170565
    ],
    "Packets retransmitted per node AVG": [
        0.0,
        0.0
    ],
    "Counter of retransmission per packet AVG": [
        0.0,
        0.0
    ],
    "Intertime of retransmissions AVG": [
        0.0,
        0.0
    ],
    "Packets delivered": [
        0.11583950900544945,
        0.121865511422031
    ],
    "Packets lost due to noise": [
        0.06937921654892376,
        0.07219328469701544
    ],
    "Packets collided": [
        -3.8095396218495404e-07,
        1.17463782599674e-06
    ],
    "Destinatary out of range": [
        1.8870931761488075e-05,
        4.72969843686121e-05
    ],
    "Packets dropped": [
        0.0,
        0.0
    ],
    "Other causes of loss": [
        0.8061517325701467,
        0.8145037841564392
    ],
    "Queue MN Avg": [
        0.19499076073597996,
        0.1950013106689912
    ],
    "Queue MN Var": [
        1.00183723573351e-08,
        1.1610427063328673e-08
    ],
    "Queue BR Avg": [
        207.18335096492223,
        224.3293345345769
    ],
    "Queue BR Var": [
        43010.85092122264,
        58434.253115346226
    ],
    "Upstream Delay Avg": [
        0.38411645365629526,
        0.38498660591845973
    ],
    "Upstream Delay 95th Perc": [
        0.7280005478243989,
        0.7289614984987438
    ],
    "Upstream Delay Var": [
        0.04861497544177069,
        0.04881140613574756
    ],
    "Downstream Delay Avg": [
        0.4096098266716691,
        0.4237210068319158
    ],
    "Downstream Delay 95th Perc": [
        0.416187780898934,
        0.44883380806158063
    ],
    "Downstream Delay Var": [
        -1.3837317390305928e-05,
        0.004137018492736988
    ],
    "RTT Avg": [
        1831.627249698047,
        1973.4004114923675
    ],
    "RTT 95th Perc": [
        2789.1625007477032,
        2946.5535315330253
    ],
    "RTT Var": [
        568285.2926067081,
        660038.940389707
    ]
}