{
    "Upstream PDR": [
        0.64160171727198,
        0.6816661818876836
    ],
    "Downstream PDR": [
        0.2092746342678346,
        0.23786348815049158
    ],
    "TicToc PDR": [
        0.136999209859047,
        0.16117020190565878
    ],
    "Packets retransmitted per node AVG": [
        0.0,
        0.0
    ],
    "Counter of retransmission per packet AVG": [
        0.0,
        0.0
    ],
    "Intertime of retransmissions AVG": [
        0.0,
        0.0
    ],
    "Packets delivered": [
        0.666107625057338,
        0.7050717306275719
    ],
    "Packets lost due to noise": [
        0.12271207772273242,
        0.13764283767857896
    ],
    "Packets collided": [
        -2.113857242529972e-07,
        1.366073588376428e-06
    ],
    "Destinatary out of range": [
        0.00018720601917986108,
        0.0010614838295661111
    ],
    "Packets dropped": [
        0.0,
        0.0
    ],
    "Other causes of loss": [
        0.16638621197112707,
        0.20082967240604188
    ],
    "Queue MN Avg": [
        0.247378415606711,
        0.24764691429934274
    ],
    "Queue MN Var": [
        1.1948179590134188e-05,
        1.3010222547460307e-05
    ],
    "Queue BR Avg": [
        1554.516843059442,
        1656.05903787803
    ],
    "Queue BR Var": [
        1408711.2705241058,
        1861621.719516971
    ],
    "Upstream Delay Avg": [
        0.4887086377761563,
        0.4895177151899078
    ],
    "Upstream Delay 95th Perc": [
        0.92783951031108,
        0.9285784809970915
    ],
    "Upstream Delay Var": [
        0.07918428955832876,
        0.07927062840389795
    ],
    "Downstream Delay Avg": [
        0.5175416827436156,
        0.5467898082042669
    ],
    "Downstream Delay 95th Perc": [
        0.5435615011724695,
        0.592005862066532
    ],
    "Downstream Delay Var": [
        0.006740356182641305,
        0.014989397611454524
    ],
    "RTT Avg": [
        1757.8613028752018,
        1860.8688831094476
    ],
    "RTT 95th Perc": [
        3095.4622375164454,
        3285.72092951961
    ],
    "RTT Var": [
        853656.7590416797,
        932128.1177658333
    ]
}