{
    "Upstream PDR": [
        0.04973618334916905,
        0.05205406875167128
    ],
    "Downstream PDR": [
        0.0,
        0.0
    ],
    "TicToc PDR": [
        0.0,
        0.0
    ],
    "Packets retransmitted per node AVG": [
        0.0,
        0.0
    ],
    "Counter of retransmission per packet AVG": [
        0.0,
        0.0
    ],
    "Intertime of retransmissions AVG": [
        0.0,
        0.0
    ],
    "Packets delivered": [
        0.08159605549503714,
        0.08493367158084265
    ],
    "Packets lost due to noise": [
        0.054018390200644216,
        0.05587466391277612
    ],
    "Packets collided": [
        0.0,
        0.0
    ],
    "Destinatary out of range": [
        0.0,
        0.0
    ],
    "Packets dropped": [
        0.0,
        0.0
    ],
    "Other causes of loss": [
        0.8592889046618898,
        0.8642883141488101
    ],
    "Queue MN Avg": [
        319.89082234409534,
        319.90900201168836
    ],
    "Queue MN Var": [
        0.08577248328391078,
        0.09069304431710411
    ],
    "Queue BR Avg": [
        0.0,
        0.0
    ],
    "Queue BR Var": [
        0.0,
        0.0
    ],
    "Upstream Delay Avg": [
        641.7960153645759,
        651.5610366405494
    ],
    "Upstream Delay 95th Perc": [
        1152.5246247003658,
        1160.3880631715144
    ],
    "Upstream Delay Var": [
        106944.50129161347,
        109769.90116946009
    ],
    "Downstream Delay Avg": [
        0.0,
        0.0
    ],
    "Downstream Delay 95th Perc": [
        0.0,
        0.0
    ],
    "Downstream Delay Var": [
        0.0,
        0.0
    ],
    "RTT Avg": [
        0.0,
        0.0
    ],
    "RTT 95th Perc": [
        0.0,
        0.0
    ],
    "RTT Var": [
        0.0,
        0.0
    ]
}