{
    "Upstream PDR": [
        0.27555728665526386,
        0.27926120073969424
    ],
    "Downstream PDR": [
        0.19512376648015442,
        0.20364162320327414
    ],
    "TicToc PDR": [
        0.054072862831649963,
        0.056547305235576904
    ],
    "Packets retransmitted per node AVG": [
        0.0,
        0.0
    ],
    "Counter of retransmission per packet AVG": [
        0.0,
        0.0
    ],
    "Intertime of retransmissions AVG": [
        0.0,
        0.0
    ],
    "Packets delivered": [
        0.3083350707421278,
        0.312553938123771
    ],
    "Packets lost due to noise": [
        0.08840299456036596,
        0.09012578710095318
    ],
    "Packets collided": [
        3.9573144565910135e-05,
        0.0001197817942615505
    ],
    "Destinatary out of range": [
        5.254532382858232e-05,
        0.00020121834557556932
    ],
    "Packets dropped": [
        0.0,
        0.0
    ],
    "Other causes of loss": [
        0.597684747244094,
        0.6024843436204566
    ],
    "Queue MN Avg": [
        0.479989966837184,
        0.48005090135215245
    ],
    "Queue MN Var": [
        8.918980649858491e-07,
        9.742135227416689e-07
    ],
    "Queue BR Avg": [
        599.4462975384293,
        611.2525268851413
    ],
    "Queue BR Var": [
        148984.22274830978,
        173942.62849061913
    ],
    "Upstream Delay Avg": [
        0.95233640593796,
        0.9545619882103
    ],
    "Upstream Delay 95th Perc": [
        1.8105865074721184,
        1.8114090087201107
    ],
    "Upstream Delay Var": [
        0.30126518578860584,
        0.30240456949669114
    ],
    "Downstream Delay Avg": [
        1.6661263709753988,
        2.2709084549990024
    ],
    "Downstream Delay 95th Perc": [
        2.72113754399397,
        4.241118649462997
    ],
    "Downstream Delay Var": [
        3.8665721394634778,
        8.706793171740891
    ],
    "RTT Avg": [
        1871.0805059670085,
        1884.2796410716248
    ],
    "RTT 95th Perc": [
        3365.8328106708973,
        3392.4679408246107
    ],
    "RTT Var": [
        932515.1787923577,
        943979.3994219445
    ]
}