{
    "Upstream PDR": [
        0.9135188784679916,
        0.9228244588669424
    ],
    "Downstream PDR": [
        0.2128744087195722,
        0.23384764233656735
    ],
    "TicToc PDR": [
        0.19545672705293812,
        0.21469693441164764
    ],
    "Packets retransmitted per node AVG": [
        0.0,
        0.0
    ],
    "Counter of retransmission per packet AVG": [
        0.0,
        0.0
    ],
    "Intertime of retransmissions AVG": [
        0.0,
        0.0
    ],
    "Packets delivered": [
        0.9083375911697935,
        0.9172635061845005
    ],
    "Packets lost due to noise": [
        0.07287495481292101,
        0.07965667361457511
    ],
    "Packets collided": [
        1.0576946889033994e-05,
        0.00011227765501547392
    ],
    "Destinatary out of range": [
        7.488599102142134e-05,
        0.0001720619648551914
    ],
    "Packets dropped": [
        0.0,
        0.0
    ],
    "Other causes of loss": [
        0.008789477178390126,
        0.012707994482038423
    ],
    "Queue MN Avg": [
        0.33731036706544,
        0.33759851351891007
    ],
    "Queue MN Var": [
        1.2311086574371508e-05,
        1.3116948345820038e-05
    ],
    "Queue BR Avg": [
        1932.799362912646,
        1996.3947360141103
    ],
    "Queue BR Var": [
        1844415.732212622,
        2299832.488124693
    ],
    "Upstream Delay Avg": [
        0.6685687251801545,
        0.6693328301607729
    ],
    "Upstream Delay 95th Perc": [
        1.269678570913494,
        1.2700953613990207
    ],
    "Upstream Delay Var": [
        0.14849295101514132,
        0.14862402990755197
    ],
    "Downstream Delay Avg": [
        22.74626544950385,
        45.877200329168176
    ],
    "Downstream Delay 95th Perc": [
        40.434180505351975,
        83.08358528880122
    ],
    "Downstream Delay Var": [
        2052.853601215099,
        4805.177773341271
    ],
    "RTT Avg": [
        1739.0676181756903,
        1837.211935868137
    ],
    "RTT 95th Perc": [
        3122.197779798571,
        3310.25914287841
    ],
    "RTT Var": [
        864560.5005507626,
        926149.3394135389
    ]
}