{
    "Upstream PDR": [
        0.08377957176973076,
        0.08917505007900876
    ],
    "Downstream PDR": [
        0.17225948376762598,
        0.1965215200549341
    ],
    "TicToc PDR": [
        0.014841866991781558,
        0.01689258678973105
    ],
    "Packets retransmitted per node AVG": [
        0.0,
        0.0
    ],
    "Counter of retransmission per packet AVG": [
        0.0,
        0.0
    ],
    "Intertime of retransmissions AVG": [
        0.0,
        0.0
    ],
    "Packets delivered": [
        0.10730221095292809,
        0.11285607094033086
    ],
    "Packets lost due to noise": [
        0.05970311243947346,
        0.062367765328997585
    ],
    "Packets collided": [
        -4.958006432411701e-07,
        8.156260971315782e-06
    ],
    "Destinatary out of range": [
        2.1457834082481273e-05,
        6.766029688289943e-05
    ],
    "Packets dropped": [
        0.0,
        0.0
    ],
    "Other causes of loss": [
        0.8249022175785041,
        0.8327718441684726
    ],
    "Queue MN Avg": [
        0.33751075597356445,
        0.3377586983003504
    ],
    "Queue MN Var": [
        1.1950484652715622e-05,
        1.2882553180923216e-05
    ],
    "Queue BR Avg": [
        142.40641990141913,
        153.78203845269908
    ],
    "Queue BR Var": [
        19199.60125971939,
        24306.680593050456
    ],
    "Upstream Delay Avg": [
        0.6642861028325975,
        0.6707349213034377
    ],
    "Upstream Delay 95th Perc": [
        1.2652473441291459,
        1.2704263446225108
    ],
    "Upstream Delay Var": [
        0.1476790314424772,
        0.14876158327400454
    ],
    "Downstream Delay Avg": [
        0.6797551785158715,
        0.7171458934072996
    ],
    "Downstream Delay 95th Perc": [
        0.7018389492647177,
        0.8905385622020678
    ],
    "Downstream Delay Var": [
        0.010471075349267528,
        0.1548752807811753
    ],
    "RTT Avg": [
        1911.6613818255905,
        2007.3899536423696
    ],
    "RTT 95th Perc": [
        2847.708255476691,
        2954.4896842063317
    ],
    "RTT Var": [
        572674.3018962558,
        633248.2425963491
    ]
}