{
    "Upstream PDR": [
        0.1565758004904657,
        0.17020739278684516
    ],
    "Downstream PDR": [
        0.20710795024613224,
        0.26855146790369677
    ],
    "TicToc PDR": [
        0.03383906389076493,
        0.04336093610923505
    ],
    "Packets retransmitted per node AVG": [
        0.0,
        0.0
    ],
    "Counter of retransmission per packet AVG": [
        0.0,
        0.0
    ],
    "Intertime of retransmissions AVG": [
        0.0,
        0.0
    ],
    "Packets delivered": [
        0.19811416373101282,
        0.2147052268420962
    ],
    "Packets lost due to noise": [
        0.09649223608465664,
        0.10251255719761605
    ],
    "Packets collided": [
        0.0,
        0.0
    ],
    "Destinatary out of range": [
        1.5863272035711198e-05,
        0.00018966581929776905
    ],
    "Packets dropped": [
        0.0,
        0.0
    ],
    "Other causes of loss": [
        0.6834183390638606,
        0.704551947989424
    ],
    "Queue MN Avg": [
        0.059431743458824356,
        0.060184179781248424
    ],
    "Queue MN Var": [
        9.793058009133288e-06,
        1.2526205719866625e-05
    ],
    "Queue BR Avg": [
        75.23463801994711,
        88.09283500204126
    ],
    "Queue BR Var": [
        6933.3802520370555,
        9456.312030136076
    ],
    "Upstream Delay Avg": [
        0.11319228703715536,
        0.1150466289686258
    ],
    "Upstream Delay 95th Perc": [
        0.21423979729726883,
        0.21698568982393124
    ],
    "Upstream Delay Var": [
        0.004192142466322458,
        0.004216721789733567
    ],
    "Downstream Delay Avg": [
        0.12580244928760617,
        0.1338665870911078
    ],
    "Downstream Delay 95th Perc": [
        0.12854151644871745,
        0.14325848599689586
    ],
    "Downstream Delay Var": [
        1.810344843279548e-05,
        0.00029616879730153304
    ],
    "RTT Avg": [
        1699.2632518816336,
        1863.9036115860958
    ],
    "RTT 95th Perc": [
        2827.183574678349,
        3046.643805008247
    ],
    "RTT Var": [
        660299.7821829563,
        800940.5208235087
    ]
}