{
    "Upstream PDR": [
        0.07944798583680125,
        0.08247033349092985
    ],
    "Downstream PDR": [
        0.1725443474942145,
        0.1916588385336871
    ],
    "TicToc PDR": [
        0.013957159057660283,
        0.0154831770767935
    ],
    "Packets retransmitted per node AVG": [
        0.0,
        0.0
    ],
    "Counter of retransmission per packet AVG": [
        0.0,
        0.0
    ],
    "Intertime of retransmissions AVG": [
        0.0,
        0.0
    ],
    "Packets delivered": [
        0.1012954464415426,
        0.10473128584013393
    ],
    "Packets lost due to noise": [
        0.05794123437648025,
        0.05963752799751216
    ],
    "Packets collided": [
        2.5474653699529017e-06,
        9.44748755410108e-06
    ],
    "Destinatary out of range": [
        2.5996474386701325e-05,
        6.72156328829295e-05
    ],
    "Packets dropped": [
        0.0,
        0.0
    ],
    "Other causes of loss": [
        0.8357206754113391,
        0.8405686228727984
    ],
    "Queue MN Avg": [
        0.47999597063625454,
        0.48004913285965656
    ],
    "Queue MN Var": [
        9.146088996748431e-07,
        9.914847097418629e-07
    ],
    "Queue BR Avg": [
        195.74554713402551,
        205.19117600301894
    ],
    "Queue BR Var": [
        31111.527866501983,
        36827.78686431026
    ],
    "Upstream Delay Avg": [
        0.9521661789774881,
        0.9539296267888228
    ],
    "Upstream Delay 95th Perc": [
        1.8107444899863419,
        1.8121870872051993
    ],
    "Upstream Delay Var": [
        0.30212265955022405,
        0.30296771261720096
    ],
    "Downstream Delay Avg": [
        1.0522324214067245,
        1.3392700532111956
    ],
    "Downstream Delay 95th Perc": [
        1.472696957032141,
        2.6349113745869324
    ],
    "Downstream Delay Var": [
        0.04377306479498877,
        7.839625635106249
    ],
    "RTT Avg": [
        1904.6852082905332,
        1976.4569469736991
    ],
    "RTT 95th Perc": [
        2820.855169958045,
        2916.064836330923
    ],
    "RTT Var": [
        560567.4013472707,
        627945.6195869665
    ]
}