{
    "Upstream PDR": [
        0.6257771159750777,
        0.7071606991509726
    ],
    "Downstream PDR": [
        0.43704998730797523,
        0.5464328271258868
    ],
    "TicToc PDR": [
        0.28565976338912025,
        0.3702158668629806
    ],
    "Packets retransmitted per node AVG": [
        0.0,
        0.0
    ],
    "Counter of retransmission per packet AVG": [
        0.0,
        0.0
    ],
    "Intertime of retransmissions AVG": [
        0.0,
        0.0
    ],
    "Packets delivered": [
        0.673980678212271,
        0.744667993176088
    ],
    "Packets lost due to noise": [
        0.10348013357367211,
        0.13340099396938995
    ],
    "Packets collided": [
        -0.00011662124798834432,
        0.00038667243176103904
    ],
    "Destinatary out of range": [
        0.0004195393374057791,
        0.0022949167366767705
    ],
    "Packets dropped": [
        0.0,
        0.0
    ],
    "Other causes of loss": [
        0.14281035750039767,
        0.19867533631032575
    ],
    "Queue MN Avg": [
        0.05955156157010009,
        0.06027474043999404
    ],
    "Queue MN Var": [
        1.0583685379500295e-05,
        1.3855092312510868e-05
    ],
    "Queue BR Avg": [
        139.99813715677575,
        195.76237664065414
    ],
    "Queue BR Var": [
        103104.79155044715,
        174013.91687078905
    ],
    "Upstream Delay Avg": [
        0.11325433234722738,
        0.11512013637688041
    ],
    "Upstream Delay 95th Perc": [
        0.21416514254349042,
        0.21714154813576678
    ],
    "Upstream Delay Var": [
        0.004204441951439805,
        0.004217878478060995
    ],
    "Downstream Delay Avg": [
        0.12539971537768835,
        0.1321352443610755
    ],
    "Downstream Delay 95th Perc": [
        0.12701378535239743,
        0.13880560240270456
    ],
    "Downstream Delay Var": [
        6.823205396119965e-06,
        0.0005528784845612463
    ],
    "RTT Avg": [
        1555.8298998902897,
        1704.3908634184036
    ],
    "RTT 95th Perc": [
        2744.760563172569,
        3033.9996869525266
    ],
    "RTT Var": [
        707072.173330554,
        812289.9737055311
    ]
}