{
    "Upstream PDR": [
        0.3680047225859194,
        0.39559527741408057
    ],
    "Downstream PDR": [
        0.2089615009096543,
        0.2792046024028625
    ],
    "TicToc PDR": [
        0.07948623680238373,
        0.10469191445812051
    ],
    "Packets retransmitted per node AVG": [
        0.0,
        0.0
    ],
    "Counter of retransmission per packet AVG": [
        0.0,
        0.0
    ],
    "Intertime of retransmissions AVG": [
        0.0,
        0.0
    ],
    "Packets delivered": [
        0.4109883491944151,
        0.43843498528154784
    ],
    "Packets lost due to noise": [
        0.12146142550678175,
        0.1330926931237063
    ],
    "Packets collided": [
        0.0,
        0.0
    ],
    "Destinatary out of range": [
        -1.0977247416153334e-06,
        0.0001065948071819301
    ],
    "Packets dropped": [
        0.0,
        0.0
    ],
    "Other causes of loss": [
        0.43412740989231347,
        0.4617896399187954
    ],
    "Queue MN Avg": [
        0.05964500117102562,
        0.060309746595001275
    ],
    "Queue MN Var": [
        1.096693464075169e-05,
        1.3972544575400314e-05
    ],
    "Queue BR Avg": [
        162.88052039874063,
        190.39248728296153
    ],
    "Queue BR Var": [
        24355.5660176028,
        35023.26038713896
    ],
    "Upstream Delay Avg": [
        0.11378325631428356,
        0.115539989202972
    ],
    "Upstream Delay 95th Perc": [
        0.21438985674833422,
        0.21710517284709435
    ],
    "Upstream Delay Var": [
        0.004201520730573044,
        0.004219157017401227
    ],
    "Downstream Delay Avg": [
        0.126880760046585,
        0.13633529204487266
    ],
    "Downstream Delay 95th Perc": [
        0.12788208029238668,
        0.141217922776478
    ],
    "Downstream Delay Var": [
        -2.2399992487648368e-05,
        0.00041541155509477643
    ],
    "RTT Avg": [
        1791.1914313563047,
        1929.3764427563283
    ],
    "RTT 95th Perc": [
        3175.746762434508,
        3380.106002959401
    ],
    "RTT Var": [
        847315.9620139401,
        948350.2321571484
    ]
}