{
    "Upstream PDR": [
        0.25878999069920144,
        0.2632047805426287
    ],
    "Downstream PDR": [
        0.1878011091750483,
        0.20155190796074698
    ],
    "TicToc PDR": [
        0.04904591171626263,
        0.05249694542659453
    ],
    "Packets retransmitted per node AVG": [
        0.0,
        0.0
    ],
    "Counter of retransmission per packet AVG": [
        0.0,
        0.0
    ],
    "Intertime of retransmissions AVG": [
        0.0,
        0.0
    ],
    "Packets delivered": [
        0.2891890301668891,
        0.2938855497206958
    ],
    "Packets lost due to noise": [
        0.09430576818825684,
        0.09659128493731298
    ],
    "Packets collided": [
        1.7248100255544218e-05,
        6.25341380973674e-05
    ],
    "Destinatary out of range": [
        2.9765928115524542e-05,
        0.00012119132630656967
    ],
    "Packets dropped": [
        0.0,
        0.0
    ],
    "Other causes of loss": [
        0.6104480060110977,
        0.6153496214829728
    ],
    "Queue MN Avg": [
        0.43484675354392893,
        0.43506023918102726
    ],
    "Queue MN Var": [
        1.2346785533160624e-05,
        1.2928164660655488e-05
    ],
    "Queue BR Avg": [
        721.0711894620612,
        745.9204012293072
    ],
    "Queue BR Var": [
        184537.9579177075,
        227511.28472380165
    ],
    "Upstream Delay Avg": [
        0.8634020196018602,
        0.8643180472829627
    ],
    "Upstream Delay 95th Perc": [
        1.6398401857210887,
        1.6408057536681686
    ],
    "Upstream Delay Var": [
        0.24788416943247443,
        0.2481649004682447
    ],
    "Downstream Delay Avg": [
        1.3809068848842119,
        1.8455605506367008
    ],
    "Downstream Delay 95th Perc": [
        2.236647138210231,
        3.3289473515159487
    ],
    "Downstream Delay Var": [
        2.5380960750611505,
        5.605261910004423
    ],
    "RTT Avg": [
        1872.1320076806505,
        1885.53595256967
    ],
    "RTT 95th Perc": [
        3366.002825254398,
        3394.0770231366296
    ],
    "RTT Var": [
        931126.9025643253,
        941948.8464536903
    ]
}