{
    "Upstream PDR": [
        0.2980667702739861,
        0.30499653504814284
    ],
    "Downstream PDR": [
        0.20178995870239358,
        0.2138494009520353
    ],
    "TicToc PDR": [
        0.06088360722813516,
        0.06432031434049228
    ],
    "Packets retransmitted per node AVG": [
        0.0,
        0.0
    ],
    "Counter of retransmission per packet AVG": [
        0.0,
        0.0
    ],
    "Intertime of retransmissions AVG": [
        0.0,
        0.0
    ],
    "Packets delivered": [
        0.3354782779211295,
        0.3425548705035919
    ],
    "Packets lost due to noise": [
        0.0894778457622438,
        0.09210455530126294
    ],
    "Packets collided": [
        3.999229877934415e-06,
        2.0453249913393882e-05
    ],
    "Destinatary out of range": [
        1.4338814896539103e-05,
        3.466586928444142e-05
    ],
    "Packets dropped": [
        0.0,
        0.0
    ],
    "Other causes of loss": [
        0.5660198901546998,
        0.5742911031930997
    ],
    "Queue MN Avg": [
        0.2924916927407366,
        0.2925071538940659
    ],
    "Queue MN Var": [
        2.7341621640431962e-08,
        3.037584359711962e-08
    ],
    "Queue BR Avg": [
        386.9356598468099,
        400.5979490029878
    ],
    "Queue BR Var": [
        79150.83868587288,
        94385.17830681027
    ],
    "Upstream Delay Avg": [
        0.5788402577890553,
        0.5793526671943178
    ],
    "Upstream Delay 95th Perc": [
        1.0985282616305174,
        1.0989196934354826
    ],
    "Upstream Delay Var": [
        0.11113715512373674,
        0.11127517900692792
    ],
    "Downstream Delay Avg": [
        0.6833239310219563,
        0.7854470215724383
    ],
    "Downstream Delay 95th Perc": [
        0.8411326013545934,
        1.1309918021997172
    ],
    "Downstream Delay Var": [
        0.11188835219030352,
        0.2812741393161532
    ],
    "RTT Avg": [
        1873.0584170646564,
        1884.2901453638635
    ],
    "RTT 95th Perc": [
        3370.2850945536347,
        3399.86149927088
    ],
    "RTT Var": [
        926476.0305033709,
        940355.4893923266
    ]
}