{
    "Upstream PDR": [
        0.525504866644628,
        0.5526514358763805
    ],
    "Downstream PDR": [
        0.0,
        0.0
    ],
    "TicToc PDR": [
        0.0,
        0.0
    ],
    "Packets retransmitted per node AVG": [
        0.0,
        0.0
    ],
    "Counter of retransmission per packet AVG": [
        0.0,
        0.0
    ],
    "Intertime of retransmissions AVG": [
        0.0,
        0.0
    ],
    "Packets delivered": [
        0.6345722639690692,
        0.6673998079204695
    ],
    "Packets lost due to noise": [
        0.13132301365470728,
        0.14285008356102363
    ],
    "Packets collided": [
        0.0,
        0.0
    ],
    "Destinatary out of range": [
        -4.6814266429013005e-07,
        1.4434764722859168e-06
    ],
    "Packets dropped": [
        0.0,
        0.0
    ],
    "Other causes of loss": [
        0.19639114646963018,
        0.2274627090912919
    ],
    "Queue MN Avg": [
        163.49211105152443,
        163.51660853401836
    ],
    "Queue MN Var": [
        0.08740692541718534,
        0.09489512640821987
    ],
    "Queue BR Avg": [
        0.0,
        0.0
    ],
    "Queue BR Var": [
        0.0,
        0.0
    ],
    "Upstream Delay Avg": [
        326.8806647984203,
        327.05539682433846
    ],
    "Upstream Delay 95th Perc": [
        589.7904412334302,
        589.9256973726277
    ],
    "Upstream Delay Var": [
        28416.39851857294,
        28441.72599669083
    ],
    "Downstream Delay Avg": [
        0.0,
        0.0
    ],
    "Downstream Delay 95th Perc": [
        0.0,
        0.0
    ],
    "Downstream Delay Var": [
        0.0,
        0.0
    ],
    "RTT Avg": [
        0.0,
        0.0
    ],
    "RTT 95th Perc": [
        0.0,
        0.0
    ],
    "RTT Var": [
        0.0,
        0.0
    ]
}