{
    "Upstream PDR": [
        0.13782929132222463,
        0.1455454985937417
    ],
    "Downstream PDR": [
        0.18016779925286708,
        0.21166242006792824
    ],
    "TicToc PDR": [
        0.025379842762966284,
        0.030189905136193382
    ],
    "Packets retransmitted per node AVG": [
        0.0,
        0.0
    ],
    "Counter of retransmission per packet AVG": [
        0.0,
        0.0
    ],
    "Intertime of retransmissions AVG": [
        0.0,
        0.0
    ],
    "Packets delivered": [
        0.17749158555073,
        0.18623128968620808
    ],
    "Packets lost due to noise": [
        0.08189401569053163,
        0.08609361049446308
    ],
    "Packets collided": [
        0.0,
        0.0
    ],
    "Destinatary out of range": [
        6.9539036652092575e-06,
        2.5376571783543028e-05
    ],
    "Packets dropped": [
        0.0,
        0.0
    ],
    "Other causes of loss": [
        0.728129928966644,
        0.7401272391359742
    ],
    "Queue MN Avg": [
        0.10499790186794104,
        0.10500287964684231
    ],
    "Queue MN Var": [
        1.1202572583850488e-09,
        1.286985288498432e-09
    ],
    "Queue BR Avg": [
        66.785186471541,
        71.89674659602893
    ],
    "Queue BR Var": [
        5423.959053068427,
        6970.736773267488
    ],
    "Upstream Delay Avg": [
        0.20393867266032734,
        0.2045895455848733
    ],
    "Upstream Delay 95th Perc": [
        0.3861823411183104,
        0.38679090270157535
    ],
    "Upstream Delay Var": [
        0.013631480616956057,
        0.013689668057812666
    ],
    "Downstream Delay Avg": [
        0.23562451850895402,
        0.24349579645245814
    ],
    "Downstream Delay 95th Perc": [
        0.23767530262834197,
        0.2510328654025953
    ],
    "Downstream Delay Var": [
        -2.4260286469042892e-05,
        0.00039854139496949144
    ],
    "RTT Avg": [
        1781.8290008900042,
        1943.3850674560601
    ],
    "RTT 95th Perc": [
        2860.6343748195013,
        3044.5617773171316
    ],
    "RTT Var": [
        656236.0075793244,
        799310.2518640865
    ]
}