{
    "Upstream PDR": [
        0.22048419917019785,
        0.22806243948526433
    ],
    "Downstream PDR": [
        0.1728671645675438,
        0.19405092199065677
    ],
    "TicToc PDR": [
        0.03856448755140285,
        0.043993075473807236
    ],
    "Packets retransmitted per node AVG": [
        0.0,
        0.0
    ],
    "Counter of retransmission per packet AVG": [
        0.0,
        0.0
    ],
    "Intertime of retransmissions AVG": [
        0.0,
        0.0
    ],
    "Packets delivered": [
        0.24367634825722967,
        0.25329386682177085
    ],
    "Packets lost due to noise": [
        0.0984551067335328,
        0.10158031749750704
    ],
    "Packets collided": [
        4.858555972912355e-06,
        3.7651042027221854e-05
    ],
    "Destinatary out of range": [
        5.7766632232125094e-05,
        0.00021770289709397773
    ],
    "Packets dropped": [
        0.0,
        0.0
    ],
    "Other causes of loss": [
        0.6458602326202146,
        0.6568161489424192
    ],
    "Queue MN Avg": [
        0.38247568322711584,
        0.38250963500762186
    ],
    "Queue MN Var": [
        1.9726904306335975e-07,
        2.1336256731434266e-07
    ],
    "Queue BR Avg": [
        892.3444419410773,
        928.988693552436
    ],
    "Queue BR Var": [
        261837.82950646727,
        348901.5975252026
    ],
    "Upstream Delay Avg": [
        0.7589669022360465,
        0.7598872884485876
    ],
    "Upstream Delay 95th Perc": [
        1.440375657784482,
        1.441029804262775
    ],
    "Upstream Delay Var": [
        0.19108312817475218,
        0.19140960088753986
    ],
    "Downstream Delay Avg": [
        1.1947952390437069,
        1.7184337182511273
    ],
    "Downstream Delay 95th Perc": [
        1.878919571314384,
        3.103569558478699
    ],
    "Downstream Delay Var": [
        1.4831298940855373,
        4.591865237709419
    ],
    "RTT Avg": [
        1870.9831469181734,
        1900.0632081578003
    ],
    "RTT 95th Perc": [
        3350.3631713812274,
        3402.500078388084
    ],
    "RTT Var": [
        920229.5159424182,
        950638.4600839023
    ]
}