{
    "Upstream PDR": [
        0.26427274168052783,
        0.2679264179833377
    ],
    "Downstream PDR": [
        0.18509343095188846,
        0.19886923485857055
    ],
    "TicToc PDR": [
        0.04918059379919084,
        0.05302738939408647
    ],
    "Packets retransmitted per node AVG": [
        0.0,
        0.0
    ],
    "Counter of retransmission per packet AVG": [
        0.0,
        0.0
    ],
    "Intertime of retransmissions AVG": [
        0.0,
        0.0
    ],
    "Packets delivered": [
        0.29466191762333366,
        0.29967048147475767
    ],
    "Packets lost due to noise": [
        0.0943741718986552,
        0.09648773015459357
    ],
    "Packets collided": [
        1.6520956107046448e-05,
        5.339896989579533e-05
    ],
    "Destinatary out of range": [
        1.9193245142618187e-05,
        5.9330489658319415e-05
    ],
    "Packets dropped": [
        0.0,
        0.0
    ],
    "Other causes of loss": [
        0.6047796288811702,
        0.6098776263066858
    ],
    "Queue MN Avg": [
        0.38247568322711584,
        0.38250963500762186
    ],
    "Queue MN Var": [
        1.9726904306335975e-07,
        2.1336256731434266e-07
    ],
    "Queue BR Avg": [
        660.0257390826074,
        677.7037763513473
    ],
    "Queue BR Var": [
        172324.39468744872,
        206566.2169100983
    ],
    "Upstream Delay Avg": [
        0.7588906902081346,
        0.7597731429038298
    ],
    "Upstream Delay 95th Perc": [
        1.4403839920871873,
        1.4411313493926992
    ],
    "Upstream Delay Var": [
        0.1910487789589583,
        0.19130349639204744
    ],
    "Downstream Delay Avg": [
        1.2259650626580978,
        1.7324700247054925
    ],
    "Downstream Delay 95th Perc": [
        1.9392253664610077,
        3.060351451314548
    ],
    "Downstream Delay Var": [
        1.6761919075826908,
        4.353618773826233
    ],
    "RTT Avg": [
        1867.6418886796578,
        1883.2061335669923
    ],
    "RTT 95th Perc": [
        3362.8270478679487,
        3394.1880600542945
    ],
    "RTT Var": [
        933379.8621631155,
        948099.9619990196
    ]
}