{
    "Upstream PDR": [
        0.6406566804387617,
        0.7037534035948516
    ],
    "Downstream PDR": [
        0.24895739841812436,
        0.3095954794275638
    ],
    "TicToc PDR": [
        0.1648884702616781,
        0.21406783225933038
    ],
    "Packets retransmitted per node AVG": [
        0.0,
        0.0
    ],
    "Counter of retransmission per packet AVG": [
        0.0,
        0.0
    ],
    "Intertime of retransmissions AVG": [
        0.0,
        0.0
    ],
    "Packets delivered": [
        0.6684761744351739,
        0.7266520933407299
    ],
    "Packets lost due to noise": [
        0.11174890227337758,
        0.13338023337118696
    ],
    "Packets collided": [
        0.0,
        0.0
    ],
    "Destinatary out of range": [
        -0.00026437593102440716,
        0.0028694162099683843
    ],
    "Packets dropped": [
        0.0,
        0.0
    ],
    "Other causes of loss": [
        0.15417146237371007,
        0.20296609392687734
    ],
    "Queue MN Avg": [
        0.1049966690264292,
        0.10500207046554189
    ],
    "Queue MN Var": [
        1.038661541818378e-09,
        1.2365550964139696e-09
    ],
    "Queue BR Avg": [
        529.8370087614861,
        599.7333123997101
    ],
    "Queue BR Var": [
        455377.4039458976,
        640620.2156703892
    ],
    "Upstream Delay Avg": [
        0.20404368908035106,
        0.2043880006423799
    ],
    "Upstream Delay 95th Perc": [
        0.3861748380018922,
        0.38656095475873636
    ],
    "Upstream Delay Var": [
        0.013659587251828337,
        0.013679701398741018
    ],
    "Downstream Delay Avg": [
        0.22507023277505558,
        0.24269426752270976
    ],
    "Downstream Delay 95th Perc": [
        0.2326170792691874,
        0.2542119559812763
    ],
    "Downstream Delay Var": [
        0.00034260613539004495,
        0.0016333525656216893
    ],
    "RTT Avg": [
        1488.7319133820902,
        1666.1141566285141
    ],
    "RTT 95th Perc": [
        2630.0006232811083,
        2942.4969932355225
    ],
    "RTT Var": [
        671826.2143949675,
        780216.7584914947
    ]
}