{
    "Upstream PDR": [
        0.18339761849038771,
        0.18995658319028452
    ],
    "Downstream PDR": [
        0.0,
        0.0
    ],
    "TicToc PDR": [
        0.0,
        0.0
    ],
    "Packets retransmitted per node AVG": [
        0.0,
        0.0
    ],
    "Counter of retransmission per packet AVG": [
        0.0,
        0.0
    ],
    "Intertime of retransmissions AVG": [
        0.0,
        0.0
    ],
    "Packets delivered": [
        0.21809131673041543,
        0.22586156745556285
    ],
    "Packets lost due to noise": [
        0.09633540525659266,
        0.09920332101178243
    ],
    "Packets collided": [
        0.0,
        0.0
    ],
    "Destinatary out of range": [
        -1.2755181383638e-05,
        6.15236281462153e-05
    ],
    "Packets dropped": [
        0.0,
        0.0
    ],
    "Other causes of loss": [
        0.6756483154119781,
        0.6848113056869061
    ],
    "Queue MN Avg": [
        163.48435225245973,
        163.5060495250053
    ],
    "Queue MN Var": [
        0.08659177948075847,
        0.09210112198342496
    ],
    "Queue BR Avg": [
        0.0,
        0.0
    ],
    "Queue BR Var": [
        0.0,
        0.0
    ],
    "Upstream Delay Avg": [
        326.14916118539435,
        326.6558841788647
    ],
    "Upstream Delay 95th Perc": [
        588.683713755832,
        590.8359605178711
    ],
    "Upstream Delay Var": [
        28235.58881541775,
        28375.951817112622
    ],
    "Downstream Delay Avg": [
        0.0,
        0.0
    ],
    "Downstream Delay 95th Perc": [
        0.0,
        0.0
    ],
    "Downstream Delay Var": [
        0.0,
        0.0
    ],
    "RTT Avg": [
        0.0,
        0.0
    ],
    "RTT 95th Perc": [
        0.0,
        0.0
    ],
    "RTT Var": [
        0.0,
        0.0
    ]
}