{
    "Upstream PDR": [
        0.6262249782741353,
        0.7079262822300664
    ],
    "Downstream PDR": [
        0.0,
        0.0
    ],
    "TicToc PDR": [
        0.0,
        0.0
    ],
    "Packets retransmitted per node AVG": [
        0.0,
        0.0
    ],
    "Counter of retransmission per packet AVG": [
        0.0,
        0.0
    ],
    "Intertime of retransmissions AVG": [
        0.0,
        0.0
    ],
    "Packets delivered": [
        0.6263738147962643,
        0.7080304130843988
    ],
    "Packets lost due to noise": [
        0.09985337916300188,
        0.12894771976651914
    ],
    "Packets collided": [
        0.0,
        0.0
    ],
    "Destinatary out of range": [
        0.0,
        0.0
    ],
    "Packets dropped": [
        0.0,
        0.0
    ],
    "Other causes of loss": [
        0.18267352334420292,
        0.25412114984561257
    ],
    "Queue MN Avg": [
        0.0824967776743794,
        0.08250239669286114
    ],
    "Queue MN Var": [
        6.639357362597522e-10,
        7.955389882679537e-10
    ],
    "Queue BR Avg": [
        0.0,
        0.0
    ],
    "Queue BR Var": [
        0.0,
        0.0
    ],
    "Upstream Delay Avg": [
        0.15896273525508947,
        0.15937197290130645
    ],
    "Upstream Delay 95th Perc": [
        0.3005494541455973,
        0.3010389004358883
    ],
    "Upstream Delay Var": [
        0.008270416591247642,
        0.008287627664491417
    ],
    "Downstream Delay Avg": [
        0.0,
        0.0
    ],
    "Downstream Delay 95th Perc": [
        0.0,
        0.0
    ],
    "Downstream Delay Var": [
        0.0,
        0.0
    ],
    "RTT Avg": [
        0.0,
        0.0
    ],
    "RTT 95th Perc": [
        0.0,
        0.0
    ],
    "RTT Var": [
        0.0,
        0.0
    ]
}