{
    "Upstream PDR": [
        0.645271300820224,
        0.684078279011709
    ],
    "Downstream PDR": [
        0.0,
        0.0
    ],
    "TicToc PDR": [
        0.0,
        0.0
    ],
    "Packets retransmitted per node AVG": [
        0.0,
        0.0
    ],
    "Counter of retransmission per packet AVG": [
        0.0,
        0.0
    ],
    "Intertime of retransmissions AVG": [
        0.0,
        0.0
    ],
    "Packets delivered": [
        0.6452078928908936,
        0.684041259303445
    ],
    "Packets lost due to noise": [
        0.12407414865779932,
        0.1385606276816755
    ],
    "Packets collided": [
        0.0,
        0.0
    ],
    "Destinatary out of range": [
        0.0,
        0.0
    ],
    "Packets dropped": [
        0.0,
        0.0
    ],
    "Other causes of loss": [
        0.18664297168680805,
        0.221473099779379
    ],
    "Queue MN Avg": [
        0.30749648438140015,
        0.3075060555416443
    ],
    "Queue MN Var": [
        8.599788996411535e-09,
        9.631160196737467e-09
    ],
    "Queue BR Avg": [
        0.0,
        0.0
    ],
    "Queue BR Var": [
        0.0,
        0.0
    ],
    "Upstream Delay Avg": [
        0.6089346853462314,
        0.6092931413449403
    ],
    "Upstream Delay 95th Perc": [
        1.1556700504116562,
        1.1559887287512007
    ],
    "Upstream Delay Var": [
        0.12289636552322071,
        0.12302408148643694
    ],
    "Downstream Delay Avg": [
        0.0,
        0.0
    ],
    "Downstream Delay 95th Perc": [
        0.0,
        0.0
    ],
    "Downstream Delay Var": [
        0.0,
        0.0
    ],
    "RTT Avg": [
        0.0,
        0.0
    ],
    "RTT 95th Perc": [
        0.0,
        0.0
    ],
    "RTT Var": [
        0.0,
        0.0
    ]
}