{
    "Upstream PDR": [
        0.9811490938550197,
        0.9852727548844763
    ],
    "Downstream PDR": [
        0.23284093084467508,
        0.2472724994487884
    ],
    "TicToc PDR": [
        0.22885149675519217,
        0.2432333771943877
    ],
    "Packets retransmitted per node AVG": [
        0.0,
        0.0
    ],
    "Counter of retransmission per packet AVG": [
        0.0,
        0.0
    ],
    "Intertime of retransmissions AVG": [
        0.0,
        0.0
    ],
    "Packets delivered": [
        0.9768803993547599,
        0.9813097998881635
    ],
    "Packets lost due to noise": [
        0.01613368564188308,
        0.01816654131373961
    ],
    "Packets collided": [
        2.0064588252869365e-05,
        0.00015710542907667517
    ],
    "Destinatary out of range": [
        -3.783100690464341e-05,
        0.0009172682212794291
    ],
    "Packets dropped": [
        0.0,
        0.0
    ],
    "Other causes of loss": [
        0.0018246290217453244,
        0.004628337548004237
    ],
    "Queue MN Avg": [
        0.3824724365032117,
        0.38250815167559726
    ],
    "Queue MN Var": [
        1.9701418470185507e-07,
        2.1338787288920787e-07
    ],
    "Queue BR Avg": [
        1655.2141222435914,
        1693.3409467228123
    ],
    "Queue BR Var": [
        1582955.473134654,
        1873623.1111589414
    ],
    "Upstream Delay Avg": [
        0.758827670240864,
        0.7592687556909287
    ],
    "Upstream Delay 95th Perc": [
        1.4407323791460955,
        1.4409592865641327
    ],
    "Upstream Delay Var": [
        0.1912495740366631,
        0.19128384636733448
    ],
    "Downstream Delay Avg": [
        25.228087650898313,
        53.321032476207336
    ],
    "Downstream Delay 95th Perc": [
        44.96066605163226,
        96.08376400999707
    ],
    "Downstream Delay Var": [
        3997.1323555216595,
        8699.63651666768
    ],
    "RTT Avg": [
        1694.5428282846844,
        1793.4543373322147
    ],
    "RTT 95th Perc": [
        3038.389867640278,
        3226.2530154214523
    ],
    "RTT Var": [
        837714.3085175027,
        897884.3245662126
    ]
}