{
    "Upstream PDR": [
        0.2566639050798451,
        0.2670649464607711
    ],
    "Downstream PDR": [
        0.0,
        0.0
    ],
    "TicToc PDR": [
        0.0,
        0.0
    ],
    "Packets retransmitted per node AVG": [
        0.0,
        0.0
    ],
    "Counter of retransmission per packet AVG": [
        0.0,
        0.0
    ],
    "Intertime of retransmissions AVG": [
        0.0,
        0.0
    ],
    "Packets delivered": [
        0.25491908073576586,
        0.2648948484249256
    ],
    "Packets lost due to noise": [
        0.10198284906662775,
        0.10777515123078346
    ],
    "Packets collided": [
        0.0,
        0.0
    ],
    "Destinatary out of range": [
        0.0,
        0.0
    ],
    "Packets dropped": [
        0.0,
        0.0
    ],
    "Other causes of loss": [
        0.6294417849762688,
        0.6409862855656288
    ],
    "Queue MN Avg": [
        0.2324917258380174,
        0.2325050703706952
    ],
    "Queue MN Var": [
        1.3206006883625303e-08,
        1.5039054178846693e-08
    ],
    "Queue BR Avg": [
        0.0,
        0.0
    ],
    "Queue BR Var": [
        0.0,
        0.0
    ],
    "Upstream Delay Avg": [
        0.4589132356036094,
        0.4596298656971325
    ],
    "Upstream Delay 95th Perc": [
        0.8707435562437909,
        0.871287253935352
    ],
    "Upstream Delay Var": [
        0.0696631522283884,
        0.06979262928404512
    ],
    "Downstream Delay Avg": [
        0.0,
        0.0
    ],
    "Downstream Delay 95th Perc": [
        0.0,
        0.0
    ],
    "Downstream Delay Var": [
        0.0,
        0.0
    ],
    "RTT Avg": [
        0.0,
        0.0
    ],
    "RTT 95th Perc": [
        0.0,
        0.0
    ],
    "RTT Var": [
        0.0,
        0.0
    ]
}