{
    "Upstream PDR": [
        0.9109942939077587,
        0.9188406267271627
    ],
    "Downstream PDR": [
        0.21042579019135801,
        0.22446065154380487
    ],
    "TicToc PDR": [
        0.19243394856308418,
        0.20547865647893257
    ],
    "Packets retransmitted per node AVG": [
        0.0,
        0.0
    ],
    "Counter of retransmission per packet AVG": [
        0.0,
        0.0
    ],
    "Intertime of retransmissions AVG": [
        0.0,
        0.0
    ],
    "Packets delivered": [
        0.9068047558685844,
        0.9148683106299643
    ],
    "Packets lost due to noise": [
        0.07388288115239315,
        0.0810385958292912
    ],
    "Packets collided": [
        4.51037498325094e-05,
        0.00020069255950135305
    ],
    "Destinatary out of range": [
        6.254619103097269e-05,
        0.0002343363409593136
    ],
    "Packets dropped": [
        0.0,
        0.0
    ],
    "Other causes of loss": [
        0.009929186824495798,
        0.012933590853946943
    ],
    "Queue MN Avg": [
        0.43482990073284206,
        0.43509788477035644
    ],
    "Queue MN Var": [
        1.2022524943780425e-05,
        1.262271424400689e-05
    ],
    "Queue BR Avg": [
        2525.185692070519,
        2578.682511491425
    ],
    "Queue BR Var": [
        2376737.2204938927,
        2867230.0938933245
    ],
    "Upstream Delay Avg": [
        0.8634598991587945,
        0.8642838502105459
    ],
    "Upstream Delay 95th Perc": [
        1.6398957074354699,
        1.6407796780998432
    ],
    "Upstream Delay Var": [
        0.2479134062998392,
        0.24798914436137598
    ],
    "Downstream Delay Avg": [
        47.48896710400446,
        83.35495425614143
    ],
    "Downstream Delay 95th Perc": [
        85.17774911148865,
        150.42928182594858
    ],
    "Downstream Delay Var": [
        8447.38679508734,
        15769.884026630869
    ],
    "RTT Avg": [
        1799.4190639433614,
        1868.206239196858
    ],
    "RTT 95th Perc": [
        3240.827426942455,
        3370.4557078361745
    ],
    "RTT Var": [
        903229.9109896986,
        947803.4907956348
    ]
}