{
    "Upstream PDR": [
        0.08729565822944874,
        0.09201190479576132
    ],
    "Downstream PDR": [
        0.16619242084096686,
        0.19094072747613416
    ],
    "TicToc PDR": [
        0.0147964367764368,
        0.017380594035888132
    ],
    "Packets retransmitted per node AVG": [
        0.0,
        0.0
    ],
    "Counter of retransmission per packet AVG": [
        0.0,
        0.0
    ],
    "Intertime of retransmissions AVG": [
        0.0,
        0.0
    ],
    "Packets delivered": [
        0.11104048498129993,
        0.11722927959403506
    ],
    "Packets lost due to noise": [
        0.06156184459179371,
        0.06399328804730331
    ],
    "Packets collided": [
        -2.497454281968098e-07,
        7.70067924079758e-07
    ],
    "Destinatary out of range": [
        1.1675150476160387e-05,
        2.614899942133247e-05
    ],
    "Packets dropped": [
        0.0,
        0.0
    ],
    "Other causes of loss": [
        0.8189548972949725,
        0.8271818610182022
    ],
    "Queue MN Avg": [
        0.292498559062731,
        0.2925148506401138
    ],
    "Queue MN Var": [
        2.5823990511214887e-08,
        2.8413224146338358e-08
    ],
    "Queue BR Avg": [
        128.47213969133483,
        135.71364747083416
    ],
    "Queue BR Var": [
        15709.829042922629,
        19208.349135083266
    ],
    "Upstream Delay Avg": [
        0.5790071591731286,
        0.5799991982221536
    ],
    "Upstream Delay 95th Perc": [
        1.0985214318484144,
        1.099398897896214
    ],
    "Upstream Delay Var": [
        0.11105357293007544,
        0.11141309801397402
    ],
    "Downstream Delay Avg": [
        0.6175031245277451,
        0.655275659013937
    ],
    "Downstream Delay 95th Perc": [
        0.6290090821109234,
        0.8125266533308907
    ],
    "Downstream Delay Var": [
        -0.0029326754517406822,
        0.12803767664742766
    ],
    "RTT Avg": [
        1939.6995249039385,
        2021.2677968151395
    ],
    "RTT 95th Perc": [
        2897.349641984199,
        3000.2837216367066
    ],
    "RTT Var": [
        603649.4636089025,
        699035.6720414528
    ]
}