{
    "Upstream PDR": [
        0.08011810137541742,
        0.08435680858856823
    ],
    "Downstream PDR": [
        0.17633423369282178,
        0.1984867886805197
    ],
    "TicToc PDR": [
        0.014406747693844833,
        0.01636107943700751
    ],
    "Packets retransmitted per node AVG": [
        0.0,
        0.0
    ],
    "Counter of retransmission per packet AVG": [
        0.0,
        0.0
    ],
    "Intertime of retransmissions AVG": [
        0.0,
        0.0
    ],
    "Packets delivered": [
        0.10198140546581179,
        0.10658415672265763
    ],
    "Packets lost due to noise": [
        0.05886841210643273,
        0.06124713099691391
    ],
    "Packets collided": [
        -4.930956649963773e-07,
        3.197660107556013e-06
    ],
    "Destinatary out of range": [
        1.9850015940831705e-05,
        5.859152240188605e-05
    ],
    "Packets dropped": [
        0.0,
        0.0
    ],
    "Other causes of loss": [
        0.8322308855016374,
        0.839006863103761
    ],
    "Queue MN Avg": [
        0.33751075597356445,
        0.3377586983003504
    ],
    "Queue MN Var": [
        1.1950484652715622e-05,
        1.2882553180923216e-05
    ],
    "Queue BR Avg": [
        196.13218694231412,
        208.39138293885296
    ],
    "Queue BR Var": [
        34941.75356146715,
        44350.40918668339
    ],
    "Upstream Delay Avg": [
        0.665031415908134,
        0.670689057517542
    ],
    "Upstream Delay 95th Perc": [
        1.2660799835431749,
        1.271016240290482
    ],
    "Upstream Delay Var": [
        0.14781322696598156,
        0.14903683309236862
    ],
    "Downstream Delay Avg": [
        0.6855946177611111,
        0.7654904860247526
    ],
    "Downstream Delay 95th Perc": [
        0.7299932827426627,
        1.0364121934911736
    ],
    "Downstream Delay Var": [
        -0.06569909542002367,
        0.7351610928478156
    ],
    "RTT Avg": [
        1901.832958018981,
        2006.4671689140853
    ],
    "RTT 95th Perc": [
        2815.6933786315876,
        2932.579397869381
    ],
    "RTT Var": [
        563552.6283378404,
        634008.2543178572
    ]
}