{
    "Upstream PDR": [
        0.9800217594206672,
        0.9843558316157471
    ],
    "Downstream PDR": [
        0.2356806210011857,
        0.24722476557131118
    ],
    "TicToc PDR": [
        0.23143923395384883,
        0.24287673243270583
    ],
    "Packets retransmitted per node AVG": [
        0.0,
        0.0
    ],
    "Counter of retransmission per packet AVG": [
        0.0,
        0.0
    ],
    "Intertime of retransmissions AVG": [
        0.0,
        0.0
    ],
    "Packets delivered": [
        0.9768524933145925,
        0.9811329647311257
    ],
    "Packets lost due to noise": [
        0.016381481976517183,
        0.018711420311634468
    ],
    "Packets collided": [
        2.5144261462458043e-05,
        0.00011484749050190624
    ],
    "Destinatary out of range": [
        -0.00014021668626125927,
        0.0007203286254430022
    ],
    "Packets dropped": [
        0.0,
        0.0
    ],
    "Other causes of loss": [
        0.0018182545552963083,
        0.004383281419688022
    ],
    "Queue MN Avg": [
        0.43482990073284206,
        0.43509788477035644
    ],
    "Queue MN Var": [
        1.2022524943780425e-05,
        1.262271424400689e-05
    ],
    "Queue BR Avg": [
        1872.087726479669,
        1904.8195490688508
    ],
    "Queue BR Var": [
        1786290.8106618656,
        2109162.6541306465
    ],
    "Upstream Delay Avg": [
        0.863294864655302,
        0.8642394308500903
    ],
    "Upstream Delay 95th Perc": [
        1.6399030828734944,
        1.6409024337057623
    ],
    "Upstream Delay Var": [
        0.24795745217200948,
        0.24800844849199394
    ],
    "Downstream Delay Avg": [
        37.41224520805176,
        82.27463030642221
    ],
    "Downstream Delay 95th Perc": [
        67.34458153757362,
        148.4856856903611
    ],
    "Downstream Delay Var": [
        7609.279567452125,
        18010.39511082853
    ],
    "RTT Avg": [
        1780.8460545569048,
        1859.16391299667
    ],
    "RTT 95th Perc": [
        3196.064648948239,
        3344.284592070358
    ],
    "RTT Var": [
        889231.1927826988,
        937410.0506736123
    ]
}