{
    "Upstream PDR": [
        0.17427632700449067,
        0.1878345973652573
    ],
    "Downstream PDR": [
        0.20759137490749208,
        0.26570858130270597
    ],
    "TicToc PDR": [
        0.03720777307899868,
        0.048119958013438296
    ],
    "Packets retransmitted per node AVG": [
        0.0,
        0.0
    ],
    "Counter of retransmission per packet AVG": [
        0.0,
        0.0
    ],
    "Intertime of retransmissions AVG": [
        0.0,
        0.0
    ],
    "Packets delivered": [
        0.22505572659505757,
        0.2403343444574511
    ],
    "Packets lost due to noise": [
        0.09852306550587839,
        0.10527896230642281
    ],
    "Packets collided": [
        0.0,
        0.0
    ],
    "Destinatary out of range": [
        1.32061796289285e-06,
        3.4478753228966644e-05
    ],
    "Packets dropped": [
        0.0,
        0.0
    ],
    "Other causes of loss": [
        0.6552846286573036,
        0.675487473106695
    ],
    "Queue MN Avg": [
        0.059431743458824356,
        0.060184179781248424
    ],
    "Queue MN Var": [
        9.793058009133288e-06,
        1.2526205719866625e-05
    ],
    "Queue BR Avg": [
        54.129419427159135,
        61.90284163959714
    ],
    "Queue BR Var": [
        3687.7490955826797,
        5263.037042013861
    ],
    "Upstream Delay Avg": [
        0.11340860623579359,
        0.11528684947439401
    ],
    "Upstream Delay 95th Perc": [
        0.21375612122330562,
        0.21655586343143718
    ],
    "Upstream Delay Var": [
        0.0042022098539666744,
        0.004222806030110983
    ],
    "Downstream Delay Avg": [
        0.12884770697714704,
        0.13347406168946152
    ],
    "Downstream Delay 95th Perc": [
        0.1287346473996741,
        0.13559392638716683
    ],
    "Downstream Delay Var": [
        -1.3815239087248808e-05,
        4.259806700525647e-05
    ],
    "RTT Avg": [
        1782.8559090472381,
        1988.1931575300364
    ],
    "RTT 95th Perc": [
        2863.813180831046,
        3064.1805131365913
    ],
    "RTT Var": [
        653606.5413427124,
        762361.9716869047
    ]
}