{
    "Upstream PDR": [
        0.931442232717468,
        0.9437409605598431
    ],
    "Downstream PDR": [
        0.289216885959094,
        0.34782781435546584
    ],
    "TicToc PDR": [
        0.2710285680384486,
        0.326053784902728
    ],
    "Packets retransmitted per node AVG": [
        0.0,
        0.0
    ],
    "Counter of retransmission per packet AVG": [
        0.0,
        0.0
    ],
    "Intertime of retransmissions AVG": [
        0.0,
        0.0
    ],
    "Packets delivered": [
        0.9176815523789758,
        0.9322353397253035
    ],
    "Packets lost due to noise": [
        0.06110071251827419,
        0.07403834549157708
    ],
    "Packets collided": [
        0.0,
        0.0
    ],
    "Destinatary out of range": [
        0.0001341636204676205,
        0.00036306197349194756
    ],
    "Packets dropped": [
        0.0,
        0.0
    ],
    "Other causes of loss": [
        0.006030886235031136,
        0.0084159380568788
    ],
    "Queue MN Avg": [
        0.1049966690264292,
        0.10500207046554189
    ],
    "Queue MN Var": [
        1.038661541818378e-09,
        1.2365550964139696e-09
    ],
    "Queue BR Avg": [
        447.6763176258206,
        497.25921706217696
    ],
    "Queue BR Var": [
        405271.2403004182,
        507297.1993469248
    ],
    "Upstream Delay Avg": [
        0.20403445495737793,
        0.20430888370879458
    ],
    "Upstream Delay 95th Perc": [
        0.3862590427309387,
        0.386476711154947
    ],
    "Upstream Delay Var": [
        0.013662030224953433,
        0.01367272826375776
    ],
    "Downstream Delay Avg": [
        0.22643106683261968,
        0.24117441854441338
    ],
    "Downstream Delay 95th Perc": [
        0.2302408952086064,
        0.25209578953522127
    ],
    "Downstream Delay Var": [
        0.00046634108848845506,
        0.0018183195065331484
    ],
    "RTT Avg": [
        1508.1460239728992,
        1661.6277241046075
    ],
    "RTT 95th Perc": [
        2691.8256722630163,
        2972.074895190304
    ],
    "RTT Var": [
        709372.6599104612,
        797663.1230215286
    ]
}