{
    "Upstream PDR": [
        0.9197731057560344,
        0.9290786589498482
    ],
    "Downstream PDR": [
        0.23639833558086742,
        0.2562535232681339
    ],
    "TicToc PDR": [
        0.21823598455838653,
        0.23747561208026893
    ],
    "Packets retransmitted per node AVG": [
        0.0,
        0.0
    ],
    "Counter of retransmission per packet AVG": [
        0.0,
        0.0
    ],
    "Intertime of retransmissions AVG": [
        0.0,
        0.0
    ],
    "Packets delivered": [
        0.9117418395360632,
        0.9221162034260384
    ],
    "Packets lost due to noise": [
        0.06957477059279463,
        0.07854045748556862
    ],
    "Packets collided": [
        -1.3320126419067348e-05,
        4.107143091295293e-05
    ],
    "Destinatary out of range": [
        0.0001029908071960986,
        0.00021146209545290046
    ],
    "Packets dropped": [
        0.0,
        0.0
    ],
    "Other causes of loss": [
        0.007406187596915174,
        0.01027833715547705
    ],
    "Queue MN Avg": [
        0.247378415606711,
        0.24764691429934274
    ],
    "Queue MN Var": [
        1.1948179590134188e-05,
        1.3010222547460307e-05
    ],
    "Queue BR Avg": [
        1325.9770849548888,
        1370.1922131060744
    ],
    "Queue BR Var": [
        1184195.420275045,
        1433264.9905557348
    ],
    "Upstream Delay Avg": [
        0.48887600587349433,
        0.48946068974218293
    ],
    "Upstream Delay 95th Perc": [
        0.9278401638469804,
        0.9282933449094195
    ],
    "Upstream Delay Var": [
        0.07918281563149875,
        0.0792296348502627
    ],
    "Downstream Delay Avg": [
        0.42303729781297916,
        0.8601125700212889
    ],
    "Downstream Delay 95th Perc": [
        0.3815735636053348,
        1.1113770166936743
    ],
    "Downstream Delay Var": [
        -0.6784021031339951,
        2.13268062104353
    ],
    "RTT Avg": [
        1649.9963718539448,
        1761.0211553717818
    ],
    "RTT 95th Perc": [
        2953.7705699537255,
        3162.0151366479477
    ],
    "RTT Var": [
        799350.9986922139,
        870403.3658386887
    ]
}