{
    "Upstream PDR": [
        0.6387812593027816,
        0.6748260236103837
    ],
    "Downstream PDR": [
        0.19075739983651258,
        0.22183578141085214
    ],
    "TicToc PDR": [
        0.12467892092348709,
        0.14751547683561655
    ],
    "Packets retransmitted per node AVG": [
        0.0,
        0.0
    ],
    "Counter of retransmission per packet AVG": [
        0.0,
        0.0
    ],
    "Intertime of retransmissions AVG": [
        0.0,
        0.0
    ],
    "Packets delivered": [
        0.6617742494408498,
        0.6964950044735154
    ],
    "Packets lost due to noise": [
        0.1255689152778642,
        0.13940430547087643
    ],
    "Packets collided": [
        -3.1409726993617765e-06,
        2.1538433883661953e-05
    ],
    "Destinatary out of range": [
        0.00019561534924822312,
        0.0021454789862922737
    ],
    "Packets dropped": [
        0.0,
        0.0
    ],
    "Other causes of loss": [
        0.17165012647908218,
        0.20274790706108736
    ],
    "Queue MN Avg": [
        0.29249408683742373,
        0.2925131631834389
    ],
    "Queue MN Var": [
        2.7611529359779575e-08,
        3.0123840672367713e-08
    ],
    "Queue BR Avg": [
        1904.6846264182566,
        2033.1546318484636
    ],
    "Queue BR Var": [
        1787245.4216326582,
        2304114.047087337
    ],
    "Upstream Delay Avg": [
        0.5785672131513792,
        0.5793785029250115
    ],
    "Upstream Delay 95th Perc": [
        1.0987855696867443,
        1.0991455626447415
    ],
    "Upstream Delay Var": [
        0.11113154128935407,
        0.11120581107191171
    ],
    "Downstream Delay Avg": [
        1.0881784306809932,
        5.00171486025331
    ],
    "Downstream Delay 95th Perc": [
        1.5018852128795088,
        8.409168969076674
    ],
    "Downstream Delay Var": [
        -3.4111765446721165,
        166.58222619622217
    ],
    "RTT Avg": [
        1731.1367011473753,
        1839.4224539476604
    ],
    "RTT 95th Perc": [
        3053.22567886901,
        3260.424062075048
    ],
    "RTT Var": [
        839828.0646704097,
        917388.1665401711
    ]
}