{
    "Upstream PDR": [
        0.9096639062878153,
        0.917043656737395
    ],
    "Downstream PDR": [
        0.2007255668389067,
        0.21530746388928212
    ],
    "TicToc PDR": [
        0.18321172680580267,
        0.19684944966478563
    ],
    "Packets retransmitted per node AVG": [
        0.0,
        0.0
    ],
    "Counter of retransmission per packet AVG": [
        0.0,
        0.0
    ],
    "Intertime of retransmissions AVG": [
        0.0,
        0.0
    ],
    "Packets delivered": [
        0.9063531300910224,
        0.914238033032446
    ],
    "Packets lost due to noise": [
        0.07491805860843888,
        0.08152818199929311
    ],
    "Packets collided": [
        8.283295589235267e-05,
        0.0002666848731845743
    ],
    "Destinatary out of range": [
        5.6940632233158906e-05,
        0.00014543726440947836
    ],
    "Packets dropped": [
        0.0,
        0.0
    ],
    "Other causes of loss": [
        0.009684813842566545,
        0.012725886700513337
    ],
    "Queue MN Avg": [
        0.47997697028411845,
        0.48002805914434765
    ],
    "Queue MN Var": [
        9.189652939356002e-07,
        9.855250082924362e-07
    ],
    "Queue BR Avg": [
        2847.5423898109366,
        2908.148194419664
    ],
    "Queue BR Var": [
        2657595.9216739032,
        3141346.339123845
    ],
    "Upstream Delay Avg": [
        0.9531708439027502,
        0.9542508057699086
    ],
    "Upstream Delay 95th Perc": [
        1.811102749281739,
        1.8114048953254607
    ],
    "Upstream Delay Var": [
        0.3023086374431322,
        0.3024259567556451
    ],
    "Downstream Delay Avg": [
        60.21620077171018,
        104.54433894464022
    ],
    "Downstream Delay 95th Perc": [
        108.2896228769034,
        188.14053156916881
    ],
    "Downstream Delay Var": [
        12416.136136999816,
        23090.586319651487
    ],
    "RTT Avg": [
        1825.8905216848082,
        1878.2271634390383
    ],
    "RTT 95th Perc": [
        3284.296208688513,
        3381.008660104438
    ],
    "RTT Var": [
        915782.0761061271,
        947917.6714842974
    ]
}