{
    "Upstream PDR": [
        0.5747598421760444,
        0.605307384714712
    ],
    "Downstream PDR": [
        0.0,
        0.0
    ],
    "TicToc PDR": [
        0.0,
        0.0
    ],
    "Packets retransmitted per node AVG": [
        0.0,
        0.0
    ],
    "Counter of retransmission per packet AVG": [
        0.0,
        0.0
    ],
    "Intertime of retransmissions AVG": [
        0.0,
        0.0
    ],
    "Packets delivered": [
        0.5785496381005013,
        0.6091787387582468
    ],
    "Packets lost due to noise": [
        0.11235650265067527,
        0.12264264362835046
    ],
    "Packets collided": [
        0.0,
        0.0
    ],
    "Destinatary out of range": [
        0.0,
        0.0
    ],
    "Packets dropped": [
        0.0,
        0.0
    ],
    "Other causes of loss": [
        0.2733975248297008,
        0.3038749520325257
    ],
    "Queue MN Avg": [
        0.08250012560628325,
        0.0825056538224008
    ],
    "Queue MN Var": [
        6.776796510049466e-10,
        8.233178091215597e-10
    ],
    "Queue BR Avg": [
        0.0,
        0.0
    ],
    "Queue BR Var": [
        0.0,
        0.0
    ],
    "Upstream Delay Avg": [
        0.1591529916449037,
        0.15950561734345814
    ],
    "Upstream Delay 95th Perc": [
        0.3005274440876056,
        0.30105105827113726
    ],
    "Upstream Delay Var": [
        0.008258456867763874,
        0.008275188231972314
    ],
    "Downstream Delay Avg": [
        0.0,
        0.0
    ],
    "Downstream Delay 95th Perc": [
        0.0,
        0.0
    ],
    "Downstream Delay Var": [
        0.0,
        0.0
    ],
    "RTT Avg": [
        0.0,
        0.0
    ],
    "RTT 95th Perc": [
        0.0,
        0.0
    ],
    "RTT Var": [
        0.0,
        0.0
    ]
}