{
    "Upstream PDR": [
        0.991652640438714,
        0.9943423175444792
    ],
    "Downstream PDR": [
        0.40243588244394046,
        0.46763392655689984
    ],
    "TicToc PDR": [
        0.399528131177732,
        0.4646819528558812
    ],
    "Packets retransmitted per node AVG": [
        0.0,
        0.0
    ],
    "Counter of retransmission per packet AVG": [
        0.0,
        0.0
    ],
    "Intertime of retransmissions AVG": [
        0.0,
        0.0
    ],
    "Packets delivered": [
        0.9829711449003034,
        0.9867435838715839
    ],
    "Packets lost due to noise": [
        0.011759048728843199,
        0.015052475721228809
    ],
    "Packets collided": [
        0.0,
        0.0
    ],
    "Destinatary out of range": [
        -0.0001256581424443056,
        0.0007076503905752666
    ],
    "Packets dropped": [
        0.0,
        0.0
    ],
    "Other causes of loss": [
        0.0005939251997800398,
        0.0022978293301295014
    ],
    "Queue MN Avg": [
        0.1049966690264292,
        0.10500207046554189
    ],
    "Queue MN Var": [
        1.038661541818378e-09,
        1.2365550964139696e-09
    ],
    "Queue BR Avg": [
        269.53503481483835,
        309.55596547572554
    ],
    "Queue BR Var": [
        256613.7632980434,
        309511.81352989934
    ],
    "Upstream Delay Avg": [
        0.2040699784647914,
        0.20430335842810177
    ],
    "Upstream Delay 95th Perc": [
        0.3861541954169902,
        0.3863937505923241
    ],
    "Upstream Delay Var": [
        0.013666509929548732,
        0.013670425913291226
    ],
    "Downstream Delay Avg": [
        0.2219650531160282,
        0.23344816502187654
    ],
    "Downstream Delay 95th Perc": [
        0.22260620853794005,
        0.2378420892942587
    ],
    "Downstream Delay Var": [
        7.985570779119359e-05,
        0.0007112699279880102
    ],
    "RTT Avg": [
        1465.2506502982146,
        1587.7198534085542
    ],
    "RTT 95th Perc": [
        2609.898062872536,
        2847.042259705114
    ],
    "RTT Var": [
        679564.5904376326,
        760091.3671102967
    ]
}