{
    "Upstream PDR": [
        0.11336522953596152,
        0.12101908418952874
    ],
    "Downstream PDR": [
        0.18618080056895564,
        0.21734584298035647
    ],
    "TicToc PDR": [
        0.02169357668956383,
        0.025782053562537016
    ],
    "Packets retransmitted per node AVG": [
        0.0,
        0.0
    ],
    "Counter of retransmission per packet AVG": [
        0.0,
        0.0
    ],
    "Intertime of retransmissions AVG": [
        0.0,
        0.0
    ],
    "Packets delivered": [
        0.14705963422184656,
        0.1560773705503322
    ],
    "Packets lost due to noise": [
        0.07157595170744603,
        0.0760227203008355
    ],
    "Packets collided": [
        -4.920179821585811e-07,
        1.5170939018438829e-06
    ],
    "Destinatary out of range": [
        7.047347478241335e-06,
        1.785765960404076e-05
    ],
    "Packets dropped": [
        0.0,
        0.0
    ],
    "Other causes of loss": [
        0.7682308996422188,
        0.7810074934943186
    ],
    "Queue MN Avg": [
        0.1499955260546501,
        0.1500035579760674
    ],
    "Queue MN Var": [
        4.1030846606052695e-09,
        4.9330117538738885e-09
    ],
    "Queue BR Avg": [
        80.23003221394004,
        85.58479692823374
    ],
    "Queue BR Var": [
        7288.03563202598,
        9222.922217130565
    ],
    "Upstream Delay Avg": [
        0.293673298092755,
        0.294462914059485
    ],
    "Upstream Delay 95th Perc": [
        0.5572878927831745,
        0.5578608607088255
    ],
    "Upstream Delay Var": [
        0.028517565112830393,
        0.028605357032917895
    ],
    "Downstream Delay Avg": [
        0.2998020791114481,
        0.3112976019824227
    ],
    "Downstream Delay 95th Perc": [
        0.3028216590414263,
        0.3206082782771743
    ],
    "Downstream Delay Var": [
        -2.432282854032111e-05,
        0.0014049272576302872
    ],
    "RTT Avg": [
        1851.6655636340856,
        1959.6157721829431
    ],
    "RTT 95th Perc": [
        2878.146334355357,
        3037.91588172748
    ],
    "RTT Var": [
        640896.4027198638,
        746182.7161733663
    ]
}