{
    "Upstream PDR": [
        0.6383622555506256,
        0.6883514699395707
    ],
    "Downstream PDR": [
        0.0,
        0.0
    ],
    "TicToc PDR": [
        0.0,
        0.0
    ],
    "Packets retransmitted per node AVG": [
        0.0,
        0.0
    ],
    "Counter of retransmission per packet AVG": [
        0.0,
        0.0
    ],
    "Intertime of retransmissions AVG": [
        0.0,
        0.0
    ],
    "Packets delivered": [
        0.6384715794459952,
        0.6884269107596968
    ],
    "Packets lost due to noise": [
        0.1242622415832295,
        0.14098522232785138
    ],
    "Packets collided": [
        0.0,
        0.0
    ],
    "Destinatary out of range": [
        0.0,
        0.0
    ],
    "Packets dropped": [
        0.0,
        0.0
    ],
    "Other causes of loss": [
        0.18020814688981635,
        0.22764589899341042
    ],
    "Queue MN Avg": [
        0.23249017250732745,
        0.23250239679819673
    ],
    "Queue MN Var": [
        1.3764274990068042e-08,
        1.5411592082934003e-08
    ],
    "Queue BR Avg": [
        0.0,
        0.0
    ],
    "Queue BR Var": [
        0.0,
        0.0
    ],
    "Upstream Delay Avg": [
        0.4588333788019836,
        0.45928955316684916
    ],
    "Upstream Delay 95th Perc": [
        0.8708768017927039,
        0.8712367517914675
    ],
    "Upstream Delay Var": [
        0.06972733804089376,
        0.06981852077939352
    ],
    "Downstream Delay Avg": [
        0.0,
        0.0
    ],
    "Downstream Delay 95th Perc": [
        0.0,
        0.0
    ],
    "Downstream Delay Var": [
        0.0,
        0.0
    ],
    "RTT Avg": [
        0.0,
        0.0
    ],
    "RTT 95th Perc": [
        0.0,
        0.0
    ],
    "RTT Var": [
        0.0,
        0.0
    ]
}