{
    "Upstream PDR": [
        0.08265231872023786,
        0.08739600060749327
    ],
    "Downstream PDR": [
        0.16517801271214136,
        0.18720159043513965
    ],
    "TicToc PDR": [
        0.013982106689308053,
        0.015942263058591106
    ],
    "Packets retransmitted per node AVG": [
        0.0,
        0.0
    ],
    "Counter of retransmission per packet AVG": [
        0.0,
        0.0
    ],
    "Intertime of retransmissions AVG": [
        0.0,
        0.0
    ],
    "Packets delivered": [
        0.10171375884374644,
        0.106962785527987
    ],
    "Packets lost due to noise": [
        0.06290730646055187,
        0.06528361707783281
    ],
    "Packets collided": [
        -4.251431152266281e-07,
        4.778412950286702e-06
    ],
    "Destinatary out of range": [
        2.666502110676894e-05,
        5.7871165183205305e-05
    ],
    "Packets dropped": [
        0.0,
        0.0
    ],
    "Other causes of loss": [
        0.8278831614574681,
        0.8351604811762888
    ],
    "Queue MN Avg": [
        0.3824793747361722,
        0.3825094918283297
    ],
    "Queue MN Var": [
        1.9615093197717422e-07,
        2.1494052943986008e-07
    ],
    "Queue BR Avg": [
        369.034347347684,
        392.98418528786584
    ],
    "Queue BR Var": [
        117014.89367689964,
        156093.69803656903
    ],
    "Upstream Delay Avg": [
        0.7588304194828194,
        0.7602648127197377
    ],
    "Upstream Delay 95th Perc": [
        1.4405334236286194,
        1.4416720315031515
    ],
    "Upstream Delay Var": [
        0.19082536741688189,
        0.19134513280894244
    ],
    "Downstream Delay Avg": [
        0.8810805272065446,
        1.026039383831222
    ],
    "Downstream Delay 95th Perc": [
        1.3580766896468852,
        2.172877468350185
    ],
    "Downstream Delay Var": [
        0.6720168474353255,
        2.637542013452442
    ],
    "RTT Avg": [
        1911.5578379960657,
        1985.5399283303827
    ],
    "RTT 95th Perc": [
        2900.79298440208,
        2984.2568924047864
    ],
    "RTT Var": [
        620629.739740832,
        678261.598910413
    ]
}