{
    "Upstream PDR": [
        0.6035711460522752,
        0.608594568233439
    ],
    "Downstream PDR": [
        0.0,
        0.0
    ],
    "TicToc PDR": [
        0.0,
        0.0
    ],
    "Packets retransmitted per node AVG": [
        0.0,
        0.0
    ],
    "Counter of retransmission per packet AVG": [
        0.0,
        0.0
    ],
    "Intertime of retransmissions AVG": [
        0.0,
        0.0
    ],
    "Packets delivered": [
        0.9096821418184887,
        0.9172243633909384
    ],
    "Packets lost due to noise": [
        0.07301523877830444,
        0.0794750601767243
    ],
    "Packets collided": [
        0.0,
        0.0
    ],
    "Destinatary out of range": [
        0.0,
        0.0
    ],
    "Packets dropped": [
        0.0,
        0.0
    ],
    "Other causes of loss": [
        0.00882523060873212,
        0.011777965226811692
    ],
    "Queue MN Avg": [
        319.8915975792744,
        319.9145596791692
    ],
    "Queue MN Var": [
        0.08223389795045453,
        0.08726852558516417
    ],
    "Queue BR Avg": [
        0.0,
        0.0
    ],
    "Queue BR Var": [
        0.0,
        0.0
    ],
    "Upstream Delay Avg": [
        639.7519412981133,
        639.9456236428755
    ],
    "Upstream Delay 95th Perc": [
        1154.9862938224517,
        1155.1348164460912
    ],
    "Upstream Delay Var": [
        109205.36356129906,
        109261.42584520839
    ],
    "Downstream Delay Avg": [
        0.0,
        0.0
    ],
    "Downstream Delay 95th Perc": [
        0.0,
        0.0
    ],
    "Downstream Delay Var": [
        0.0,
        0.0
    ],
    "RTT Avg": [
        0.0,
        0.0
    ],
    "RTT 95th Perc": [
        0.0,
        0.0
    ],
    "RTT Var": [
        0.0,
        0.0
    ]
}