{
    "Upstream PDR": [
        0.09392840052321393,
        0.09964050703981124
    ],
    "Downstream PDR": [
        0.0,
        0.0
    ],
    "TicToc PDR": [
        0.0,
        0.0
    ],
    "Packets retransmitted per node AVG": [
        0.0,
        0.0
    ],
    "Counter of retransmission per packet AVG": [
        0.0,
        0.0
    ],
    "Intertime of retransmissions AVG": [
        0.0,
        0.0
    ],
    "Packets delivered": [
        0.10027565537777522,
        0.10573581149726982
    ],
    "Packets lost due to noise": [
        0.06695494984231154,
        0.07015533342968558
    ],
    "Packets collided": [
        0.0,
        0.0
    ],
    "Destinatary out of range": [
        0.0,
        0.0
    ],
    "Packets dropped": [
        0.0,
        0.0
    ],
    "Other causes of loss": [
        0.8242229404029658,
        0.8326553094499921
    ],
    "Queue MN Avg": [
        0.30749279010071523,
        0.30750375610722164
    ],
    "Queue MN Var": [
        8.697450420110777e-09,
        9.618294558711207e-09
    ],
    "Queue BR Avg": [
        0.0,
        0.0
    ],
    "Queue BR Var": [
        0.0,
        0.0
    ],
    "Upstream Delay Avg": [
        0.6083365551403596,
        0.6097963301524766
    ],
    "Upstream Delay 95th Perc": [
        1.1553890192531835,
        1.1564693463647595
    ],
    "Upstream Delay Var": [
        0.1227696956613741,
        0.12317188891624384
    ],
    "Downstream Delay Avg": [
        0.0,
        0.0
    ],
    "Downstream Delay 95th Perc": [
        0.0,
        0.0
    ],
    "Downstream Delay Var": [
        0.0,
        0.0
    ],
    "RTT Avg": [
        0.0,
        0.0
    ],
    "RTT 95th Perc": [
        0.0,
        0.0
    ],
    "RTT Var": [
        0.0,
        0.0
    ]
}