{
    "Upstream PDR": [
        0.07785395094853231,
        0.08027527407481036
    ],
    "Downstream PDR": [
        0.1693552892566947,
        0.1936944122469563
    ],
    "TicToc PDR": [
        0.013373050570307587,
        0.015326109093557957
    ],
    "Packets retransmitted per node AVG": [
        0.0,
        0.0
    ],
    "Counter of retransmission per packet AVG": [
        0.0,
        0.0
    ],
    "Intertime of retransmissions AVG": [
        0.0,
        0.0
    ],
    "Packets delivered": [
        0.09774572890497299,
        0.10102015253687766
    ],
    "Packets lost due to noise": [
        0.05728120090147349,
        0.05899223419666489
    ],
    "Packets collided": [
        1.3820599838698445e-06,
        1.612369412555519e-05
    ],
    "Destinatary out of range": [
        3.987067484509716e-05,
        0.00010677391188099267
    ],
    "Packets dropped": [
        0.0,
        0.0
    ],
    "Other causes of loss": [
        0.8401214368191405,
        0.8446750963000351
    ],
    "Queue MN Avg": [
        0.43483590064414746,
        0.435058344144155
    ],
    "Queue MN Var": [
        1.204827172217812e-05,
        1.291355906642608e-05
    ],
    "Queue BR Avg": [
        242.54976469284813,
        254.62344884542668
    ],
    "Queue BR Var": [
        46251.93377347477,
        55834.241946163675
    ],
    "Upstream Delay Avg": [
        0.8629865287826046,
        0.8647968279488694
    ],
    "Upstream Delay 95th Perc": [
        1.6391905631679122,
        1.6409968950407732
    ],
    "Upstream Delay Var": [
        0.24768457274819367,
        0.24838239570447446
    ],
    "Downstream Delay Avg": [
        0.9541833096674893,
        1.0662596235734898
    ],
    "Downstream Delay 95th Perc": [
        1.290863563267267,
        1.8970968398124968
    ],
    "Downstream Delay Var": [
        0.706411038033301,
        2.0842851564365277
    ],
    "RTT Avg": [
        1860.0614503615766,
        1951.136257297308
    ],
    "RTT 95th Perc": [
        2761.145101826669,
        2878.061981114275
    ],
    "RTT Var": [
        562029.1639321557,
        626295.5307981098
    ]
}