{
    "Upstream PDR": [
        0.36123681643419775,
        0.37157999028849126
    ],
    "Downstream PDR": [
        0.20890496446783757,
        0.22988204457036715
    ],
    "TicToc PDR": [
        0.07625033921739977,
        0.08457767198708202
    ],
    "Packets retransmitted per node AVG": [
        0.0,
        0.0
    ],
    "Counter of retransmission per packet AVG": [
        0.0,
        0.0
    ],
    "Intertime of retransmissions AVG": [
        0.0,
        0.0
    ],
    "Packets delivered": [
        0.40483296501407634,
        0.4162218068703671
    ],
    "Packets lost due to noise": [
        0.09468869802220423,
        0.0995495582149942
    ],
    "Packets collided": [
        -4.74319799661568e-07,
        1.4625231224952409e-06
    ],
    "Destinatary out of range": [
        7.3244165846150905e-06,
        3.860801627930846e-05
    ],
    "Packets dropped": [
        0.0,
        0.0
    ],
    "Other causes of loss": [
        0.48596454228451447,
        0.4986955089576569
    ],
    "Queue MN Avg": [
        0.1499955095123092,
        0.1500033056100545
    ],
    "Queue MN Var": [
        4.304094464602706e-09,
        4.8048533849692575e-09
    ],
    "Queue BR Avg": [
        230.19309416648613,
        240.0441393273002
    ],
    "Queue BR Var": [
        38696.2436237831,
        46730.446529447596
    ],
    "Upstream Delay Avg": [
        0.2940428402114216,
        0.294412167570099
    ],
    "Upstream Delay 95th Perc": [
        0.5574294810547654,
        0.5577583161592347
    ],
    "Upstream Delay Var": [
        0.028503304374735555,
        0.028549599479567173
    ],
    "Downstream Delay Avg": [
        0.30252469669555904,
        0.3127271312216311
    ],
    "Downstream Delay 95th Perc": [
        0.3057209955322193,
        0.3248939761615215
    ],
    "Downstream Delay Var": [
        0.0002199166935826722,
        0.0017081279624414415
    ],
    "RTT Avg": [
        1870.366483152619,
        1898.9302414383928
    ],
    "RTT 95th Perc": [
        3358.242683012235,
        3403.3270159790654
    ],
    "RTT Var": [
        922953.165039184,
        948595.7340756792
    ]
}