{
    "Upstream PDR": [
        0.6333787394796511,
        0.6696104561986203
    ],
    "Downstream PDR": [
        0.1971941433371373,
        0.2220368062323313
    ],
    "TicToc PDR": [
        0.12751369489610473,
        0.14639602899345108
    ],
    "Packets retransmitted per node AVG": [
        0.0,
        0.0
    ],
    "Counter of retransmission per packet AVG": [
        0.0,
        0.0
    ],
    "Intertime of retransmissions AVG": [
        0.0,
        0.0
    ],
    "Packets delivered": [
        0.6583584721248261,
        0.6923053401790245
    ],
    "Packets lost due to noise": [
        0.12748970694528572,
        0.14045093094775857
    ],
    "Packets collided": [
        -3.05210987658683e-06,
        9.961073244617399e-05
    ],
    "Destinatary out of range": [
        0.00036183039211028613,
        0.0018201334601940051
    ],
    "Packets dropped": [
        0.0,
        0.0
    ],
    "Other causes of loss": [
        0.17393409176723737,
        0.20518293556099368
    ],
    "Queue MN Avg": [
        0.33731036706544,
        0.33759851351891007
    ],
    "Queue MN Var": [
        1.2311086574371508e-05,
        1.3116948345820038e-05
    ],
    "Queue BR Avg": [
        2206.5563043490974,
        2346.9618831233893
    ],
    "Queue BR Var": [
        2056877.7013148442,
        2747815.201409694
    ],
    "Upstream Delay Avg": [
        0.6685639200086213,
        0.6694854221569311
    ],
    "Upstream Delay 95th Perc": [
        1.2696627893375927,
        1.2701695000052642
    ],
    "Upstream Delay Var": [
        0.14851329512306424,
        0.1486981542908599
    ],
    "Downstream Delay Avg": [
        7.0303188618152515,
        25.820519151111768
    ],
    "Downstream Delay 95th Perc": [
        12.037569251471272,
        46.2302818011986
    ],
    "Downstream Delay Var": [
        415.0227742920582,
        2290.522261205878
    ],
    "RTT Avg": [
        1770.2486661335956,
        1857.2684899896935
    ],
    "RTT 95th Perc": [
        3111.392187047002,
        3275.6097510542586
    ],
    "RTT Var": [
        860918.8338408794,
        926315.1526945245
    ]
}