{
    "Upstream PDR": [
        0.9847334609644975,
        0.9887730936573509
    ],
    "Downstream PDR": [
        0.26838390911652144,
        0.29424760659185156
    ],
    "TicToc PDR": [
        0.2646925606697682,
        0.2906479435319126
    ],
    "Packets retransmitted per node AVG": [
        0.0,
        0.0
    ],
    "Counter of retransmission per packet AVG": [
        0.0,
        0.0
    ],
    "Intertime of retransmissions AVG": [
        0.0,
        0.0
    ],
    "Packets delivered": [
        0.9790388960575855,
        0.9835290724565375
    ],
    "Packets lost due to noise": [
        0.01449747593260454,
        0.017371744945004788
    ],
    "Packets collided": [
        -1.1453237507530735e-06,
        6.700753987159832e-06
    ],
    "Destinatary out of range": [
        -5.748292194192913e-06,
        0.000677414790041691
    ],
    "Packets dropped": [
        0.0,
        0.0
    ],
    "Other causes of loss": [
        0.0010139099840237933,
        0.003871678696159386
    ],
    "Queue MN Avg": [
        0.247378415606711,
        0.24764691429934274
    ],
    "Queue MN Var": [
        1.1948179590134188e-05,
        1.3010222547460307e-05
    ],
    "Queue BR Avg": [
        951.1247959239929,
        991.0256334794847
    ],
    "Queue BR Var": [
        899314.8246497844,
        1051307.746899195
    ],
    "Upstream Delay Avg": [
        0.488863699478288,
        0.4894821512452805
    ],
    "Upstream Delay 95th Perc": [
        0.9278612552390588,
        0.928308020517856
    ],
    "Upstream Delay Var": [
        0.07920559179722321,
        0.07922336795979508
    ],
    "Downstream Delay Avg": [
        0.5078592951897954,
        0.5280505365583253
    ],
    "Downstream Delay 95th Perc": [
        0.5152067490759737,
        0.5433406347783376
    ],
    "Downstream Delay Var": [
        0.003322157558457316,
        0.008335339797830299
    ],
    "RTT Avg": [
        1557.9652477108295,
        1678.3055010606924
    ],
    "RTT 95th Perc": [
        2773.6436148644316,
        3003.103041621799
    ],
    "RTT Var": [
        739844.8985715262,
        818220.8641653399
    ]
}