{
    "Upstream PDR": [
        0.10098263908967356,
        0.10861399956578857
    ],
    "Downstream PDR": [
        0.17094657379721703,
        0.21329893676616654
    ],
    "TicToc PDR": [
        0.017725849809456684,
        0.022450060554688976
    ],
    "Packets retransmitted per node AVG": [
        0.0,
        0.0
    ],
    "Counter of retransmission per packet AVG": [
        0.0,
        0.0
    ],
    "Intertime of retransmissions AVG": [
        0.0,
        0.0
    ],
    "Packets delivered": [
        0.12650788736179244,
        0.13551144637116128
    ],
    "Packets lost due to noise": [
        0.07132545231143975,
        0.07568595322490498
    ],
    "Packets collided": [
        0.0,
        0.0
    ],
    "Destinatary out of range": [
        1.4578215887197244e-05,
        3.232753996164444e-05
    ],
    "Packets dropped": [
        0.0,
        0.0
    ],
    "Other causes of loss": [
        0.7890431775456136,
        0.801879177429239
    ],
    "Queue MN Avg": [
        0.1499955260546501,
        0.1500035579760674
    ],
    "Queue MN Var": [
        4.1030846606052695e-09,
        4.9330117538738885e-09
    ],
    "Queue BR Avg": [
        160.77786233136842,
        179.9402722717883
    ],
    "Queue BR Var": [
        26878.73317340436,
        37787.26035653454
    ],
    "Upstream Delay Avg": [
        0.29375237782852687,
        0.29465364550676626
    ],
    "Upstream Delay 95th Perc": [
        0.5570845911295159,
        0.5579026797124842
    ],
    "Upstream Delay Var": [
        0.028467170286130647,
        0.028575945886332547
    ],
    "Downstream Delay Avg": [
        0.3022504994046037,
        0.3141881421148066
    ],
    "Downstream Delay 95th Perc": [
        0.3092841206010197,
        0.3312750682520295
    ],
    "Downstream Delay Var": [
        0.00031087259242463356,
        0.0018427463385041493
    ],
    "RTT Avg": [
        1780.5589738957692,
        1937.6098269057725
    ],
    "RTT 95th Perc": [
        2728.6472232522406,
        2963.8186529627033
    ],
    "RTT Var": [
        598044.4923241609,
        705228.5122961642
    ]
}