{
    "Upstream PDR": [
        0.07422702853152106,
        0.07725801348528567
    ],
    "Downstream PDR": [
        0.16573736492230426,
        0.1891524637258867
    ],
    "TicToc PDR": [
        0.012530146363036981,
        0.014290357838643696
    ],
    "Packets retransmitted per node AVG": [
        0.0,
        0.0
    ],
    "Counter of retransmission per packet AVG": [
        0.0,
        0.0
    ],
    "Intertime of retransmissions AVG": [
        0.0,
        0.0
    ],
    "Packets delivered": [
        0.09409827484947032,
        0.09737101940496716
    ],
    "Packets lost due to noise": [
        0.056592151711242836,
        0.05857416631312662
    ],
    "Packets collided": [
        4.0034132279503586e-06,
        1.339913789202644e-05
    ],
    "Destinatary out of range": [
        2.3234412986114126e-05,
        5.5599475022877256e-05
    ],
    "Packets dropped": [
        0.0,
        0.0
    ],
    "Other causes of loss": [
        0.8441582115632119,
        0.8491099397188516
    ],
    "Queue MN Avg": [
        0.47999597063625454,
        0.48004913285965656
    ],
    "Queue MN Var": [
        9.146088996748431e-07,
        9.914847097418629e-07
    ],
    "Queue BR Avg": [
        261.4980407794364,
        278.36015132450217
    ],
    "Queue BR Var": [
        51487.37160683604,
        64581.85768610297
    ],
    "Upstream Delay Avg": [
        0.9535210566013457,
        0.9555047487910624
    ],
    "Upstream Delay 95th Perc": [
        1.810606912811266,
        1.8118993675197057
    ],
    "Upstream Delay Var": [
        0.30214207902986584,
        0.30312470023663624
    ],
    "Downstream Delay Avg": [
        1.090274125533271,
        1.2429675081741742
    ],
    "Downstream Delay 95th Perc": [
        1.550106828369536,
        2.2581605662575845
    ],
    "Downstream Delay Var": [
        1.0955116628823012,
        3.213243113013874
    ],
    "RTT Avg": [
        1848.0057858325408,
        1933.960686944859
    ],
    "RTT 95th Perc": [
        2760.923826601167,
        2857.2510633030224
    ],
    "RTT Var": [
        554412.2208356216,
        623415.5355554238
    ]
}