{
    "Upstream PDR": [
        0.17092407884113361,
        0.17375255981432844
    ],
    "Downstream PDR": [
        0.0,
        0.0
    ],
    "TicToc PDR": [
        0.0,
        0.0
    ],
    "Packets retransmitted per node AVG": [
        0.0,
        0.0
    ],
    "Counter of retransmission per packet AVG": [
        0.0,
        0.0
    ],
    "Intertime of retransmissions AVG": [
        0.0,
        0.0
    ],
    "Packets delivered": [
        0.25560803326630577,
        0.25992229788941346
    ],
    "Packets lost due to noise": [
        0.09167238762236014,
        0.09352113827580207
    ],
    "Packets collided": [
        0.0,
        0.0
    ],
    "Destinatary out of range": [
        0.0,
        0.0
    ],
    "Packets dropped": [
        0.0,
        0.0
    ],
    "Other causes of loss": [
        0.6474238726140417,
        0.6518522703320769
    ],
    "Queue MN Avg": [
        319.8868728361649,
        319.904138736556
    ],
    "Queue MN Var": [
        0.08318262708793539,
        0.08909848403539297
    ],
    "Queue BR Avg": [
        0.0,
        0.0
    ],
    "Queue BR Var": [
        0.0,
        0.0
    ],
    "Upstream Delay Avg": [
        635.835447492256,
        636.4997260296918
    ],
    "Upstream Delay 95th Perc": [
        1143.6355359581137,
        1146.2850739740923
    ],
    "Upstream Delay Var": [
        107236.04883514899,
        107669.47640259987
    ],
    "Downstream Delay Avg": [
        0.0,
        0.0
    ],
    "Downstream Delay 95th Perc": [
        0.0,
        0.0
    ],
    "Downstream Delay Var": [
        0.0,
        0.0
    ],
    "RTT Avg": [
        0.0,
        0.0
    ],
    "RTT 95th Perc": [
        0.0,
        0.0
    ],
    "RTT Var": [
        0.0,
        0.0
    ]
}