{
    "Upstream PDR": [
        0.2674223838488276,
        0.27310702791587843
    ],
    "Downstream PDR": [
        0.19667016679537958,
        0.21316597907618434
    ],
    "TicToc PDR": [
        0.053020659843043126,
        0.057789214106536695
    ],
    "Packets retransmitted per node AVG": [
        0.0,
        0.0
    ],
    "Counter of retransmission per packet AVG": [
        0.0,
        0.0
    ],
    "Intertime of retransmissions AVG": [
        0.0,
        0.0
    ],
    "Packets delivered": [
        0.30031582267407575,
        0.30746560891865105
    ],
    "Packets lost due to noise": [
        0.09397989984259074,
        0.09673821863320976
    ],
    "Packets collided": [
        8.126022518009206e-06,
        4.072201608340343e-05
    ],
    "Destinatary out of range": [
        5.314834673219623e-06,
        0.00010997628255741517
    ],
    "Packets dropped": [
        0.0,
        0.0
    ],
    "Other causes of loss": [
        0.5967067749864906,
        0.6046295357891499
    ],
    "Queue MN Avg": [
        0.3375408129168597,
        0.33776625862705817
    ],
    "Queue MN Var": [
        1.207996684672653e-05,
        1.2912493021050735e-05
    ],
    "Queue BR Avg": [
        574.2179888932366,
        593.453684429779
    ],
    "Queue BR Var": [
        139986.38229343577,
        175185.91387238944
    ],
    "Upstream Delay Avg": [
        0.6686888848079521,
        0.6702264149198115
    ],
    "Upstream Delay 95th Perc": [
        1.2691217751151351,
        1.2713920579975515
    ],
    "Upstream Delay Var": [
        0.14847934784951086,
        0.14873170736352845
    ],
    "Downstream Delay Avg": [
        0.9493587248864008,
        1.2402360465311597
    ],
    "Downstream Delay 95th Perc": [
        1.440886550140666,
        2.2135318688908145
    ],
    "Downstream Delay Var": [
        0.8848941457703243,
        2.0727605870155084
    ],
    "RTT Avg": [
        1873.9199856094706,
        1885.9743478866176
    ],
    "RTT 95th Perc": [
        3376.297663884593,
        3401.4354248142436
    ],
    "RTT Var": [
        935223.0469590207,
        949894.2717174501
    ]
}