{
    "Upstream PDR": [
        0.27730577466926376,
        0.2839002757509044
    ],
    "Downstream PDR": [
        0.19644927502517542,
        0.21192156328932762
    ],
    "TicToc PDR": [
        0.05494037800367581,
        0.05971508418119814
    ],
    "Packets retransmitted per node AVG": [
        0.0,
        0.0
    ],
    "Counter of retransmission per packet AVG": [
        0.0,
        0.0
    ],
    "Intertime of retransmissions AVG": [
        0.0,
        0.0
    ],
    "Packets delivered": [
        0.33837670264296,
        0.34675853215831304
    ],
    "Packets lost due to noise": [
        0.10052837493790712,
        0.10403205830675596
    ],
    "Packets collided": [
        0.0,
        0.0
    ],
    "Destinatary out of range": [
        3.3821055146548285e-05,
        9.006190372878184e-05
    ],
    "Packets dropped": [
        0.0,
        0.0
    ],
    "Other causes of loss": [
        0.5508426656264556,
        0.559337783368733
    ],
    "Queue MN Avg": [
        0.2472116597581186,
        0.24757983584674204
    ],
    "Queue MN Var": [
        1.2000792811194775e-05,
        1.3064313746428445e-05
    ],
    "Queue BR Avg": [
        429.0542078220176,
        443.0417218937811
    ],
    "Queue BR Var": [
        95608.30879663688,
        116697.21103842437
    ],
    "Upstream Delay Avg": [
        0.4886144794343178,
        0.48950308405194076
    ],
    "Upstream Delay 95th Perc": [
        0.9280248238315469,
        0.9286907293606244
    ],
    "Upstream Delay Var": [
        0.07913277933892666,
        0.07924173067896718
    ],
    "Downstream Delay Avg": [
        0.5144581922191387,
        0.5482354368905544
    ],
    "Downstream Delay 95th Perc": [
        0.5139143120262659,
        0.6714834230389817
    ],
    "Downstream Delay Var": [
        -0.024706584399142445,
        0.10661462407296884
    ],
    "RTT Avg": [
        2075.987872089589,
        2132.9873468118617
    ],
    "RTT 95th Perc": [
        3249.931158153814,
        3327.993227232556
    ],
    "RTT Var": [
        823482.9073189215,
        861998.6680639272
    ]
}