{
    "Upstream PDR": [
        0.49363882541105053,
        0.5282065527402101
    ],
    "Downstream PDR": [
        0.21788857439737544,
        0.2615127731559425
    ],
    "TicToc PDR": [
        0.11067040009345697,
        0.1337867427636859
    ],
    "Packets retransmitted per node AVG": [
        0.0,
        0.0
    ],
    "Counter of retransmission per packet AVG": [
        0.0,
        0.0
    ],
    "Intertime of retransmissions AVG": [
        0.0,
        0.0
    ],
    "Packets delivered": [
        0.5379770609963027,
        0.5711468830198215
    ],
    "Packets lost due to noise": [
        0.12212307686664525,
        0.1312825017454337
    ],
    "Packets collided": [
        0.0,
        0.0
    ],
    "Destinatary out of range": [
        -2.5400348821878765e-06,
        0.00018325033862089395
    ],
    "Packets dropped": [
        0.0,
        0.0
    ],
    "Other causes of loss": [
        0.3028320243593955,
        0.3344577427086627
    ],
    "Queue MN Avg": [
        0.05964500117102562,
        0.060309746595001275
    ],
    "Queue MN Var": [
        1.096693464075169e-05,
        1.3972544575400314e-05
    ],
    "Queue BR Avg": [
        140.3342421292136,
        155.51168741397655
    ],
    "Queue BR Var": [
        19950.65518239373,
        25580.966189265924
    ],
    "Upstream Delay Avg": [
        0.11382721578396295,
        0.11543201413981384
    ],
    "Upstream Delay 95th Perc": [
        0.21478173544351886,
        0.2170664018304811
    ],
    "Upstream Delay Var": [
        0.00420425914849814,
        0.004222050648281528
    ],
    "Downstream Delay Avg": [
        0.1303499872631592,
        0.13794374807752838
    ],
    "Downstream Delay 95th Perc": [
        0.13065691050371736,
        0.14260023529995697
    ],
    "Downstream Delay Var": [
        -1.421096070984039e-05,
        0.0004787135009135734
    ],
    "RTT Avg": [
        1790.3828201872254,
        1891.5626615509252
    ],
    "RTT 95th Perc": [
        3197.0519686912417,
        3387.9176395466407
    ],
    "RTT Var": [
        872842.2565742838,
        932217.6982582482
    ]
}