{
    "Upstream PDR": [
        0.3600682977683219,
        0.3762308618955437
    ],
    "Downstream PDR": [
        0.17335684584989486,
        0.20419158413680444
    ],
    "TicToc PDR": [
        0.06371275464226464,
        0.07474438821487822
    ],
    "Packets retransmitted per node AVG": [
        0.0,
        0.0
    ],
    "Counter of retransmission per packet AVG": [
        0.0,
        0.0
    ],
    "Intertime of retransmissions AVG": [
        0.0,
        0.0
    ],
    "Packets delivered": [
        0.424833708925107,
        0.4401219043716132
    ],
    "Packets lost due to noise": [
        0.10788548185092262,
        0.11384672288843614
    ],
    "Packets collided": [
        -1.598524072976071e-06,
        7.5420548988219225e-06
    ],
    "Destinatary out of range": [
        9.399800773640806e-06,
        0.00033183621897826576
    ],
    "Packets dropped": [
        0.0,
        0.0
    ],
    "Other causes of loss": [
        0.4484100768315204,
        0.4645549255818228
    ],
    "Queue MN Avg": [
        0.10499738826768884,
        0.10500283862361473
    ],
    "Queue MN Var": [
        1.0047372340017985e-09,
        1.16781014769535e-09
    ],
    "Queue BR Avg": [
        219.2592077496155,
        236.5073577932586
    ],
    "Queue BR Var": [
        37512.36804510706,
        46366.195043808555
    ],
    "Upstream Delay Avg": [
        0.20396813711388181,
        0.20426019770663253
    ],
    "Upstream Delay 95th Perc": [
        0.38617996675418204,
        0.38649411299844666
    ],
    "Upstream Delay Var": [
        0.013667449654363326,
        0.013693196627148664
    ],
    "Downstream Delay Avg": [
        0.23141561213054296,
        0.24432922108768174
    ],
    "Downstream Delay 95th Perc": [
        0.2324991001371113,
        0.2504702889538743
    ],
    "Downstream Delay Var": [
        -6.0377852977868806e-05,
        0.000906991382803062
    ],
    "RTT Avg": [
        1861.849126785468,
        2008.9798747179734
    ],
    "RTT 95th Perc": [
        2994.7315285699833,
        3272.222004157189
    ],
    "RTT Var": [
        788471.9203965287,
        901116.4659463402
    ]
}