{
    "Upstream PDR": [
        0.24296622824040542,
        0.25642200705371215
    ],
    "Downstream PDR": [
        0.17868680507810672,
        0.20724785783875535
    ],
    "TicToc PDR": [
        0.04451354198642695,
        0.052203544848306936
    ],
    "Packets retransmitted per node AVG": [
        0.0,
        0.0
    ],
    "Counter of retransmission per packet AVG": [
        0.0,
        0.0
    ],
    "Intertime of retransmissions AVG": [
        0.0,
        0.0
    ],
    "Packets delivered": [
        0.28985619075041313,
        0.3058268334499302
    ],
    "Packets lost due to noise": [
        0.10855732491347476,
        0.11493792852526634
    ],
    "Packets collided": [
        -9.601128020243668e-07,
        2.960422850081816e-06
    ],
    "Destinatary out of range": [
        2.5183225856093633e-05,
        4.9069750249417476e-05
    ],
    "Packets dropped": [
        0.0,
        0.0
    ],
    "Other causes of loss": [
        0.5813972279779789,
        0.5993482410967832
    ],
    "Queue MN Avg": [
        0.1499955095123092,
        0.1500033056100545
    ],
    "Queue MN Var": [
        4.304094464602706e-09,
        4.8048533849692575e-09
    ],
    "Queue BR Avg": [
        354.3715771362022,
        380.1447295864442
    ],
    "Queue BR Var": [
        75091.1421260734,
        124073.89172498755
    ],
    "Upstream Delay Avg": [
        0.2939306143083968,
        0.2944725849640892
    ],
    "Upstream Delay 95th Perc": [
        0.5573131933546702,
        0.5577518713620724
    ],
    "Upstream Delay Var": [
        0.02847538118122047,
        0.028548625418867157
    ],
    "Downstream Delay Avg": [
        0.30252221944489843,
        0.3219465498076922
    ],
    "Downstream Delay 95th Perc": [
        0.3084383768327759,
        0.333109985558886
    ],
    "Downstream Delay Var": [
        0.0004353681277096716,
        0.0025411421600373867
    ],
    "RTT Avg": [
        1969.092966337601,
        2060.2501606015016
    ],
    "RTT 95th Perc": [
        3109.482393004962,
        3265.4607970899583
    ],
    "RTT Var": [
        776930.2038547755,
        845735.8998962746
    ]
}