{
    "Upstream PDR": [
        0.3311279859340442,
        0.3403610896962079
    ],
    "Downstream PDR": [
        0.19437549741241358,
        0.21666775549177694
    ],
    "TicToc PDR": [
        0.06503600377164039,
        0.07317071891743528
    ],
    "Packets retransmitted per node AVG": [
        0.0,
        0.0
    ],
    "Counter of retransmission per packet AVG": [
        0.0,
        0.0
    ],
    "Intertime of retransmissions AVG": [
        0.0,
        0.0
    ],
    "Packets delivered": [
        0.3703009267317367,
        0.3817027656000434
    ],
    "Packets lost due to noise": [
        0.09312154307201861,
        0.09667688589268589
    ],
    "Packets collided": [
        0.0,
        0.0
    ],
    "Destinatary out of range": [
        6.793784186860048e-06,
        3.566542154417934e-05
    ],
    "Packets dropped": [
        0.0,
        0.0
    ],
    "Other causes of loss": [
        0.5229442949278524,
        0.535211124569932
    ],
    "Queue MN Avg": [
        0.19499471957522563,
        0.1950061375698715
    ],
    "Queue MN Var": [
        1.0040871726437666e-08,
        1.1242986694002554e-08
    ],
    "Queue BR Avg": [
        288.3205396195398,
        299.24367035158957
    ],
    "Queue BR Var": [
        52619.566903241575,
        60698.396844583884
    ],
    "Upstream Delay Avg": [
        0.38384996597600457,
        0.3843950365587178
    ],
    "Upstream Delay 95th Perc": [
        0.7283734585358859,
        0.7287323018473715
    ],
    "Upstream Delay Var": [
        0.04874325731656758,
        0.048827148767604904
    ],
    "Downstream Delay Avg": [
        0.4144505173095526,
        0.4289239615941812
    ],
    "Downstream Delay 95th Perc": [
        0.42522792976691554,
        0.4639235681003479
    ],
    "Downstream Delay Var": [
        0.001738107240172365,
        0.0062200865447604985
    ],
    "RTT Avg": [
        1862.6080465468365,
        1888.0902119271789
    ],
    "RTT 95th Perc": [
        3345.7087449707687,
        3398.5788095441285
    ],
    "RTT Var": [
        923606.0961283314,
        941193.191528502
    ]
}