{
    "Upstream PDR": [
        0.35082199419403093,
        0.3765998545454651
    ],
    "Downstream PDR": [
        0.0,
        0.0
    ],
    "TicToc PDR": [
        0.0,
        0.0
    ],
    "Packets retransmitted per node AVG": [
        0.0,
        0.0
    ],
    "Counter of retransmission per packet AVG": [
        0.0,
        0.0
    ],
    "Intertime of retransmissions AVG": [
        0.0,
        0.0
    ],
    "Packets delivered": [
        0.3625938005760756,
        0.38843397507191824
    ],
    "Packets lost due to noise": [
        0.12033168333109684,
        0.1322794971106373
    ],
    "Packets collided": [
        0.0,
        0.0
    ],
    "Destinatary out of range": [
        0.0,
        0.0
    ],
    "Packets dropped": [
        0.0,
        0.0
    ],
    "Other causes of loss": [
        0.48399546571293045,
        0.5123655781973416
    ],
    "Queue MN Avg": [
        0.08250012560628325,
        0.0825056538224008
    ],
    "Queue MN Var": [
        6.776796510049466e-10,
        8.233178091215597e-10
    ],
    "Queue BR Avg": [
        0.0,
        0.0
    ],
    "Queue BR Var": [
        0.0,
        0.0
    ],
    "Upstream Delay Avg": [
        0.15926073501351717,
        0.15975098442163477
    ],
    "Upstream Delay 95th Perc": [
        0.3006926694323999,
        0.3011301402740001
    ],
    "Upstream Delay Var": [
        0.008261436756721176,
        0.00828497669740114
    ],
    "Downstream Delay Avg": [
        0.0,
        0.0
    ],
    "Downstream Delay 95th Perc": [
        0.0,
        0.0
    ],
    "Downstream Delay Var": [
        0.0,
        0.0
    ],
    "RTT Avg": [
        0.0,
        0.0
    ],
    "RTT 95th Perc": [
        0.0,
        0.0
    ],
    "RTT Var": [
        0.0,
        0.0
    ]
}