{
    "Upstream PDR": [
        0.311634815925633,
        0.31867274709957694
    ],
    "Downstream PDR": [
        0.18937655495549938,
        0.20947320133349367
    ],
    "TicToc PDR": [
        0.0595300797074211,
        0.06641025642703269
    ],
    "Packets retransmitted per node AVG": [
        0.0,
        0.0
    ],
    "Counter of retransmission per packet AVG": [
        0.0,
        0.0
    ],
    "Intertime of retransmissions AVG": [
        0.0,
        0.0
    ],
    "Packets delivered": [
        0.3468694029306698,
        0.35617297767983747
    ],
    "Packets lost due to noise": [
        0.10054977747753631,
        0.10405913536810647
    ],
    "Packets collided": [
        0.0,
        0.0
    ],
    "Destinatary out of range": [
        7.576364562736648e-06,
        1.4903660785787229e-05
    ],
    "Packets dropped": [
        0.0,
        0.0
    ],
    "Other causes of loss": [
        0.5414776701028127,
        0.5508485564156888
    ],
    "Queue MN Avg": [
        0.19499471957522563,
        0.1950061375698715
    ],
    "Queue MN Var": [
        1.0040871726437666e-08,
        1.1242986694002554e-08
    ],
    "Queue BR Avg": [
        387.506384339302,
        399.20153876949524
    ],
    "Queue BR Var": [
        74512.87287351857,
        92417.39372957892
    ],
    "Upstream Delay Avg": [
        0.3837876349892683,
        0.38429035471905787
    ],
    "Upstream Delay 95th Perc": [
        0.7283356258168627,
        0.7287639007330227
    ],
    "Upstream Delay Var": [
        0.048731810444668525,
        0.04881051737122995
    ],
    "Downstream Delay Avg": [
        0.41496656445498753,
        0.4314039221896174
    ],
    "Downstream Delay 95th Perc": [
        0.4313580560269073,
        0.4729199129057668
    ],
    "Downstream Delay Var": [
        0.0021500091059735364,
        0.00688629481090605
    ],
    "RTT Avg": [
        1910.2268493313927,
        1920.545355291661
    ],
    "RTT 95th Perc": [
        3412.6518456602003,
        3432.477849284453
    ],
    "RTT Var": [
        951318.3940699238,
        961678.1006119414
    ]
}