{
    "Upstream PDR": [
        0.3364620428787439,
        0.342728993535822
    ],
    "Downstream PDR": [
        0.0,
        0.0
    ],
    "TicToc PDR": [
        0.0,
        0.0
    ],
    "Packets retransmitted per node AVG": [
        0.0,
        0.0
    ],
    "Counter of retransmission per packet AVG": [
        0.0,
        0.0
    ],
    "Intertime of retransmissions AVG": [
        0.0,
        0.0
    ],
    "Packets delivered": [
        0.33642514637697757,
        0.3427404396122275
    ],
    "Packets lost due to noise": [
        0.09989939121725368,
        0.10510865949600691
    ],
    "Packets collided": [
        0.0,
        0.0
    ],
    "Destinatary out of range": [
        0.0,
        0.0
    ],
    "Packets dropped": [
        0.0,
        0.0
    ],
    "Other causes of loss": [
        0.5536520365925566,
        0.5621743267049779
    ],
    "Queue MN Avg": [
        0.2324917258380174,
        0.2325050703706952
    ],
    "Queue MN Var": [
        1.3206006883625303e-08,
        1.5039054178846693e-08
    ],
    "Queue BR Avg": [
        0.0,
        0.0
    ],
    "Queue BR Var": [
        0.0,
        0.0
    ],
    "Upstream Delay Avg": [
        0.45926145225228876,
        0.45973608773727015
    ],
    "Upstream Delay 95th Perc": [
        0.8709045478039155,
        0.8713126923768852
    ],
    "Upstream Delay Var": [
        0.06971543570019008,
        0.06981850890629461
    ],
    "Downstream Delay Avg": [
        0.0,
        0.0
    ],
    "Downstream Delay 95th Perc": [
        0.0,
        0.0
    ],
    "Downstream Delay Var": [
        0.0,
        0.0
    ],
    "RTT Avg": [
        0.0,
        0.0
    ],
    "RTT 95th Perc": [
        0.0,
        0.0
    ],
    "RTT Var": [
        0.0,
        0.0
    ]
}