{
    "Upstream PDR": [
        0.4709461573439121,
        0.5015143468577687
    ],
    "Downstream PDR": [
        0.2202636578037291,
        0.2682143031454151
    ],
    "TicToc PDR": [
        0.10644029272109747,
        0.13102189215285218
    ],
    "Packets retransmitted per node AVG": [
        0.0,
        0.0
    ],
    "Counter of retransmission per packet AVG": [
        0.0,
        0.0
    ],
    "Intertime of retransmissions AVG": [
        0.0,
        0.0
    ],
    "Packets delivered": [
        0.5373126284996671,
        0.5674491668389839
    ],
    "Packets lost due to noise": [
        0.12365936231988495,
        0.13368284939055902
    ],
    "Packets collided": [
        0.0,
        0.0
    ],
    "Destinatary out of range": [
        -5.771388576541225e-05,
        0.0005028825421972183
    ],
    "Packets dropped": [
        0.0,
        0.0
    ],
    "Other causes of loss": [
        0.3052217714533122,
        0.3322290528411609
    ],
    "Queue MN Avg": [
        0.05964500117102562,
        0.060309746595001275
    ],
    "Queue MN Var": [
        1.096693464075169e-05,
        1.3972544575400314e-05
    ],
    "Queue BR Avg": [
        126.74013359766491,
        141.17964960812094
    ],
    "Queue BR Var": [
        17673.74695628751,
        21707.62560794422
    ],
    "Upstream Delay Avg": [
        0.11386282885497385,
        0.11536837437430454
    ],
    "Upstream Delay 95th Perc": [
        0.21444701933796217,
        0.2170120191139236
    ],
    "Upstream Delay Var": [
        0.0042086668292699745,
        0.004221627335029389
    ],
    "Downstream Delay Avg": [
        0.12471735448411554,
        0.1319249790649743
    ],
    "Downstream Delay 95th Perc": [
        0.12469041989941755,
        0.1332034584056385
    ],
    "Downstream Delay Var": [
        -5.0188325209153255e-05,
        0.00017778500681024385
    ],
    "RTT Avg": [
        1731.2543974035584,
        1903.4695303808712
    ],
    "RTT 95th Perc": [
        2804.7159841569837,
        3118.218205723986
    ],
    "RTT Var": [
        736588.6425979292,
        867830.2113180367
    ]
}