{
    "Upstream PDR": [
        0.24077152364889637,
        0.2504192326536246
    ],
    "Downstream PDR": [
        0.17340968963376172,
        0.1953913265820064
    ],
    "TicToc PDR": [
        0.042487676008270095,
        0.048382071890889555
    ],
    "Packets retransmitted per node AVG": [
        0.0,
        0.0
    ],
    "Counter of retransmission per packet AVG": [
        0.0,
        0.0
    ],
    "Intertime of retransmissions AVG": [
        0.0,
        0.0
    ],
    "Packets delivered": [
        0.26702726855024345,
        0.27872494553592303
    ],
    "Packets lost due to noise": [
        0.10307438060170812,
        0.10793537115112686
    ],
    "Packets collided": [
        0.0,
        0.0
    ],
    "Destinatary out of range": [
        -0.00012325753494579343,
        0.00046469857017197885
    ],
    "Packets dropped": [
        0.0,
        0.0
    ],
    "Other causes of loss": [
        0.6148300431449727,
        0.6280665499807994
    ],
    "Queue MN Avg": [
        0.19499471957522563,
        0.1950061375698715
    ],
    "Queue MN Var": [
        1.0040871726437666e-08,
        1.1242986694002554e-08
    ],
    "Queue BR Avg": [
        486.5813580355177,
        510.300721323474
    ],
    "Queue BR Var": [
        117016.49843243268,
        160418.5726491857
    ],
    "Upstream Delay Avg": [
        0.38399881243297723,
        0.3844574004762838
    ],
    "Upstream Delay 95th Perc": [
        0.7282142597810329,
        0.7287324145327382
    ],
    "Upstream Delay Var": [
        0.04870591342107326,
        0.04880666530583937
    ],
    "Downstream Delay Avg": [
        0.40714194440873763,
        0.4269545939699876
    ],
    "Downstream Delay 95th Perc": [
        0.41752491978114026,
        0.45519823880555754
    ],
    "Downstream Delay Var": [
        0.0015352826708066635,
        0.005202215066780081
    ],
    "RTT Avg": [
        1849.8428022395467,
        1895.6374863419244
    ],
    "RTT 95th Perc": [
        3320.584467898409,
        3427.01144214444
    ],
    "RTT Var": [
        914824.8581340255,
        973278.853863995
    ]
}