{
    "Upstream PDR": [
        0.21186399733709058,
        0.21661879133393339
    ],
    "Downstream PDR": [
        0.0,
        0.0
    ],
    "TicToc PDR": [
        0.0,
        0.0
    ],
    "Packets retransmitted per node AVG": [
        0.0,
        0.0
    ],
    "Counter of retransmission per packet AVG": [
        0.0,
        0.0
    ],
    "Intertime of retransmissions AVG": [
        0.0,
        0.0
    ],
    "Packets delivered": [
        0.28737589070068464,
        0.29377759428679845
    ],
    "Packets lost due to noise": [
        0.08731298634068055,
        0.09095240917899697
    ],
    "Packets collided": [
        0.0,
        0.0
    ],
    "Destinatary out of range": [
        -7.095198507576287e-05,
        0.0002187741663626118
    ],
    "Packets dropped": [
        0.0,
        0.0
    ],
    "Other causes of loss": [
        0.6159411516353503,
        0.624492145676202
    ],
    "Queue MN Avg": [
        250.32659543223951,
        250.35649317812653
    ],
    "Queue MN Var": [
        0.08208156415112404,
        0.09063803651882622
    ],
    "Queue BR Avg": [
        0.0,
        0.0
    ],
    "Queue BR Var": [
        0.0,
        0.0
    ],
    "Upstream Delay Avg": [
        504.3060379142279,
        505.18013410178776
    ],
    "Upstream Delay 95th Perc": [
        901.9851583463058,
        902.6178010430474
    ],
    "Upstream Delay Var": [
        66396.84089757767,
        66552.1367410254
    ],
    "Downstream Delay Avg": [
        0.0,
        0.0
    ],
    "Downstream Delay 95th Perc": [
        0.0,
        0.0
    ],
    "Downstream Delay Var": [
        0.0,
        0.0
    ],
    "RTT Avg": [
        0.0,
        0.0
    ],
    "RTT 95th Perc": [
        0.0,
        0.0
    ],
    "RTT Var": [
        0.0,
        0.0
    ]
}