{
    "Upstream PDR": [
        0.5515614292977551,
        0.5787276463324973
    ],
    "Downstream PDR": [
        0.0,
        0.0
    ],
    "TicToc PDR": [
        0.0,
        0.0
    ],
    "Packets retransmitted per node AVG": [
        0.0,
        0.0
    ],
    "Counter of retransmission per packet AVG": [
        0.0,
        0.0
    ],
    "Intertime of retransmissions AVG": [
        0.0,
        0.0
    ],
    "Packets delivered": [
        0.5732581290746884,
        0.5992652504102643
    ],
    "Packets lost due to noise": [
        0.10914068901570863,
        0.1212196018196904
    ],
    "Packets collided": [
        0.0,
        0.0
    ],
    "Destinatary out of range": [
        0.0,
        0.0
    ],
    "Packets dropped": [
        0.0,
        0.0
    ],
    "Other causes of loss": [
        0.2853932592639361,
        0.31172307041571234
    ],
    "Queue MN Avg": [
        0.08250012560628325,
        0.0825056538224008
    ],
    "Queue MN Var": [
        6.776796510049466e-10,
        8.233178091215597e-10
    ],
    "Queue BR Avg": [
        0.0,
        0.0
    ],
    "Queue BR Var": [
        0.0,
        0.0
    ],
    "Upstream Delay Avg": [
        0.15926956953915736,
        0.15962815341878808
    ],
    "Upstream Delay 95th Perc": [
        0.30070830948598326,
        0.30111541272190245
    ],
    "Upstream Delay Var": [
        0.008259207112778664,
        0.00827561215297253
    ],
    "Downstream Delay Avg": [
        0.0,
        0.0
    ],
    "Downstream Delay 95th Perc": [
        0.0,
        0.0
    ],
    "Downstream Delay Var": [
        0.0,
        0.0
    ],
    "RTT Avg": [
        0.0,
        0.0
    ],
    "RTT 95th Perc": [
        0.0,
        0.0
    ],
    "RTT Var": [
        0.0,
        0.0
    ]
}