{
    "Upstream PDR": [
        0.2781274441358261,
        0.29685574914148477
    ],
    "Downstream PDR": [
        0.17465543785308763,
        0.2096227283995074
    ],
    "TicToc PDR": [
        0.0498882419344435,
        0.06007142193110273
    ],
    "Packets retransmitted per node AVG": [
        0.0,
        0.0
    ],
    "Counter of retransmission per packet AVG": [
        0.0,
        0.0
    ],
    "Intertime of retransmissions AVG": [
        0.0,
        0.0
    ],
    "Packets delivered": [
        0.32704213182938896,
        0.3470924129321297
    ],
    "Packets lost due to noise": [
        0.1123561125087394,
        0.11873828170599456
    ],
    "Packets collided": [
        0.0,
        0.0
    ],
    "Destinatary out of range": [
        2.205303728262247e-05,
        7.382568770662032e-05
    ],
    "Packets dropped": [
        0.0,
        0.0
    ],
    "Other causes of loss": [
        0.5368740902278657,
        0.5578010920708922
    ],
    "Queue MN Avg": [
        0.10499738826768884,
        0.10500283862361473
    ],
    "Queue MN Var": [
        1.0047372340017985e-09,
        1.16781014769535e-09
    ],
    "Queue BR Avg": [
        268.17948964050095,
        296.2685089160401
    ],
    "Queue BR Var": [
        51298.432045286354,
        75608.46505185103
    ],
    "Upstream Delay Avg": [
        0.20397045482781376,
        0.20434995013011778
    ],
    "Upstream Delay 95th Perc": [
        0.3862268938534949,
        0.38654615962056255
    ],
    "Upstream Delay Var": [
        0.013650466739655514,
        0.01368314610158151
    ],
    "Downstream Delay Avg": [
        0.2332689978475741,
        0.2454958347476071
    ],
    "Downstream Delay 95th Perc": [
        0.23858621005441577,
        0.2580270564672866
    ],
    "Downstream Delay Var": [
        0.000124327501034663,
        0.0011604999425195673
    ],
    "RTT Avg": [
        1820.2100093424779,
        1958.5654888151912
    ],
    "RTT 95th Perc": [
        2953.16088377966,
        3199.488525503492
    ],
    "RTT Var": [
        770259.5582011729,
        870004.7666460404
    ]
}