{
    "Upstream PDR": [
        0.17524160466002986,
        0.18170839533997024
    ],
    "Downstream PDR": [
        0.0,
        0.0
    ],
    "TicToc PDR": [
        0.0,
        0.0
    ],
    "Packets retransmitted per node AVG": [
        0.0,
        0.0
    ],
    "Counter of retransmission per packet AVG": [
        0.0,
        0.0
    ],
    "Intertime of retransmissions AVG": [
        0.0,
        0.0
    ],
    "Packets delivered": [
        0.2232669608697821,
        0.2316497869850569
    ],
    "Packets lost due to noise": [
        0.10075483155953545,
        0.10394774080484968
    ],
    "Packets collided": [
        -4.447545091303925e-06,
        1.3713611658238455e-05
    ],
    "Destinatary out of range": [
        -1.3277552099832897e-05,
        6.399673723236305e-05
    ],
    "Packets dropped": [
        0.0,
        0.0
    ],
    "Other causes of loss": [
        0.6649984203518253,
        0.6753222741772513
    ],
    "Queue MN Avg": [
        163.48435225245973,
        163.5060495250053
    ],
    "Queue MN Var": [
        0.08659177948075847,
        0.09210112198342496
    ],
    "Queue BR Avg": [
        0.0,
        0.0
    ],
    "Queue BR Var": [
        0.0,
        0.0
    ],
    "Upstream Delay Avg": [
        355.2308958159296,
        357.5256727918848
    ],
    "Upstream Delay 95th Perc": [
        574.3570655192839,
        576.5820789060056
    ],
    "Upstream Delay Var": [
        26286.538696539836,
        26776.868735800017
    ],
    "Downstream Delay Avg": [
        0.0,
        0.0
    ],
    "Downstream Delay 95th Perc": [
        0.0,
        0.0
    ],
    "Downstream Delay Var": [
        0.0,
        0.0
    ],
    "RTT Avg": [
        0.0,
        0.0
    ],
    "RTT 95th Perc": [
        0.0,
        0.0
    ],
    "RTT Var": [
        0.0,
        0.0
    ]
}