{
    "Upstream PDR": [
        0.548448697331074,
        0.5777328152739678
    ],
    "Downstream PDR": [
        0.24966012955643657,
        0.29165453590032664
    ],
    "TicToc PDR": [
        0.13964527885466493,
        0.16515472114533508
    ],
    "Packets retransmitted per node AVG": [
        0.0,
        0.0
    ],
    "Counter of retransmission per packet AVG": [
        0.0,
        0.0
    ],
    "Intertime of retransmissions AVG": [
        0.0,
        0.0
    ],
    "Packets delivered": [
        0.6170269724656494,
        0.6445591498008107
    ],
    "Packets lost due to noise": [
        0.10712569754693024,
        0.11654128957562845
    ],
    "Packets collided": [
        0.0,
        0.0
    ],
    "Destinatary out of range": [
        -6.929167783656517e-06,
        0.00021189503468378127
    ],
    "Packets dropped": [
        0.0,
        0.0
    ],
    "Other causes of loss": [
        0.24537702683897172,
        0.26916489790510895
    ],
    "Queue MN Avg": [
        0.05964500117102562,
        0.060309746595001275
    ],
    "Queue MN Var": [
        1.096693464075169e-05,
        1.3972544575400314e-05
    ],
    "Queue BR Avg": [
        100.70915786009311,
        110.91712211786594
    ],
    "Queue BR Var": [
        13573.606432122097,
        16209.28867015185
    ],
    "Upstream Delay Avg": [
        0.1139274226665901,
        0.11535282289120767
    ],
    "Upstream Delay 95th Perc": [
        0.21501719132780628,
        0.217300147079508
    ],
    "Upstream Delay Var": [
        0.004211904549961127,
        0.00422550451032471
    ],
    "Downstream Delay Avg": [
        0.1267701598602114,
        0.1321624932037475
    ],
    "Downstream Delay 95th Perc": [
        0.12704398296076788,
        0.13321520159504932
    ],
    "Downstream Delay Var": [
        -4.213527394485433e-05,
        0.00012992038801878011
    ],
    "RTT Avg": [
        1720.5839687181583,
        1878.1914687622675
    ],
    "RTT 95th Perc": [
        2852.2589635257464,
        3142.35929366296
    ],
    "RTT Var": [
        780475.5307857459,
        904922.2977455205
    ]
}