{
    "Upstream PDR": [
        0.1445719836110522,
        0.1488219659687797
    ],
    "Downstream PDR": [
        0.0,
        0.0
    ],
    "TicToc PDR": [
        0.0,
        0.0
    ],
    "Packets retransmitted per node AVG": [
        0.0,
        0.0
    ],
    "Counter of retransmission per packet AVG": [
        0.0,
        0.0
    ],
    "Intertime of retransmissions AVG": [
        0.0,
        0.0
    ],
    "Packets delivered": [
        0.2144374950382185,
        0.22078808558811933
    ],
    "Packets lost due to noise": [
        0.09533684286385548,
        0.09768497543255551
    ],
    "Packets collided": [
        0.0,
        0.0
    ],
    "Destinatary out of range": [
        0.0,
        0.0
    ],
    "Packets dropped": [
        0.0,
        0.0
    ],
    "Other causes of loss": [
        0.6821177013750748,
        0.6896348997021766
    ],
    "Queue MN Avg": [
        319.8868728361649,
        319.904138736556
    ],
    "Queue MN Var": [
        0.08318262708793539,
        0.08909848403539297
    ],
    "Queue BR Avg": [
        0.0,
        0.0
    ],
    "Queue BR Var": [
        0.0,
        0.0
    ],
    "Upstream Delay Avg": [
        638.9931598694874,
        639.7106889007149
    ],
    "Upstream Delay 95th Perc": [
        1154.094109088452,
        1157.6905381316108
    ],
    "Upstream Delay Var": [
        108358.65057986954,
        108842.13758792725
    ],
    "Downstream Delay Avg": [
        0.0,
        0.0
    ],
    "Downstream Delay 95th Perc": [
        0.0,
        0.0
    ],
    "Downstream Delay Var": [
        0.0,
        0.0
    ],
    "RTT Avg": [
        0.0,
        0.0
    ],
    "RTT 95th Perc": [
        0.0,
        0.0
    ],
    "RTT Var": [
        0.0,
        0.0
    ]
}