{
    "Upstream PDR": [
        0.2826110308155769,
        0.28810269467461924
    ],
    "Downstream PDR": [
        0.1811801775240179,
        0.19998783941186468
    ],
    "TicToc PDR": [
        0.05167814639172824,
        0.05706022895841181
    ],
    "Packets retransmitted per node AVG": [
        0.0,
        0.0
    ],
    "Counter of retransmission per packet AVG": [
        0.0,
        0.0
    ],
    "Intertime of retransmissions AVG": [
        0.0,
        0.0
    ],
    "Packets delivered": [
        0.31535114193507335,
        0.32176659943879155
    ],
    "Packets lost due to noise": [
        0.09610660937732224,
        0.0991678141760316
    ],
    "Packets collided": [
        4.040060627710121e-06,
        1.6523008143921238e-05
    ],
    "Destinatary out of range": [
        1.2437131701721492e-05,
        3.274000271805297e-05
    ],
    "Packets dropped": [
        0.0,
        0.0
    ],
    "Other causes of loss": [
        0.5804519882316744,
        0.5870901066379154
    ],
    "Queue MN Avg": [
        0.2924916927407366,
        0.2925071538940659
    ],
    "Queue MN Var": [
        2.7341621640431962e-08,
        3.037584359711962e-08
    ],
    "Queue BR Avg": [
        530.6305127905866,
        550.4473006644585
    ],
    "Queue BR Var": [
        119828.73913182617,
        146051.36056337837
    ],
    "Upstream Delay Avg": [
        0.5784511012694583,
        0.5790299640500475
    ],
    "Upstream Delay 95th Perc": [
        1.098461611816445,
        1.0989099797030981
    ],
    "Upstream Delay Var": [
        0.11107628414467106,
        0.1112308173127136
    ],
    "Downstream Delay Avg": [
        0.6737413535502471,
        0.7410413776639634
    ],
    "Downstream Delay 95th Perc": [
        0.7873136017470995,
        0.9723990121958482
    ],
    "Downstream Delay Var": [
        0.04638814349052656,
        0.12051665168160253
    ],
    "RTT Avg": [
        1912.5979133641745,
        1921.4049769692351
    ],
    "RTT 95th Perc": [
        3419.164584521047,
        3429.9223723608657
    ],
    "RTT Var": [
        956324.052489609,
        964239.6065183843
    ]
}