{
    "Upstream PDR": [
        0.23948449496858173,
        0.2500765134347797
    ],
    "Downstream PDR": [
        0.18709120715337244,
        0.20965309689821623
    ],
    "TicToc PDR": [
        0.045576433149151496,
        0.05160205424580647
    ],
    "Packets retransmitted per node AVG": [
        0.0,
        0.0
    ],
    "Counter of retransmission per packet AVG": [
        0.0,
        0.0
    ],
    "Intertime of retransmissions AVG": [
        0.0,
        0.0
    ],
    "Packets delivered": [
        0.2701742272164275,
        0.2822986682897203
    ],
    "Packets lost due to noise": [
        0.10149949760325266,
        0.10472734342785125
    ],
    "Packets collided": [
        0.0,
        0.0
    ],
    "Destinatary out of range": [
        2.288566411576773e-05,
        0.0002386565844261189
    ],
    "Packets dropped": [
        0.0,
        0.0
    ],
    "Other causes of loss": [
        0.6140485559001595,
        0.6269901653140467
    ],
    "Queue MN Avg": [
        0.2472116597581186,
        0.24757983584674204
    ],
    "Queue MN Var": [
        1.2000792811194775e-05,
        1.3064313746428445e-05
    ],
    "Queue BR Avg": [
        596.7566453782398,
        633.2748385438769
    ],
    "Queue BR Var": [
        145759.09588240023,
        208082.4454563838
    ],
    "Upstream Delay Avg": [
        0.4883421587789218,
        0.48958170469960544
    ],
    "Upstream Delay 95th Perc": [
        0.928093163118581,
        0.9288202541398186
    ],
    "Upstream Delay Var": [
        0.07909910477979003,
        0.07932240423625188
    ],
    "Downstream Delay Avg": [
        0.5070895300248431,
        0.5360518095286485
    ],
    "Downstream Delay 95th Perc": [
        0.5288614967591071,
        0.5810607600360364
    ],
    "Downstream Delay Var": [
        0.004129505164586704,
        0.01157401152838369
    ],
    "RTT Avg": [
        1880.3806418722484,
        1918.463467773759
    ],
    "RTT 95th Perc": [
        3333.434144848861,
        3413.7772663839373
    ],
    "RTT Var": [
        917289.2931473472,
        957323.9961142952
    ]
}