{
    "Upstream PDR": [
        0.2939585724313507,
        0.3001469737871366
    ],
    "Downstream PDR": [
        0.197547309717895,
        0.21784545468836622
    ],
    "TicToc PDR": [
        0.05855478564486682,
        0.06494168494336848
    ],
    "Packets retransmitted per node AVG": [
        0.0,
        0.0
    ],
    "Counter of retransmission per packet AVG": [
        0.0,
        0.0
    ],
    "Intertime of retransmissions AVG": [
        0.0,
        0.0
    ],
    "Packets delivered": [
        0.3298315470714487,
        0.33784737730729764
    ],
    "Packets lost due to noise": [
        0.09806706720868058,
        0.10184709567301256
    ],
    "Packets collided": [
        0.0,
        0.0
    ],
    "Destinatary out of range": [
        8.284609670817314e-06,
        5.7720667908956064e-05
    ],
    "Packets dropped": [
        0.0,
        0.0
    ],
    "Other causes of loss": [
        0.5618662353787244,
        0.5704746720832566
    ],
    "Queue MN Avg": [
        0.2472116597581186,
        0.24757983584674204
    ],
    "Queue MN Var": [
        1.2000792811194775e-05,
        1.3064313746428445e-05
    ],
    "Queue BR Avg": [
        448.6159349881061,
        464.65610436514385
    ],
    "Queue BR Var": [
        93581.96902286797,
        115128.23047427039
    ],
    "Upstream Delay Avg": [
        0.4885412501153552,
        0.4895574926220765
    ],
    "Upstream Delay 95th Perc": [
        0.9279024556280798,
        0.9284676675540916
    ],
    "Upstream Delay Var": [
        0.07903460971110933,
        0.0792180596414137
    ],
    "Downstream Delay Avg": [
        0.5205122880793391,
        0.5443231941732103
    ],
    "Downstream Delay 95th Perc": [
        0.5491538862895383,
        0.5958746799647591
    ],
    "Downstream Delay Var": [
        0.006602949326026876,
        0.014059163581793366
    ],
    "RTT Avg": [
        1913.0050054945334,
        1920.1638470782466
    ],
    "RTT 95th Perc": [
        3426.2337348868336,
        3432.6817723247327
    ],
    "RTT Var": [
        958397.7348670181,
        970646.0717376751
    ]
}