{
    "Upstream PDR": [
        0.5219239252247183,
        0.5536895201534329
    ],
    "Downstream PDR": [
        0.2126849205162788,
        0.2573502358975644
    ],
    "TicToc PDR": [
        0.11396991775918423,
        0.13746873770300064
    ],
    "Packets retransmitted per node AVG": [
        0.0,
        0.0
    ],
    "Counter of retransmission per packet AVG": [
        0.0,
        0.0
    ],
    "Intertime of retransmissions AVG": [
        0.0,
        0.0
    ],
    "Packets delivered": [
        0.5611629288771435,
        0.5910358316802918
    ],
    "Packets lost due to noise": [
        0.12221878984684566,
        0.13235183873352416
    ],
    "Packets collided": [
        0.0,
        0.0
    ],
    "Destinatary out of range": [
        -9.015166137028608e-06,
        9.802276456493331e-05
    ],
    "Packets dropped": [
        0.0,
        0.0
    ],
    "Other causes of loss": [
        0.2821763771095514,
        0.31096522615421546
    ],
    "Queue MN Avg": [
        0.05964500117102562,
        0.060309746595001275
    ],
    "Queue MN Var": [
        1.096693464075169e-05,
        1.3972544575400314e-05
    ],
    "Queue BR Avg": [
        149.64658112813055,
        165.93527050646406
    ],
    "Queue BR Var": [
        21195.477876476554,
        26472.812658566607
    ],
    "Upstream Delay Avg": [
        0.1137673034732477,
        0.1153075761480063
    ],
    "Upstream Delay 95th Perc": [
        0.21453957392246548,
        0.21701094728959164
    ],
    "Upstream Delay Var": [
        0.004211163038316649,
        0.004227344271605914
    ],
    "Downstream Delay Avg": [
        0.12976045490055113,
        0.13665512034479463
    ],
    "Downstream Delay 95th Perc": [
        0.12974129123146086,
        0.14075871605107534
    ],
    "Downstream Delay Var": [
        -7.78577331956073e-05,
        0.0004486995139406961
    ],
    "RTT Avg": [
        1769.637308113514,
        1885.190756975105
    ],
    "RTT 95th Perc": [
        3164.042622113803,
        3380.18855757481
    ],
    "RTT Var": [
        877918.6982547317,
        985674.64719801
    ]
}