{
    "Upstream PDR": [
        0.23721926078196734,
        0.24809166358778065
    ],
    "Downstream PDR": [
        0.0,
        0.0
    ],
    "TicToc PDR": [
        0.0,
        0.0
    ],
    "Packets retransmitted per node AVG": [
        0.0,
        0.0
    ],
    "Counter of retransmission per packet AVG": [
        0.0,
        0.0
    ],
    "Intertime of retransmissions AVG": [
        0.0,
        0.0
    ],
    "Packets delivered": [
        0.2370765847638161,
        0.2478889298724874
    ],
    "Packets lost due to noise": [
        0.09976581540008662,
        0.10310498177383841
    ],
    "Packets collided": [
        0.0,
        0.0
    ],
    "Destinatary out of range": [
        -6.8632169026126635e-06,
        4.434380622086987e-05
    ],
    "Packets dropped": [
        0.0,
        0.0
    ],
    "Other causes of loss": [
        0.6502171347824269,
        0.661909072818026
    ],
    "Queue MN Avg": [
        0.38248288147782633,
        0.38253532151749664
    ],
    "Queue MN Var": [
        1.9186512590993714e-07,
        2.1814591707158926e-07
    ],
    "Queue BR Avg": [
        0.0,
        0.0
    ],
    "Queue BR Var": [
        0.0,
        0.0
    ],
    "Upstream Delay Avg": [
        0.7587188474321827,
        0.7596431269742039
    ],
    "Upstream Delay 95th Perc": [
        1.440576772539989,
        1.4412933770518963
    ],
    "Upstream Delay Var": [
        0.19124430590570707,
        0.19159738869823562
    ],
    "Downstream Delay Avg": [
        0.0,
        0.0
    ],
    "Downstream Delay 95th Perc": [
        0.0,
        0.0
    ],
    "Downstream Delay Var": [
        0.0,
        0.0
    ],
    "RTT Avg": [
        0.0,
        0.0
    ],
    "RTT 95th Perc": [
        0.0,
        0.0
    ],
    "RTT Var": [
        0.0,
        0.0
    ]
}