{
    "Upstream PDR": [
        0.32444074308824866,
        0.33340015327029493
    ],
    "Downstream PDR": [
        0.19364077006571906,
        0.21930974744605908
    ],
    "TicToc PDR": [
        0.06364296179167285,
        0.07193574969292103
    ],
    "Packets retransmitted per node AVG": [
        0.0,
        0.0
    ],
    "Counter of retransmission per packet AVG": [
        0.0,
        0.0
    ],
    "Intertime of retransmissions AVG": [
        0.0,
        0.0
    ],
    "Packets delivered": [
        0.3633955417916271,
        0.37269769339367625
    ],
    "Packets lost due to noise": [
        0.09969726523963024,
        0.10476588929843753
    ],
    "Packets collided": [
        0.0,
        0.0
    ],
    "Destinatary out of range": [
        9.564864230341772e-06,
        2.4171424953725217e-05
    ],
    "Packets dropped": [
        0.0,
        0.0
    ],
    "Other causes of loss": [
        0.524657403787574,
        0.5347524701998707
    ],
    "Queue MN Avg": [
        0.1499955095123092,
        0.1500033056100545
    ],
    "Queue MN Var": [
        4.304094464602706e-09,
        4.8048533849692575e-09
    ],
    "Queue BR Avg": [
        296.54156851044166,
        311.97603479485923
    ],
    "Queue BR Var": [
        51568.63055605999,
        66872.16814332386
    ],
    "Upstream Delay Avg": [
        0.2940516818232417,
        0.2943748950041081
    ],
    "Upstream Delay 95th Perc": [
        0.5573979929903398,
        0.5577583434201171
    ],
    "Upstream Delay Var": [
        0.02850214784357798,
        0.028551259300237695
    ],
    "Downstream Delay Avg": [
        0.3039692354147646,
        0.3184305608437793
    ],
    "Downstream Delay 95th Perc": [
        0.31001278356498063,
        0.3351295534130957
    ],
    "Downstream Delay Var": [
        0.0006166109377411279,
        0.002369926373471821
    ],
    "RTT Avg": [
        1877.1178953895399,
        1895.1535318456902
    ],
    "RTT 95th Perc": [
        3369.409446282132,
        3407.1634666737427
    ],
    "RTT Var": [
        922535.795088375,
        943854.3066517038
    ]
}