{
    "Upstream PDR": [
        0.31138459497017124,
        0.318619438643274
    ],
    "Downstream PDR": [
        0.0,
        0.0
    ],
    "TicToc PDR": [
        0.0,
        0.0
    ],
    "Packets retransmitted per node AVG": [
        0.0,
        0.0
    ],
    "Counter of retransmission per packet AVG": [
        0.0,
        0.0
    ],
    "Intertime of retransmissions AVG": [
        0.0,
        0.0
    ],
    "Packets delivered": [
        0.31118825709610526,
        0.3185637534988785
    ],
    "Packets lost due to noise": [
        0.08898076779255237,
        0.09247447748200863
    ],
    "Packets collided": [
        0.0,
        0.0
    ],
    "Destinatary out of range": [
        -7.202066557723393e-06,
        4.274471231797395e-05
    ],
    "Packets dropped": [
        0.0,
        0.0
    ],
    "Other causes of loss": [
        0.5896219348129403,
        0.5991352666717547
    ],
    "Queue MN Avg": [
        0.38248288147782633,
        0.38253532151749664
    ],
    "Queue MN Var": [
        1.9186512590993714e-07,
        2.1814591707158926e-07
    ],
    "Queue BR Avg": [
        0.0,
        0.0
    ],
    "Queue BR Var": [
        0.0,
        0.0
    ],
    "Upstream Delay Avg": [
        0.759203010820994,
        0.7599294058360193
    ],
    "Upstream Delay 95th Perc": [
        1.440719456856362,
        1.441608312524724
    ],
    "Upstream Delay Var": [
        0.19116308142989757,
        0.19142344974206638
    ],
    "Downstream Delay Avg": [
        0.0,
        0.0
    ],
    "Downstream Delay 95th Perc": [
        0.0,
        0.0
    ],
    "Downstream Delay Var": [
        0.0,
        0.0
    ],
    "RTT Avg": [
        0.0,
        0.0
    ],
    "RTT 95th Perc": [
        0.0,
        0.0
    ],
    "RTT Var": [
        0.0,
        0.0
    ]
}