{
    "Upstream PDR": [
        0.34706197089032786,
        0.35744895347941996
    ],
    "Downstream PDR": [
        0.20160217576568437,
        0.22312526275004582
    ],
    "TicToc PDR": [
        0.07055885419809904,
        0.07947251835092056
    ],
    "Packets retransmitted per node AVG": [
        0.0,
        0.0
    ],
    "Counter of retransmission per packet AVG": [
        0.0,
        0.0
    ],
    "Intertime of retransmissions AVG": [
        0.0,
        0.0
    ],
    "Packets delivered": [
        0.41819333992735597,
        0.4299074801867313
    ],
    "Packets lost due to noise": [
        0.09766686133848376,
        0.10234210144237954
    ],
    "Packets collided": [
        -4.6974622209067126e-07,
        1.4484209008407081e-06
    ],
    "Destinatary out of range": [
        1.2641331615327347e-05,
        6.956920792944554e-05
    ],
    "Packets dropped": [
        0.0,
        0.0
    ],
    "Other causes of loss": [
        0.46968514335853195,
        0.4821218845322941
    ],
    "Queue MN Avg": [
        0.1499955095123092,
        0.1500033056100545
    ],
    "Queue MN Var": [
        4.304094464602706e-09,
        4.8048533849692575e-09
    ],
    "Queue BR Avg": [
        221.3769996693603,
        228.54825038578306
    ],
    "Queue BR Var": [
        39324.90013196709,
        47320.68317997175
    ],
    "Upstream Delay Avg": [
        0.2940119828548333,
        0.2943397742007058
    ],
    "Upstream Delay 95th Perc": [
        0.5573929908086451,
        0.5577202253428978
    ],
    "Upstream Delay Var": [
        0.02847869721562226,
        0.028528171098905042
    ],
    "Downstream Delay Avg": [
        0.30305448313170086,
        0.3141203027307862
    ],
    "Downstream Delay 95th Perc": [
        0.3068756238806225,
        0.3241129366005119
    ],
    "Downstream Delay Var": [
        0.00029004799027273977,
        0.0019404029839011556
    ],
    "RTT Avg": [
        2042.7759038818836,
        2112.5346351424973
    ],
    "RTT 95th Perc": [
        3231.71761786701,
        3324.400158438399
    ],
    "RTT Var": [
        820960.6542761524,
        873264.0066984857
    ]
}