{
    "Upstream PDR": [
        0.2834728735178604,
        0.2876906318843004
    ],
    "Downstream PDR": [
        0.0,
        0.0
    ],
    "TicToc PDR": [
        0.0,
        0.0
    ],
    "Packets retransmitted per node AVG": [
        0.0,
        0.0
    ],
    "Counter of retransmission per packet AVG": [
        0.0,
        0.0
    ],
    "Intertime of retransmissions AVG": [
        0.0,
        0.0
    ],
    "Packets delivered": [
        0.2996134500065392,
        0.30404603803213165
    ],
    "Packets lost due to noise": [
        0.08881271005910159,
        0.09099508782257161
    ],
    "Packets collided": [
        -1.8743782349968873e-06,
        5.779479395422104e-06
    ],
    "Destinatary out of range": [
        -1.1793258407236791e-05,
        7.329777189183241e-05
    ],
    "Packets dropped": [
        0.0,
        0.0
    ],
    "Other causes of loss": [
        0.6055189542065316,
        0.6109483502584794
    ],
    "Queue MN Avg": [
        52.05923094725693,
        52.083212766978086
    ],
    "Queue MN Var": [
        0.07819453068735056,
        0.08432165636166201
    ],
    "Queue BR Avg": [
        0.0,
        0.0
    ],
    "Queue BR Var": [
        0.0,
        0.0
    ],
    "Upstream Delay Avg": [
        104.90927449334706,
        105.01642400642478
    ],
    "Upstream Delay 95th Perc": [
        186.98404513678352,
        187.1061754277674
    ],
    "Upstream Delay Var": [
        2831.2966394748205,
        2835.694883562563
    ],
    "Downstream Delay Avg": [
        0.0,
        0.0
    ],
    "Downstream Delay 95th Perc": [
        0.0,
        0.0
    ],
    "Downstream Delay Var": [
        0.0,
        0.0
    ],
    "RTT Avg": [
        0.0,
        0.0
    ],
    "RTT 95th Perc": [
        0.0,
        0.0
    ],
    "RTT Var": [
        0.0,
        0.0
    ]
}