{
    "Upstream PDR": [
        0.30900636533596765,
        0.3155824301822397
    ],
    "Downstream PDR": [
        0.0,
        0.0
    ],
    "TicToc PDR": [
        0.0,
        0.0
    ],
    "Packets retransmitted per node AVG": [
        0.0,
        0.0
    ],
    "Counter of retransmission per packet AVG": [
        0.0,
        0.0
    ],
    "Intertime of retransmissions AVG": [
        0.0,
        0.0
    ],
    "Packets delivered": [
        0.3088961721727435,
        0.31549094637422964
    ],
    "Packets lost due to noise": [
        0.08979251023950932,
        0.09267001316879239
    ],
    "Packets collided": [
        -3.360553165385727e-06,
        1.0361968259090244e-05
    ],
    "Destinatary out of range": [
        -3.138040640477653e-06,
        5.483989982606706e-05
    ],
    "Packets dropped": [
        0.0,
        0.0
    ],
    "Other causes of loss": [
        0.5926416357461577,
        0.6004500190242879
    ],
    "Queue MN Avg": [
        0.4574819766710588,
        0.4575210674571502
    ],
    "Queue MN Var": [
        1.4742577856642512e-07,
        1.6462668959381858e-07
    ],
    "Queue BR Avg": [
        0.0,
        0.0
    ],
    "Queue BR Var": [
        0.0,
        0.0
    ],
    "Upstream Delay Avg": [
        0.9086400604550346,
        0.9096572923716639
    ],
    "Upstream Delay 95th Perc": [
        1.7256876747256809,
        1.7263679006863764
    ],
    "Upstream Delay Var": [
        0.27432721461083276,
        0.27469592245672925
    ],
    "Downstream Delay Avg": [
        0.0,
        0.0
    ],
    "Downstream Delay 95th Perc": [
        0.0,
        0.0
    ],
    "Downstream Delay Var": [
        0.0,
        0.0
    ],
    "RTT Avg": [
        0.0,
        0.0
    ],
    "RTT 95th Perc": [
        0.0,
        0.0
    ],
    "RTT Var": [
        0.0,
        0.0
    ]
}