{
    "Upstream PDR": [
        0.22017130593853257,
        0.22606533271692963
    ],
    "Downstream PDR": [
        0.17077164965786218,
        0.1865724163970377
    ],
    "TicToc PDR": [
        0.038054141714765524,
        0.041655101982713466
    ],
    "Packets retransmitted per node AVG": [
        0.0,
        0.0
    ],
    "Counter of retransmission per packet AVG": [
        0.0,
        0.0
    ],
    "Intertime of retransmissions AVG": [
        0.0,
        0.0
    ],
    "Packets delivered": [
        0.24626440593288412,
        0.2528691503609936
    ],
    "Packets lost due to noise": [
        0.09856632412117208,
        0.10094456166849522
    ],
    "Packets collided": [
        6.509620350199498e-06,
        4.2481865633470776e-05
    ],
    "Destinatary out of range": [
        8.529879744942908e-05,
        0.00022883841837990736
    ],
    "Packets dropped": [
        0.0,
        0.0
    ],
    "Other causes of loss": [
        0.6466246619232832,
        0.6543677672913586
    ],
    "Queue MN Avg": [
        0.479989966837184,
        0.48005090135215245
    ],
    "Queue MN Var": [
        8.918980649858491e-07,
        9.742135227416689e-07
    ],
    "Queue BR Avg": [
        1122.0845335094318,
        1166.886458097863
    ],
    "Queue BR Var": [
        369610.34745036927,
        490202.6196464499
    ],
    "Upstream Delay Avg": [
        0.9525139406848725,
        0.9595137338005212
    ],
    "Upstream Delay 95th Perc": [
        1.810269993491587,
        1.812385384113041
    ],
    "Upstream Delay Var": [
        0.30060928347347393,
        0.3041339360439217
    ],
    "Downstream Delay Avg": [
        1.2772914555108297,
        1.4995539203602715
    ],
    "Downstream Delay 95th Perc": [
        1.8070147427144443,
        2.35464247215819
    ],
    "Downstream Delay Var": [
        0.6571972796006528,
        1.2553627975274413
    ],
    "RTT Avg": [
        1874.5564644794015,
        1907.7661767263346
    ],
    "RTT 95th Perc": [
        3328.856046484654,
        3385.5413125037503
    ],
    "RTT Var": [
        921715.5557966973,
        946541.4413527418
    ]
}