{
    "Upstream PDR": [
        0.16240505252218093,
        0.16755984010153527
    ],
    "Downstream PDR": [
        0.0,
        0.0
    ],
    "TicToc PDR": [
        0.0,
        0.0
    ],
    "Packets retransmitted per node AVG": [
        0.0,
        0.0
    ],
    "Counter of retransmission per packet AVG": [
        0.0,
        0.0
    ],
    "Intertime of retransmissions AVG": [
        0.0,
        0.0
    ],
    "Packets delivered": [
        0.21696212154871897,
        0.22383338732455738
    ],
    "Packets lost due to noise": [
        0.0946903302193331,
        0.09716490901593947
    ],
    "Packets collided": [
        0.0,
        0.0
    ],
    "Destinatary out of range": [
        -2.2221226095156526e-05,
        6.851718397070811e-05
    ],
    "Packets dropped": [
        0.0,
        0.0
    ],
    "Other causes of loss": [
        0.6796967948709141,
        0.6876061610626616
    ],
    "Queue MN Avg": [
        250.33430621632004,
        250.35159096906636
    ],
    "Queue MN Var": [
        0.08496164770994838,
        0.09064105922066223
    ],
    "Queue BR Avg": [
        0.0,
        0.0
    ],
    "Queue BR Var": [
        0.0,
        0.0
    ],
    "Upstream Delay Avg": [
        499.78795254759865,
        500.47927934481066
    ],
    "Upstream Delay 95th Perc": [
        902.3078298618777,
        906.0004318517429
    ],
    "Upstream Delay Var": [
        66350.34774428017,
        66672.01340603862
    ],
    "Downstream Delay Avg": [
        0.0,
        0.0
    ],
    "Downstream Delay 95th Perc": [
        0.0,
        0.0
    ],
    "Downstream Delay Var": [
        0.0,
        0.0
    ],
    "RTT Avg": [
        0.0,
        0.0
    ],
    "RTT 95th Perc": [
        0.0,
        0.0
    ],
    "RTT Var": [
        0.0,
        0.0
    ]
}