{
    "Upstream PDR": [
        0.44153577174418296,
        0.4599247324574978
    ],
    "Downstream PDR": [
        0.0,
        0.0
    ],
    "TicToc PDR": [
        0.0,
        0.0
    ],
    "Packets retransmitted per node AVG": [
        0.0,
        0.0
    ],
    "Counter of retransmission per packet AVG": [
        0.0,
        0.0
    ],
    "Intertime of retransmissions AVG": [
        0.0,
        0.0
    ],
    "Packets delivered": [
        0.4416031586181842,
        0.46006699900208425
    ],
    "Packets lost due to noise": [
        0.1029431413456033,
        0.1086419768937595
    ],
    "Packets collided": [
        0.0,
        0.0
    ],
    "Destinatary out of range": [
        0.0,
        0.0
    ],
    "Packets dropped": [
        0.0,
        0.0
    ],
    "Other causes of loss": [
        0.43314805926688593,
        0.45359666487348316
    ],
    "Queue MN Avg": [
        0.1574822217459241,
        0.15750879713500857
    ],
    "Queue MN Var": [
        5.4944410865509076e-08,
        6.406044986636115e-08
    ],
    "Queue BR Avg": [
        0.0,
        0.0
    ],
    "Queue BR Var": [
        0.0,
        0.0
    ],
    "Upstream Delay Avg": [
        0.30890797195222197,
        0.30941805478199713
    ],
    "Upstream Delay 95th Perc": [
        0.5857099246287748,
        0.5863692569991107
    ],
    "Upstream Delay Var": [
        0.031486217187945434,
        0.03153083103495283
    ],
    "Downstream Delay Avg": [
        0.0,
        0.0
    ],
    "Downstream Delay 95th Perc": [
        0.0,
        0.0
    ],
    "Downstream Delay Var": [
        0.0,
        0.0
    ],
    "RTT Avg": [
        0.0,
        0.0
    ],
    "RTT 95th Perc": [
        0.0,
        0.0
    ],
    "RTT Var": [
        0.0,
        0.0
    ]
}