{
    "Upstream PDR": [
        0.27418392983017803,
        0.2794261542034354
    ],
    "Downstream PDR": [
        0.19256712288462138,
        0.207664848360085
    ],
    "TicToc PDR": [
        0.05316747950570584,
        0.05770358892166515
    ],
    "Packets retransmitted per node AVG": [
        0.0,
        0.0
    ],
    "Counter of retransmission per packet AVG": [
        0.0,
        0.0
    ],
    "Intertime of retransmissions AVG": [
        0.0,
        0.0
    ],
    "Packets delivered": [
        0.3077795635796595,
        0.3144386297352638
    ],
    "Packets lost due to noise": [
        0.09579397763994979,
        0.09861957444654298
    ],
    "Packets collided": [
        1.0756203186257394e-06,
        2.521028389134319e-05
    ],
    "Destinatary out of range": [
        8.528233434430325e-06,
        4.6932012995651725e-05
    ],
    "Packets dropped": [
        0.0,
        0.0
    ],
    "Other causes of loss": [
        0.5880611084948915,
        0.5952253999530523
    ],
    "Queue MN Avg": [
        0.33751424891830906,
        0.3377360420339369
    ],
    "Queue MN Var": [
        1.2138307035648525e-05,
        1.2926218360379188e-05
    ],
    "Queue BR Avg": [
        592.9896529816189,
        610.1110608001562
    ],
    "Queue BR Var": [
        141426.28959402788,
        175788.01020272865
    ],
    "Upstream Delay Avg": [
        0.6689173844353217,
        0.6698267129117527
    ],
    "Upstream Delay 95th Perc": [
        1.269767115736846,
        1.2703907846353821
    ],
    "Upstream Delay Var": [
        0.14845305348281151,
        0.1487034165953745
    ],
    "Downstream Delay Avg": [
        0.7892101752119698,
        0.8971296879064459
    ],
    "Downstream Delay 95th Perc": [
        0.9728785745222439,
        1.2464032215590894
    ],
    "Downstream Delay Var": [
        0.14583396649672314,
        0.32761195977090085
    ],
    "RTT Avg": [
        1912.2849293757677,
        1918.2439442679902
    ],
    "RTT 95th Perc": [
        3421.1089677599734,
        3430.6051011438417
    ],
    "RTT Var": [
        955042.0485085458,
        964543.9735022974
    ]
}