{
    "Upstream PDR": [
        0.21108927401970673,
        0.21871315361801508
    ],
    "Downstream PDR": [
        0.18019161351642665,
        0.19715026449994083
    ],
    "TicToc PDR": [
        0.038754436260465035,
        0.0421333321802446
    ],
    "Packets retransmitted per node AVG": [
        0.0,
        0.0
    ],
    "Counter of retransmission per packet AVG": [
        0.0,
        0.0
    ],
    "Intertime of retransmissions AVG": [
        0.0,
        0.0
    ],
    "Packets delivered": [
        0.25157532337644606,
        0.2597330485342938
    ],
    "Packets lost due to noise": [
        0.10119799438876882,
        0.10349565530805764
    ],
    "Packets collided": [
        4.19476842445782e-06,
        2.3567634481091066e-05
    ],
    "Destinatary out of range": [
        8.700988415483015e-05,
        0.00031318566953918424
    ],
    "Packets dropped": [
        0.0,
        0.0
    ],
    "Other causes of loss": [
        0.6373321594260675,
        0.6462378610097668
    ],
    "Queue MN Avg": [
        0.43484675354392893,
        0.43506023918102726
    ],
    "Queue MN Var": [
        1.2346785533160624e-05,
        1.2928164660655488e-05
    ],
    "Queue BR Avg": [
        951.7581085734174,
        1003.8203913754152
    ],
    "Queue BR Var": [
        302074.8027824679,
        393666.1618554611
    ],
    "Upstream Delay Avg": [
        0.8636727607778103,
        0.8648487717482329
    ],
    "Upstream Delay 95th Perc": [
        1.6399843893987867,
        1.640987396245384
    ],
    "Upstream Delay Var": [
        0.24788472278121226,
        0.24820653317634894
    ],
    "Downstream Delay Avg": [
        2.542852914963307,
        4.767142383348056
    ],
    "Downstream Delay 95th Perc": [
        5.8274891184165325,
        11.252957926862127
    ],
    "Downstream Delay Var": [
        34.46301282757305,
        101.44479180187115
    ],
    "RTT Avg": [
        2040.0785421272165,
        2082.3688960356444
    ],
    "RTT 95th Perc": [
        3206.446245126679,
        3270.3280121867774
    ],
    "RTT Var": [
        797128.4228619462,
        838696.4970434337
    ]
}