{
    "Upstream PDR": [
        0.28105326204175185,
        0.2873044060254749
    ],
    "Downstream PDR": [
        0.21054650495289282,
        0.2240415080844649
    ],
    "TicToc PDR": [
        0.05978185574586012,
        0.06367770307766928
    ],
    "Packets retransmitted per node AVG": [
        0.0,
        0.0
    ],
    "Counter of retransmission per packet AVG": [
        0.0,
        0.0
    ],
    "Intertime of retransmissions AVG": [
        0.0,
        0.0
    ],
    "Packets delivered": [
        0.3465533922778992,
        0.35374568405557455
    ],
    "Packets lost due to noise": [
        0.09278953889510286,
        0.09516841003857682
    ],
    "Packets collided": [
        2.4550727545214887e-05,
        7.267922645655819e-05
    ],
    "Destinatary out of range": [
        3.623638172691272e-05,
        0.00015484832346184923
    ],
    "Packets dropped": [
        0.0,
        0.0
    ],
    "Other causes of loss": [
        0.5520781056012607,
        0.5593765544723952
    ],
    "Queue MN Avg": [
        0.3375408129168597,
        0.33776625862705817
    ],
    "Queue MN Var": [
        1.207996684672653e-05,
        1.2912493021050735e-05
    ],
    "Queue BR Avg": [
        422.9018252176996,
        437.0166405434922
    ],
    "Queue BR Var": [
        98121.01302534365,
        114170.43011319757
    ],
    "Upstream Delay Avg": [
        0.664816395598557,
        0.6706808820526592
    ],
    "Upstream Delay 95th Perc": [
        1.2691909369759065,
        1.2719664012239689
    ],
    "Upstream Delay Var": [
        0.1485239045593869,
        0.1494055556554385
    ],
    "Downstream Delay Avg": [
        1.374933903112609,
        2.33786226482495
    ],
    "Downstream Delay 95th Perc": [
        2.7573252983255845,
        5.085830795738954
    ],
    "Downstream Delay Var": [
        8.319985950254626,
        21.43865277356037
    ],
    "RTT Avg": [
        2103.943302319527,
        2139.193065237426
    ],
    "RTT 95th Perc": [
        3278.8071186490743,
        3332.6927055409114
    ],
    "RTT Var": [
        819075.1599625965,
        858080.8590243709
    ]
}