{
    "Upstream PDR": [
        0.38947713238708115,
        0.4054791701339273
    ],
    "Downstream PDR": [
        0.0,
        0.0
    ],
    "TicToc PDR": [
        0.0,
        0.0
    ],
    "Packets retransmitted per node AVG": [
        0.0,
        0.0
    ],
    "Counter of retransmission per packet AVG": [
        0.0,
        0.0
    ],
    "Intertime of retransmissions AVG": [
        0.0,
        0.0
    ],
    "Packets delivered": [
        0.389405527591756,
        0.4054294360801259
    ],
    "Packets lost due to noise": [
        0.1086331391803257,
        0.11505934724441914
    ],
    "Packets collided": [
        0.0,
        0.0
    ],
    "Destinatary out of range": [
        0.0,
        0.0
    ],
    "Packets dropped": [
        0.0,
        0.0
    ],
    "Other causes of loss": [
        0.48221098507988797,
        0.49926156482348555
    ],
    "Queue MN Avg": [
        0.1574822217459241,
        0.15750879713500857
    ],
    "Queue MN Var": [
        5.4944410865509076e-08,
        6.406044986636115e-08
    ],
    "Queue BR Avg": [
        0.0,
        0.0
    ],
    "Queue BR Var": [
        0.0,
        0.0
    ],
    "Upstream Delay Avg": [
        0.3090654138358033,
        0.30952229015617017
    ],
    "Upstream Delay 95th Perc": [
        0.5855765135237619,
        0.5863141592658953
    ],
    "Upstream Delay Var": [
        0.03148136924865535,
        0.03154585724082715
    ],
    "Downstream Delay Avg": [
        0.0,
        0.0
    ],
    "Downstream Delay 95th Perc": [
        0.0,
        0.0
    ],
    "Downstream Delay Var": [
        0.0,
        0.0
    ],
    "RTT Avg": [
        0.0,
        0.0
    ],
    "RTT 95th Perc": [
        0.0,
        0.0
    ],
    "RTT Var": [
        0.0,
        0.0
    ]
}