{
    "Upstream PDR": [
        0.25985983752473985,
        0.26576225131079445
    ],
    "Downstream PDR": [
        0.1969187986085414,
        0.2136848645525023
    ],
    "TicToc PDR": [
        0.05148376170792744,
        0.0566074747866704
    ],
    "Packets retransmitted per node AVG": [
        0.0,
        0.0
    ],
    "Counter of retransmission per packet AVG": [
        0.0,
        0.0
    ],
    "Intertime of retransmissions AVG": [
        0.0,
        0.0
    ],
    "Packets delivered": [
        0.3185515988700776,
        0.3266112560857109
    ],
    "Packets lost due to noise": [
        0.09939374794920773,
        0.10203367722548314
    ],
    "Packets collided": [
        9.758796898255138e-06,
        4.488298771333312e-05
    ],
    "Destinatary out of range": [
        2.9214883506649018e-05,
        8.258497373806424e-05
    ],
    "Packets dropped": [
        0.0,
        0.0
    ],
    "Other causes of loss": [
        0.5729294557375975,
        0.5803138224900668
    ],
    "Queue MN Avg": [
        0.33751424891830906,
        0.3377360420339369
    ],
    "Queue MN Var": [
        1.2138307035648525e-05,
        1.2926218360379188e-05
    ],
    "Queue BR Avg": [
        566.7420680613039,
        583.1302426409308
    ],
    "Queue BR Var": [
        145852.51700399193,
        180160.2352907929
    ],
    "Upstream Delay Avg": [
        0.6657285268694455,
        0.6698300009465874
    ],
    "Upstream Delay 95th Perc": [
        1.2692025689944666,
        1.272071344641076
    ],
    "Upstream Delay Var": [
        0.1483039464636214,
        0.14933995410629095
    ],
    "Downstream Delay Avg": [
        1.449358788402747,
        2.8882252205859924
    ],
    "Downstream Delay 95th Perc": [
        2.934847833832258,
        6.137281372191662
    ],
    "Downstream Delay Var": [
        8.159251565724208,
        34.243991323871825
    ],
    "RTT Avg": [
        2122.7651585930585,
        2149.7428230833298
    ],
    "RTT 95th Perc": [
        3311.9380264877395,
        3334.186689189401
    ],
    "RTT Var": [
        827571.2347873779,
        855199.5088993671
    ]
}