{
    "Upstream PDR": [
        0.2435704615769704,
        0.2549085300196683
    ],
    "Downstream PDR": [
        0.16486063163159462,
        0.19055409762605377
    ],
    "TicToc PDR": [
        0.041043469071103116,
        0.04773048050872882
    ],
    "Packets retransmitted per node AVG": [
        0.0,
        0.0
    ],
    "Counter of retransmission per packet AVG": [
        0.0,
        0.0
    ],
    "Intertime of retransmissions AVG": [
        0.0,
        0.0
    ],
    "Packets delivered": [
        0.27103963472963655,
        0.2842656758765195
    ],
    "Packets lost due to noise": [
        0.10419111569565254,
        0.10898215321784352
    ],
    "Packets collided": [
        0.0,
        0.0
    ],
    "Destinatary out of range": [
        -0.00014025841243100708,
        0.0005527313786895167
    ],
    "Packets dropped": [
        0.0,
        0.0
    ],
    "Other causes of loss": [
        0.6082858749802055,
        0.6228230725338838
    ],
    "Queue MN Avg": [
        0.19499471957522563,
        0.1950061375698715
    ],
    "Queue MN Var": [
        1.0040871726437666e-08,
        1.1242986694002554e-08
    ],
    "Queue BR Avg": [
        499.9533335634599,
        530.2002715881732
    ],
    "Queue BR Var": [
        124415.65771908224,
        171483.60074461822
    ],
    "Upstream Delay Avg": [
        0.38414224963213245,
        0.38456071734685443
    ],
    "Upstream Delay 95th Perc": [
        0.7282579049356487,
        0.728663165627894
    ],
    "Upstream Delay Var": [
        0.04871015266557813,
        0.04880656608481325
    ],
    "Downstream Delay Avg": [
        0.40481762723848236,
        0.4261071439109433
    ],
    "Downstream Delay 95th Perc": [
        0.4158577110505069,
        0.4546221731348295
    ],
    "Downstream Delay Var": [
        0.0015314191618992984,
        0.0051140446562371236
    ],
    "RTT Avg": [
        1869.3700616845208,
        1923.5314527444048
    ],
    "RTT 95th Perc": [
        3327.1220669094323,
        3427.496388343981
    ],
    "RTT Var": [
        923410.3852679837,
        960066.292339039
    ]
}