{
    "Upstream PDR": [
        0.2923642703203104,
        0.29891808262086605
    ],
    "Downstream PDR": [
        0.18942432347971222,
        0.2099503196543051
    ],
    "TicToc PDR": [
        0.055947739146052444,
        0.0622026810220148
    ],
    "Packets retransmitted per node AVG": [
        0.0,
        0.0
    ],
    "Counter of retransmission per packet AVG": [
        0.0,
        0.0
    ],
    "Intertime of retransmissions AVG": [
        0.0,
        0.0
    ],
    "Packets delivered": [
        0.3550017173436463,
        0.3623963968773738
    ],
    "Packets lost due to noise": [
        0.10270742322939395,
        0.10637094133836976
    ],
    "Packets collided": [
        0.0,
        0.0
    ],
    "Destinatary out of range": [
        -8.901408572768593e-05,
        0.0003963026066590755
    ],
    "Packets dropped": [
        0.0,
        0.0
    ],
    "Other causes of loss": [
        0.5326038032716937,
        0.5406124294185911
    ],
    "Queue MN Avg": [
        0.19499471957522563,
        0.1950061375698715
    ],
    "Queue MN Var": [
        1.0040871726437666e-08,
        1.1242986694002554e-08
    ],
    "Queue BR Avg": [
        362.0953436968389,
        376.1508549264488
    ],
    "Queue BR Var": [
        76319.11529127853,
        93978.17688224422
    ],
    "Upstream Delay Avg": [
        0.38401548219705695,
        0.3843841083286318
    ],
    "Upstream Delay 95th Perc": [
        0.7282874695940458,
        0.7286301400691539
    ],
    "Upstream Delay Var": [
        0.048724043026737086,
        0.04880285911730315
    ],
    "Downstream Delay Avg": [
        0.41511580854900304,
        0.4288235031212299
    ],
    "Downstream Delay 95th Perc": [
        0.43135388910588435,
        0.4637372380122464
    ],
    "Downstream Delay Var": [
        0.002109158966402849,
        0.0055710942667984605
    ],
    "RTT Avg": [
        2069.10700636771,
        2118.2417775625327
    ],
    "RTT 95th Perc": [
        3273.2737223203826,
        3337.692076084982
    ],
    "RTT Var": [
        838788.3504718565,
        880390.7554207093
    ]
}