{
    "Upstream PDR": [
        0.2322636901179445,
        0.24223715021819014
    ],
    "Downstream PDR": [
        0.18957010598170854,
        0.2124199969282296
    ],
    "TicToc PDR": [
        0.04478485734033092,
        0.05065178131513127
    ],
    "Packets retransmitted per node AVG": [
        0.0,
        0.0
    ],
    "Counter of retransmission per packet AVG": [
        0.0,
        0.0
    ],
    "Intertime of retransmissions AVG": [
        0.0,
        0.0
    ],
    "Packets delivered": [
        0.2599857943915953,
        0.27146178685658673
    ],
    "Packets lost due to noise": [
        0.10006233888687588,
        0.10370583714534126
    ],
    "Packets collided": [
        0.0,
        0.0
    ],
    "Destinatary out of range": [
        4.0511269371850555e-05,
        0.00027823195821026763
    ],
    "Packets dropped": [
        0.0,
        0.0
    ],
    "Other causes of loss": [
        0.6257362754736098,
        0.6387292240184088
    ],
    "Queue MN Avg": [
        0.2472116597581186,
        0.24757983584674204
    ],
    "Queue MN Var": [
        1.2000792811194775e-05,
        1.3064313746428445e-05
    ],
    "Queue BR Avg": [
        572.2931660673197,
        606.0096729746582
    ],
    "Queue BR Var": [
        146031.44439735237,
        201880.91635238685
    ],
    "Upstream Delay Avg": [
        0.48849770173480844,
        0.4894464658865221
    ],
    "Upstream Delay 95th Perc": [
        0.9279533656444732,
        0.9287075439346697
    ],
    "Upstream Delay Var": [
        0.07908578488612365,
        0.07925406939755102
    ],
    "Downstream Delay Avg": [
        0.511786651390149,
        0.538295314828066
    ],
    "Downstream Delay 95th Perc": [
        0.5342770775102031,
        0.5775460915720699
    ],
    "Downstream Delay Var": [
        0.004015047063203167,
        0.011034912786185154
    ],
    "RTT Avg": [
        1875.569648204405,
        1910.3998890060147
    ],
    "RTT 95th Perc": [
        3362.1336569397195,
        3421.1519841595596
    ],
    "RTT Var": [
        921510.310170034,
        955950.431602845
    ]
}