{
    "Upstream PDR": [
        0.3006702441833388,
        0.30876504993430826
    ],
    "Downstream PDR": [
        0.2083777573628937,
        0.22061547499351275
    ],
    "TicToc PDR": [
        0.06319669558849615,
        0.06759590945352066
    ],
    "Packets retransmitted per node AVG": [
        0.0,
        0.0
    ],
    "Counter of retransmission per packet AVG": [
        0.0,
        0.0
    ],
    "Intertime of retransmissions AVG": [
        0.0,
        0.0
    ],
    "Packets delivered": [
        0.36858820772713174,
        0.3774502499419813
    ],
    "Packets lost due to noise": [
        0.0935633019842697,
        0.09651512337229913
    ],
    "Packets collided": [
        -6.353325967926271e-07,
        3.004815938263388e-06
    ],
    "Destinatary out of range": [
        2.0099834171999005e-05,
        0.00011333979709028045
    ],
    "Packets dropped": [
        0.0,
        0.0
    ],
    "Other causes of loss": [
        0.5270157287301765,
        0.5367315791295376
    ],
    "Queue MN Avg": [
        0.2472116597581186,
        0.24757983584674204
    ],
    "Queue MN Var": [
        1.2000792811194775e-05,
        1.3064313746428445e-05
    ],
    "Queue BR Avg": [
        323.6806691584173,
        335.05367614123116
    ],
    "Queue BR Var": [
        70547.59103063699,
        82462.23385346924
    ],
    "Upstream Delay Avg": [
        0.48833764671297814,
        0.48932295526300457
    ],
    "Upstream Delay 95th Perc": [
        0.928017656033854,
        0.928738480171232
    ],
    "Upstream Delay Var": [
        0.07918083898602507,
        0.0793061657275061
    ],
    "Downstream Delay Avg": [
        0.5139395915283588,
        0.5313648356082731
    ],
    "Downstream Delay 95th Perc": [
        0.5309039143995513,
        0.5689129243030517
    ],
    "Downstream Delay Var": [
        0.002990136204392847,
        0.008485464131104582
    ],
    "RTT Avg": [
        2094.2022705170402,
        2144.1529716972154
    ],
    "RTT 95th Perc": [
        3283.7120722199306,
        3336.0996524698694
    ],
    "RTT Var": [
        833115.7646682911,
        868354.338340507
    ]
}