{
    "Upstream PDR": [
        0.23983205543934893,
        0.24944357481275192
    ],
    "Downstream PDR": [
        0.0,
        0.0
    ],
    "TicToc PDR": [
        0.0,
        0.0
    ],
    "Packets retransmitted per node AVG": [
        0.0,
        0.0
    ],
    "Counter of retransmission per packet AVG": [
        0.0,
        0.0
    ],
    "Intertime of retransmissions AVG": [
        0.0,
        0.0
    ],
    "Packets delivered": [
        0.23750293636965464,
        0.24688690369631555
    ],
    "Packets lost due to noise": [
        0.0994952724751488,
        0.10390250827974579
    ],
    "Packets collided": [
        0.0,
        0.0
    ],
    "Destinatary out of range": [
        0.0,
        0.0
    ],
    "Packets dropped": [
        0.0,
        0.0
    ],
    "Other causes of loss": [
        0.6505666905004617,
        0.6616456886786735
    ],
    "Queue MN Avg": [
        0.30748964294796616,
        0.30749905659823645
    ],
    "Queue MN Var": [
        8.393614470788211e-09,
        9.409024567564552e-09
    ],
    "Queue BR Avg": [
        0.0,
        0.0
    ],
    "Queue BR Var": [
        0.0,
        0.0
    ],
    "Upstream Delay Avg": [
        0.6088609997727461,
        0.6096285305106453
    ],
    "Upstream Delay 95th Perc": [
        1.1555081555923075,
        1.1562329606548916
    ],
    "Upstream Delay Var": [
        0.12282076956572979,
        0.12310250743945528
    ],
    "Downstream Delay Avg": [
        0.0,
        0.0
    ],
    "Downstream Delay 95th Perc": [
        0.0,
        0.0
    ],
    "Downstream Delay Var": [
        0.0,
        0.0
    ],
    "RTT Avg": [
        0.0,
        0.0
    ],
    "RTT 95th Perc": [
        0.0,
        0.0
    ],
    "RTT Var": [
        0.0,
        0.0
    ]
}