{
    "Upstream PDR": [
        0.3824010177235397,
        0.409313267990746
    ],
    "Downstream PDR": [
        0.20314212403758802,
        0.2675226001120903
    ],
    "TicToc PDR": [
        0.08010892283256031,
        0.10457679145315395
    ],
    "Packets retransmitted per node AVG": [
        0.0,
        0.0
    ],
    "Counter of retransmission per packet AVG": [
        0.0,
        0.0
    ],
    "Intertime of retransmissions AVG": [
        0.0,
        0.0
    ],
    "Packets delivered": [
        0.4243940594002237,
        0.45179376613700284
    ],
    "Packets lost due to noise": [
        0.12312866841509797,
        0.1342955170156191
    ],
    "Packets collided": [
        0.0,
        0.0
    ],
    "Destinatary out of range": [
        -2.0775212014695707e-06,
        0.00013127575031308372
    ],
    "Packets dropped": [
        0.0,
        0.0
    ],
    "Other causes of loss": [
        0.42001239403470736,
        0.4462463967682373
    ],
    "Queue MN Avg": [
        0.05964500117102562,
        0.060309746595001275
    ],
    "Queue MN Var": [
        1.096693464075169e-05,
        1.3972544575400314e-05
    ],
    "Queue BR Avg": [
        174.16098422529578,
        201.00754407950993
    ],
    "Queue BR Var": [
        24990.24035014358,
        35720.45233436342
    ],
    "Upstream Delay Avg": [
        0.11378329903320217,
        0.11543791457697025
    ],
    "Upstream Delay 95th Perc": [
        0.21437980016507685,
        0.21707822917315178
    ],
    "Upstream Delay Var": [
        0.0042074748839034505,
        0.00422503336492201
    ],
    "Downstream Delay Avg": [
        0.1287423238595356,
        0.13601342746408518
    ],
    "Downstream Delay 95th Perc": [
        0.12907867616076213,
        0.14060704585171124
    ],
    "Downstream Delay Var": [
        -4.287822473636392e-05,
        0.0002049013147123111
    ],
    "RTT Avg": [
        1766.7671032298708,
        1887.3557286475393
    ],
    "RTT 95th Perc": [
        3177.2349720322195,
        3384.009136239208
    ],
    "RTT Var": [
        864235.1874215105,
        948893.8095557471
    ]
}