{
    "Upstream PDR": [
        0.3726469890673142,
        0.3849160361427697
    ],
    "Downstream PDR": [
        0.20741370772619214,
        0.2300501517768043
    ],
    "TicToc PDR": [
        0.07846938510015837,
        0.08700512470376322
    ],
    "Packets retransmitted per node AVG": [
        0.0,
        0.0
    ],
    "Counter of retransmission per packet AVG": [
        0.0,
        0.0
    ],
    "Intertime of retransmissions AVG": [
        0.0,
        0.0
    ],
    "Packets delivered": [
        0.4152817523858149,
        0.4278973326089719
    ],
    "Packets lost due to noise": [
        0.09505190331533318,
        0.1001528809038552
    ],
    "Packets collided": [
        0.0,
        0.0
    ],
    "Destinatary out of range": [
        2.0994062561722827e-06,
        1.5778289350656303e-05
    ],
    "Packets dropped": [
        0.0,
        0.0
    ],
    "Other causes of loss": [
        0.4741039515931002,
        0.4874943014973178
    ],
    "Queue MN Avg": [
        0.1499955095123092,
        0.1500033056100545
    ],
    "Queue MN Var": [
        4.304094464602706e-09,
        4.8048533849692575e-09
    ],
    "Queue BR Avg": [
        237.0608521543405,
        249.91796929598408
    ],
    "Queue BR Var": [
        39023.70532716006,
        47301.41387503396
    ],
    "Upstream Delay Avg": [
        0.29411205103872734,
        0.29445041943058775
    ],
    "Upstream Delay 95th Perc": [
        0.5573064749978027,
        0.5577415092798543
    ],
    "Upstream Delay Var": [
        0.02849166795607746,
        0.028536435328074858
    ],
    "Downstream Delay Avg": [
        0.3027005038571582,
        0.31342704487154893
    ],
    "Downstream Delay 95th Perc": [
        0.30575062958717975,
        0.3226201331410154
    ],
    "Downstream Delay Var": [
        0.00012034235507271619,
        0.0016562886819323983
    ],
    "RTT Avg": [
        1909.3249588409874,
        1925.6146690012908
    ],
    "RTT 95th Perc": [
        3412.5251956028424,
        3429.444929317622
    ],
    "RTT Var": [
        952008.2155533581,
        962504.2987412232
    ]
}