{
    "Upstream PDR": [
        0.3000966040967752,
        0.3072521353990233
    ],
    "Downstream PDR": [
        0.18539887356428902,
        0.20588213953733758
    ],
    "TicToc PDR": [
        0.05623674860131218,
        0.06267165476003239
    ],
    "Packets retransmitted per node AVG": [
        0.0,
        0.0
    ],
    "Counter of retransmission per packet AVG": [
        0.0,
        0.0
    ],
    "Intertime of retransmissions AVG": [
        0.0,
        0.0
    ],
    "Packets delivered": [
        0.3349210878913465,
        0.34382570944580676
    ],
    "Packets lost due to noise": [
        0.09947983446531108,
        0.10293959605708877
    ],
    "Packets collided": [
        0.0,
        0.0
    ],
    "Destinatary out of range": [
        1.1939166283622304e-05,
        4.2145279373032375e-05
    ],
    "Packets dropped": [
        0.0,
        0.0
    ],
    "Other causes of loss": [
        0.5545436997356186,
        0.5642359879591716
    ],
    "Queue MN Avg": [
        0.19499471957522563,
        0.1950061375698715
    ],
    "Queue MN Var": [
        1.0040871726437666e-08,
        1.1242986694002554e-08
    ],
    "Queue BR Avg": [
        374.335590878699,
        388.23097682349385
    ],
    "Queue BR Var": [
        72948.78886882716,
        89350.7807149851
    ],
    "Upstream Delay Avg": [
        0.38376028803139295,
        0.3842373378627739
    ],
    "Upstream Delay 95th Perc": [
        0.7281732664475972,
        0.7285290826010314
    ],
    "Upstream Delay Var": [
        0.04874077701666373,
        0.048818744275647204
    ],
    "Downstream Delay Avg": [
        0.4134631293024444,
        0.42846600486530667
    ],
    "Downstream Delay 95th Perc": [
        0.4307992027686401,
        0.46923892958418806
    ],
    "Downstream Delay Var": [
        0.00222811733040085,
        0.006473433285374625
    ],
    "RTT Avg": [
        1841.030154570946,
        1877.1208237138883
    ],
    "RTT 95th Perc": [
        3318.8345842269114,
        3389.2998227165385
    ],
    "RTT Var": [
        918827.6142043655,
        942966.5322596745
    ]
}