{
    "Upstream PDR": [
        0.3479960720473845,
        0.37637031450723746
    ],
    "Downstream PDR": [
        0.2075751396668832,
        0.27685256494036825
    ],
    "TicToc PDR": [
        0.07517393442885745,
        0.09888656977282323
    ],
    "Packets retransmitted per node AVG": [
        0.0,
        0.0
    ],
    "Counter of retransmission per packet AVG": [
        0.0,
        0.0
    ],
    "Intertime of retransmissions AVG": [
        0.0,
        0.0
    ],
    "Packets delivered": [
        0.40369214384275387,
        0.43406555049099205
    ],
    "Packets lost due to noise": [
        0.12400242997660196,
        0.13395365029769465
    ],
    "Packets collided": [
        0.0,
        0.0
    ],
    "Destinatary out of range": [
        2.386519627782757e-05,
        0.0001683258590334861
    ],
    "Packets dropped": [
        0.0,
        0.0
    ],
    "Other causes of loss": [
        0.43689300102898165,
        0.4672010333076645
    ],
    "Queue MN Avg": [
        0.05964500117102562,
        0.060309746595001275
    ],
    "Queue MN Var": [
        1.096693464075169e-05,
        1.3972544575400314e-05
    ],
    "Queue BR Avg": [
        146.16853666720107,
        170.39769582050968
    ],
    "Queue BR Var": [
        22029.394879572028,
        32140.010578980306
    ],
    "Upstream Delay Avg": [
        0.11381232150628048,
        0.11541833544157365
    ],
    "Upstream Delay 95th Perc": [
        0.21458062363206779,
        0.217278486192675
    ],
    "Upstream Delay Var": [
        0.004210180187962696,
        0.004231333205291004
    ],
    "Downstream Delay Avg": [
        0.12250062889340232,
        0.13144415968436238
    ],
    "Downstream Delay 95th Perc": [
        0.12348851758653628,
        0.13597883005217898
    ],
    "Downstream Delay Var": [
        -1.4503719038656016e-05,
        0.00025411376078802604
    ],
    "RTT Avg": [
        1669.7283786115577,
        1873.2310178796733
    ],
    "RTT 95th Perc": [
        2693.4679849976465,
        3052.884366130844
    ],
    "RTT Var": [
        684578.1118185469,
        828847.9344933233
    ]
}