{
    "Upstream PDR": [
        0.2099227543510139,
        0.215952875901087
    ],
    "Downstream PDR": [
        0.17014692575822704,
        0.18384962550606004
    ],
    "TicToc PDR": [
        0.03619670675545999,
        0.03913203274033832
    ],
    "Packets retransmitted per node AVG": [
        0.0,
        0.0
    ],
    "Counter of retransmission per packet AVG": [
        0.0,
        0.0
    ],
    "Intertime of retransmissions AVG": [
        0.0,
        0.0
    ],
    "Packets delivered": [
        0.24790791231743795,
        0.25485562026448005
    ],
    "Packets lost due to noise": [
        0.10203419968184696,
        0.10437155110970331
    ],
    "Packets collided": [
        1.2003812951325893e-05,
        5.171184308590694e-05
    ],
    "Destinatary out of range": [
        0.00010965797423833662,
        0.0003520439430350447
    ],
    "Packets dropped": [
        0.0,
        0.0
    ],
    "Other causes of loss": [
        0.6411241354882329,
        0.649181163564988
    ],
    "Queue MN Avg": [
        0.479989966837184,
        0.48005090135215245
    ],
    "Queue MN Var": [
        8.918980649858491e-07,
        9.742135227416689e-07
    ],
    "Queue BR Avg": [
        1070.288086363261,
        1116.3536677271475
    ],
    "Queue BR Var": [
        367309.2214554459,
        476751.0100775422
    ],
    "Upstream Delay Avg": [
        0.953577914871981,
        0.9549480153662395
    ],
    "Upstream Delay 95th Perc": [
        1.8109250366116878,
        1.8117221596600268
    ],
    "Upstream Delay Var": [
        0.30221728883221965,
        0.3025985248568388
    ],
    "Downstream Delay Avg": [
        3.544420081858145,
        5.888317620908267
    ],
    "Downstream Delay 95th Perc": [
        7.854127138044664,
        13.399743448558489
    ],
    "Downstream Delay Var": [
        52.3563716760569,
        116.66802456714711
    ],
    "RTT Avg": [
        2047.641621616957,
        2088.0851706611506
    ],
    "RTT 95th Perc": [
        3236.5996165420925,
        3286.1622686624146
    ],
    "RTT Var": [
        813086.4529157148,
        850329.1301554504
    ]
}