{
    "Upstream PDR": [
        0.33751190742852816,
        0.34501358276755006
    ],
    "Downstream PDR": [
        0.19472268188848324,
        0.22303022780644743
    ],
    "TicToc PDR": [
        0.0663694203453731,
        0.07623226032689581
    ],
    "Packets retransmitted per node AVG": [
        0.0,
        0.0
    ],
    "Counter of retransmission per packet AVG": [
        0.0,
        0.0
    ],
    "Intertime of retransmissions AVG": [
        0.0,
        0.0
    ],
    "Packets delivered": [
        0.3753051752015603,
        0.38489389597924556
    ],
    "Packets lost due to noise": [
        0.10173087027777046,
        0.10711950458272738
    ],
    "Packets collided": [
        0.0,
        0.0
    ],
    "Destinatary out of range": [
        4.501255371285046e-06,
        1.720107609627206e-05
    ],
    "Packets dropped": [
        0.0,
        0.0
    ],
    "Other causes of loss": [
        0.5100573527200433,
        0.5208714989071853
    ],
    "Queue MN Avg": [
        0.1499955095123092,
        0.1500033056100545
    ],
    "Queue MN Var": [
        4.304094464602706e-09,
        4.8048533849692575e-09
    ],
    "Queue BR Avg": [
        306.9366262626945,
        321.7569725219056
    ],
    "Queue BR Var": [
        52553.37956517856,
        67277.4555332438
    ],
    "Upstream Delay Avg": [
        0.2940791840333843,
        0.2945918056217932
    ],
    "Upstream Delay 95th Perc": [
        0.5573450441511758,
        0.5577415347313956
    ],
    "Upstream Delay Var": [
        0.0285146974442452,
        0.02854927417320728
    ],
    "Downstream Delay Avg": [
        0.30391671181450713,
        0.31634979496716936
    ],
    "Downstream Delay 95th Perc": [
        0.3093486009511525,
        0.33234000284410364
    ],
    "Downstream Delay Var": [
        0.0004640818393750469,
        0.0021702968982435116
    ],
    "RTT Avg": [
        1911.6453148069843,
        1940.2140779090462
    ],
    "RTT 95th Perc": [
        3424.264058515553,
        3434.8707009608015
    ],
    "RTT Var": [
        942734.157795196,
        961682.3017071445
    ]
}