{
    "Upstream PDR": [
        0.22825574047703834,
        0.23647223071143703
    ],
    "Downstream PDR": [
        0.1886303260571282,
        0.2111724730212423
    ],
    "TicToc PDR": [
        0.04373491908812324,
        0.049127505881864764
    ],
    "Packets retransmitted per node AVG": [
        0.0,
        0.0
    ],
    "Counter of retransmission per packet AVG": [
        0.0,
        0.0
    ],
    "Intertime of retransmissions AVG": [
        0.0,
        0.0
    ],
    "Packets delivered": [
        0.2584890712011576,
        0.2678826739822089
    ],
    "Packets lost due to noise": [
        0.09895290913224705,
        0.10210983111631555
    ],
    "Packets collided": [
        2.9452793164759626e-06,
        2.748021222441503e-05
    ],
    "Destinatary out of range": [
        4.438755362016147e-05,
        0.00012495467464436168
    ],
    "Packets dropped": [
        0.0,
        0.0
    ],
    "Other causes of loss": [
        0.6308842985094818,
        0.6414814483387838
    ],
    "Queue MN Avg": [
        0.33751424891830906,
        0.3377360420339369
    ],
    "Queue MN Var": [
        1.2138307035648525e-05,
        1.2926218360379188e-05
    ],
    "Queue BR Avg": [
        795.1760607817935,
        839.77613760702
    ],
    "Queue BR Var": [
        235818.74898636318,
        323715.6945937072
    ],
    "Upstream Delay Avg": [
        0.669089914164801,
        0.67033539975464
    ],
    "Upstream Delay 95th Perc": [
        1.2696122785772441,
        1.2704922891577841
    ],
    "Upstream Delay Var": [
        0.14826834644462697,
        0.14856239328433893
    ],
    "Downstream Delay Avg": [
        0.7758848601290589,
        0.8933410062520668
    ],
    "Downstream Delay 95th Perc": [
        0.9883940156140143,
        1.2956347719519161
    ],
    "Downstream Delay Var": [
        0.11992181028088682,
        0.3013839520330274
    ],
    "RTT Avg": [
        1884.419684377634,
        1908.632113753427
    ],
    "RTT 95th Perc": [
        3358.95755275431,
        3408.905820676112
    ],
    "RTT Var": [
        942947.901663489,
        966181.3096144429
    ]
}