{
    "Upstream PDR": [
        0.25423810185392653,
        0.2663322062693228
    ],
    "Downstream PDR": [
        0.17542721393835378,
        0.20491881547056448
    ],
    "TicToc PDR": [
        0.045599559178614274,
        0.0538671074880524
    ],
    "Packets retransmitted per node AVG": [
        0.0,
        0.0
    ],
    "Counter of retransmission per packet AVG": [
        0.0,
        0.0
    ],
    "Intertime of retransmissions AVG": [
        0.0,
        0.0
    ],
    "Packets delivered": [
        0.2824036706630063,
        0.2972923916563296
    ],
    "Packets lost due to noise": [
        0.10602935381687843,
        0.11225033481059547
    ],
    "Packets collided": [
        0.0,
        0.0
    ],
    "Destinatary out of range": [
        1.6371079003229512e-05,
        3.6083874652252596e-05
    ],
    "Packets dropped": [
        0.0,
        0.0
    ],
    "Other causes of loss": [
        0.5925178738516672,
        0.6094539202478673
    ],
    "Queue MN Avg": [
        0.1499955095123092,
        0.1500033056100545
    ],
    "Queue MN Var": [
        4.304094464602706e-09,
        4.8048533849692575e-09
    ],
    "Queue BR Avg": [
        380.575852015669,
        404.91810809859675
    ],
    "Queue BR Var": [
        81012.69571458333,
        124827.55589175512
    ],
    "Upstream Delay Avg": [
        0.2941220414613543,
        0.29465365469250165
    ],
    "Upstream Delay 95th Perc": [
        0.557370003091128,
        0.5578198819292147
    ],
    "Upstream Delay Var": [
        0.0284917140282658,
        0.028547939617971585
    ],
    "Downstream Delay Avg": [
        0.2987596354199712,
        0.31648455994416236
    ],
    "Downstream Delay 95th Perc": [
        0.30688518472564164,
        0.33227511695802114
    ],
    "Downstream Delay Var": [
        0.0004485892823570734,
        0.0024454171805482665
    ],
    "RTT Avg": [
        1872.673429104068,
        1921.0144412223617
    ],
    "RTT 95th Perc": [
        3325.5895699344396,
        3426.1935537970626
    ],
    "RTT Var": [
        909981.7253782746,
        958694.2249128305
    ]
}