{
    "Upstream PDR": [
        0.22408429357116713,
        0.23545789130278247
    ],
    "Downstream PDR": [
        0.19408201694213956,
        0.21360129908479347
    ],
    "TicToc PDR": [
        0.044343819420458445,
        0.049369121756012165
    ],
    "Packets retransmitted per node AVG": [
        0.0,
        0.0
    ],
    "Counter of retransmission per packet AVG": [
        0.0,
        0.0
    ],
    "Intertime of retransmissions AVG": [
        0.0,
        0.0
    ],
    "Packets delivered": [
        0.2694955437084725,
        0.2830192017315286
    ],
    "Packets lost due to noise": [
        0.10450722073502246,
        0.1085615893525798
    ],
    "Packets collided": [
        0.0,
        0.0
    ],
    "Destinatary out of range": [
        7.089655358478983e-05,
        0.0002481500354333281
    ],
    "Packets dropped": [
        0.0,
        0.0
    ],
    "Other causes of loss": [
        0.6095831432365436,
        0.6245142546468346
    ],
    "Queue MN Avg": [
        0.2472116597581186,
        0.24757983584674204
    ],
    "Queue MN Var": [
        1.2000792811194775e-05,
        1.3064313746428445e-05
    ],
    "Queue BR Avg": [
        546.8412090616563,
        583.2519688535343
    ],
    "Queue BR Var": [
        144940.5183116242,
        204765.22888606248
    ],
    "Upstream Delay Avg": [
        0.488459492634031,
        0.48932371422324783
    ],
    "Upstream Delay 95th Perc": [
        0.9278817173338374,
        0.9287592716518194
    ],
    "Upstream Delay Var": [
        0.07918681769274459,
        0.07934715925615536
    ],
    "Downstream Delay Avg": [
        0.5120861217591038,
        0.539278367202291
    ],
    "Downstream Delay 95th Perc": [
        0.5369623516382869,
        0.5816160763779323
    ],
    "Downstream Delay Var": [
        0.004321415932196326,
        0.010529974662579709
    ],
    "RTT Avg": [
        2029.7326543386198,
        2078.982295034628
    ],
    "RTT 95th Perc": [
        3224.6466544194777,
        3293.022360829714
    ],
    "RTT Var": [
        817091.7644593989,
        871449.6964634141
    ]
}