{
    "Upstream PDR": [
        0.25398849404389906,
        0.26324974125021855
    ],
    "Downstream PDR": [
        0.16139774526767722,
        0.20163911986458857
    ],
    "TicToc PDR": [
        0.041631341299296104,
        0.0523201292889392
    ],
    "Packets retransmitted per node AVG": [
        0.0,
        0.0
    ],
    "Counter of retransmission per packet AVG": [
        0.0,
        0.0
    ],
    "Intertime of retransmissions AVG": [
        0.0,
        0.0
    ],
    "Packets delivered": [
        0.30737802906054784,
        0.32115380271120025
    ],
    "Packets lost due to noise": [
        0.09848738499996654,
        0.10238168148226132
    ],
    "Packets collided": [
        1.282045792848253e-05,
        0.00014366994482504911
    ],
    "Destinatary out of range": [
        1.7854455504040034e-05,
        0.00012583586717746677
    ],
    "Packets dropped": [
        0.0,
        0.0
    ],
    "Other causes of loss": [
        0.5795462055030124,
        0.5907527155175766
    ],
    "Queue MN Avg": [
        0.38245131239172325,
        0.38251283088577703
    ],
    "Queue MN Var": [
        1.9163809961846116e-07,
        2.2777521235631046e-07
    ],
    "Queue BR Avg": [
        646.6540318260835,
        695.3664576587418
    ],
    "Queue BR Var": [
        144843.36955889006,
        209288.6119145663
    ],
    "Upstream Delay Avg": [
        0.758844935595183,
        0.759727065453377
    ],
    "Upstream Delay 95th Perc": [
        1.4405854797957591,
        1.4412525117096413
    ],
    "Upstream Delay Var": [
        0.1910305611560334,
        0.19156585374306673
    ],
    "Downstream Delay Avg": [
        1.412788412192752,
        5.102063396885967
    ],
    "Downstream Delay 95th Perc": [
        2.259221815656068,
        11.86811105992103
    ],
    "Downstream Delay Var": [
        1.3997130057747285,
        105.15011394683826
    ],
    "RTT Avg": [
        2102.5448009291504,
        2170.923687668538
    ],
    "RTT 95th Perc": [
        3277.527450859493,
        3334.714454754704
    ],
    "RTT Var": [
        786671.9923560164,
        858564.8581072636
    ]
}