{
    "Upstream PDR": [
        0.3206747091882941,
        0.328734534509185
    ],
    "Downstream PDR": [
        0.1961594612714313,
        0.21525688395826864
    ],
    "TicToc PDR": [
        0.06360349792013709,
        0.06999902308826625
    ],
    "Packets retransmitted per node AVG": [
        0.0,
        0.0
    ],
    "Counter of retransmission per packet AVG": [
        0.0,
        0.0
    ],
    "Intertime of retransmissions AVG": [
        0.0,
        0.0
    ],
    "Packets delivered": [
        0.3885895883430468,
        0.39770636877764975
    ],
    "Packets lost due to noise": [
        0.09639629645382407,
        0.10036595320678586
    ],
    "Packets collided": [
        0.0,
        0.0
    ],
    "Destinatary out of range": [
        2.595994643419008e-05,
        8.373452909065275e-05
    ],
    "Packets dropped": [
        0.0,
        0.0
    ],
    "Other causes of loss": [
        0.5035479832270623,
        0.5132841155161066
    ],
    "Queue MN Avg": [
        0.19499471957522563,
        0.1950061375698715
    ],
    "Queue MN Var": [
        1.0040871726437666e-08,
        1.1242986694002554e-08
    ],
    "Queue BR Avg": [
        277.878403938673,
        288.1637022814446
    ],
    "Queue BR Var": [
        53050.76410862065,
        62347.23662125547
    ],
    "Upstream Delay Avg": [
        0.3839460210213174,
        0.384406518514223
    ],
    "Upstream Delay 95th Perc": [
        0.7282958797671096,
        0.7286595470811191
    ],
    "Upstream Delay Var": [
        0.04873415492802677,
        0.04881435087062651
    ],
    "Downstream Delay Avg": [
        0.4149955900851145,
        0.4308005044691234
    ],
    "Downstream Delay 95th Perc": [
        0.42222306686933336,
        0.46313872298628916
    ],
    "Downstream Delay Var": [
        0.0011086636816123431,
        0.005864410282981403
    ],
    "RTT Avg": [
        2054.5752228093424,
        2113.235995764536
    ],
    "RTT 95th Perc": [
        3247.526130436619,
        3328.397414116676
    ],
    "RTT Var": [
        834974.0456395245,
        883728.121724281
    ]
}