{
    "Upstream PDR": [
        0.3211082167035594,
        0.32798153119560025
    ],
    "Downstream PDR": [
        0.21425206880398354,
        0.22996073695253275
    ],
    "TicToc PDR": [
        0.0694734292993953,
        0.07464556229724335
    ],
    "Packets retransmitted per node AVG": [
        0.0,
        0.0
    ],
    "Counter of retransmission per packet AVG": [
        0.0,
        0.0
    ],
    "Intertime of retransmissions AVG": [
        0.0,
        0.0
    ],
    "Packets delivered": [
        0.36256586170769317,
        0.37004730484099774
    ],
    "Packets lost due to noise": [
        0.09088579664049548,
        0.09424666251300043
    ],
    "Packets collided": [
        -5.665150402344363e-07,
        1.7467989870449404e-06
    ],
    "Destinatary out of range": [
        9.987360680241537e-06,
        5.418356670366785e-05
    ],
    "Packets dropped": [
        0.0,
        0.0
    ],
    "Other causes of loss": [
        0.5366169020762069,
        0.5455721210102756
    ],
    "Queue MN Avg": [
        0.2472116597581186,
        0.24757983584674204
    ],
    "Queue MN Var": [
        1.2000792811194775e-05,
        1.3064313746428445e-05
    ],
    "Queue BR Avg": [
        340.0267127461862,
        351.87561291766764
    ],
    "Queue BR Var": [
        68696.43643081682,
        82208.3616188891
    ],
    "Upstream Delay Avg": [
        0.48836813763483755,
        0.48935125851824945
    ],
    "Upstream Delay 95th Perc": [
        0.9279861449709299,
        0.9284891937226132
    ],
    "Upstream Delay Var": [
        0.07910682247837758,
        0.07926846324945028
    ],
    "Downstream Delay Avg": [
        0.5140964042456727,
        0.5308803392527449
    ],
    "Downstream Delay 95th Perc": [
        0.5364782563013135,
        0.5776142697802378
    ],
    "Downstream Delay Var": [
        0.0045280971922337,
        0.011837485527126036
    ],
    "RTT Avg": [
        1915.6414391062522,
        1921.2091223637517
    ],
    "RTT 95th Perc": [
        3417.104398491464,
        3427.287226715548
    ],
    "RTT Var": [
        952613.2190536928,
        960716.9743170986
    ]
}