{
    "Upstream PDR": [
        0.3691890695112346,
        0.38855378763162257
    ],
    "Downstream PDR": [
        0.17808176507204362,
        0.2095450646357548
    ],
    "TicToc PDR": [
        0.06733538903610836,
        0.0785940227285975
    ],
    "Packets retransmitted per node AVG": [
        0.0,
        0.0
    ],
    "Counter of retransmission per packet AVG": [
        0.0,
        0.0
    ],
    "Intertime of retransmissions AVG": [
        0.0,
        0.0
    ],
    "Packets delivered": [
        0.4092764624402031,
        0.4283997801964611
    ],
    "Packets lost due to noise": [
        0.1070842642838484,
        0.11476790492628025
    ],
    "Packets collided": [
        0.0,
        0.0
    ],
    "Destinatary out of range": [
        4.106719448279524e-06,
        4.04819138605341e-05
    ],
    "Packets dropped": [
        0.0,
        0.0
    ],
    "Other causes of loss": [
        0.46104048849497575,
        0.47938651102492263
    ],
    "Queue MN Avg": [
        0.10499738826768884,
        0.10500283862361473
    ],
    "Queue MN Var": [
        1.0047372340017985e-09,
        1.16781014769535e-09
    ],
    "Queue BR Avg": [
        229.48888970752782,
        249.51446013060817
    ],
    "Queue BR Var": [
        37219.997852503955,
        47089.50360739833
    ],
    "Upstream Delay Avg": [
        0.2041570042246745,
        0.2045094112800763
    ],
    "Upstream Delay 95th Perc": [
        0.38615400638319025,
        0.38655279991298125
    ],
    "Upstream Delay Var": [
        0.01365409882348314,
        0.013677882679036465
    ],
    "Downstream Delay Avg": [
        0.23329411123161778,
        0.245126845014957
    ],
    "Downstream Delay 95th Perc": [
        0.2344859171084752,
        0.25174878210072427
    ],
    "Downstream Delay Var": [
        -4.55910809724637e-05,
        0.0009353805067469224
    ],
    "RTT Avg": [
        1840.4601852010264,
        1888.1876434840874
    ],
    "RTT 95th Perc": [
        3294.157662498359,
        3389.4744661359664
    ],
    "RTT Var": [
        902265.1835084604,
        938817.1916326783
    ]
}