{
    "Upstream PDR": [
        0.28863758137789247,
        0.29473832898625313
    ],
    "Downstream PDR": [
        0.2031615595787888,
        0.21754828819070904
    ],
    "TicToc PDR": [
        0.05927215632910675,
        0.0633614571162714
    ],
    "Packets retransmitted per node AVG": [
        0.0,
        0.0
    ],
    "Counter of retransmission per packet AVG": [
        0.0,
        0.0
    ],
    "Intertime of retransmissions AVG": [
        0.0,
        0.0
    ],
    "Packets delivered": [
        0.3541538915450966,
        0.3609572945619254
    ],
    "Packets lost due to noise": [
        0.09347568487861516,
        0.09583008184762304
    ],
    "Packets collided": [
        4.647428945515483e-06,
        2.4568152649653456e-05
    ],
    "Destinatary out of range": [
        4.018697206549141e-05,
        0.0001185545398248952
    ],
    "Packets dropped": [
        0.0,
        0.0
    ],
    "Other causes of loss": [
        0.5442165937019476,
        0.5511784963713067
    ],
    "Queue MN Avg": [
        0.2924916927407366,
        0.2925071538940659
    ],
    "Queue MN Var": [
        2.7341621640431962e-08,
        3.037584359711962e-08
    ],
    "Queue BR Avg": [
        375.0317528293894,
        388.85850922372236
    ],
    "Queue BR Var": [
        82243.27162731827,
        95776.81669095335
    ],
    "Upstream Delay Avg": [
        0.5786702399234129,
        0.5791763537785899
    ],
    "Upstream Delay 95th Perc": [
        1.0986617646665824,
        1.099034629051589
    ],
    "Upstream Delay Var": [
        0.11110389553288197,
        0.11123122353399986
    ],
    "Downstream Delay Avg": [
        0.794884634009767,
        1.1589570635293467
    ],
    "Downstream Delay 95th Perc": [
        1.2520879387094879,
        2.1935235919353593
    ],
    "Downstream Delay Var": [
        1.1228621986124985,
        3.380057869833461
    ],
    "RTT Avg": [
        2122.130784054474,
        2149.681662434906
    ],
    "RTT 95th Perc": [
        3319.420243914761,
        3343.0163981954847
    ],
    "RTT Var": [
        830402.6010926045,
        875904.4236615112
    ]
}