{
    "Upstream PDR": [
        0.603820985447314,
        0.6309017036283164
    ],
    "Downstream PDR": [
        0.2426374643557593,
        0.2794060128148603
    ],
    "TicToc PDR": [
        0.1496022105682134,
        0.17205493228892946
    ],
    "Packets retransmitted per node AVG": [
        0.0,
        0.0
    ],
    "Counter of retransmission per packet AVG": [
        0.0,
        0.0
    ],
    "Intertime of retransmissions AVG": [
        0.0,
        0.0
    ],
    "Packets delivered": [
        0.6453673554014384,
        0.6699978788635473
    ],
    "Packets lost due to noise": [
        0.10899817966645073,
        0.11925908265462648
    ],
    "Packets collided": [
        0.0,
        0.0
    ],
    "Destinatary out of range": [
        -1.314684683878219e-06,
        4.7350911025792524e-05
    ],
    "Packets dropped": [
        0.0,
        0.0
    ],
    "Other causes of loss": [
        0.21539467000226004,
        0.2409367971853355
    ],
    "Queue MN Avg": [
        0.05964500117102562,
        0.060309746595001275
    ],
    "Queue MN Var": [
        1.096693464075169e-05,
        1.3972544575400314e-05
    ],
    "Queue BR Avg": [
        119.33277600732357,
        128.73141767269175
    ],
    "Queue BR Var": [
        14641.752605941929,
        17877.227957458763
    ],
    "Upstream Delay Avg": [
        0.11383851748563084,
        0.11537074711600268
    ],
    "Upstream Delay 95th Perc": [
        0.21491289841180686,
        0.217216000507736
    ],
    "Upstream Delay Var": [
        0.004207262151864056,
        0.004221469076740267
    ],
    "Downstream Delay Avg": [
        0.13114899200374555,
        0.13591835498778107
    ],
    "Downstream Delay 95th Perc": [
        0.13157310817435364,
        0.13748404278730098
    ],
    "Downstream Delay Var": [
        -1.652999201641806e-05,
        5.0968767392676575e-05
    ],
    "RTT Avg": [
        1845.4424815205423,
        1906.933055420932
    ],
    "RTT 95th Perc": [
        3289.247172922707,
        3408.0097822595585
    ],
    "RTT Var": [
        913344.4769983091,
        962760.2685322701
    ]
}