{
    "Upstream PDR": [
        0.20528879195498057,
        0.21272321284694024
    ],
    "Downstream PDR": [
        0.0,
        0.0
    ],
    "TicToc PDR": [
        0.0,
        0.0
    ],
    "Packets retransmitted per node AVG": [
        0.0,
        0.0
    ],
    "Counter of retransmission per packet AVG": [
        0.0,
        0.0
    ],
    "Intertime of retransmissions AVG": [
        0.0,
        0.0
    ],
    "Packets delivered": [
        0.22922245284914827,
        0.23766395515829586
    ],
    "Packets lost due to noise": [
        0.0993696047858494,
        0.10257430867626503
    ],
    "Packets collided": [
        -2.147622308901221e-06,
        8.493365826399623e-06
    ],
    "Destinatary out of range": [
        -1.1502615502376415e-05,
        7.39834501443448e-05
    ],
    "Packets dropped": [
        0.0,
        0.0
    ],
    "Other causes of loss": [
        0.6606532506901057,
        0.6704476012621756
    ],
    "Queue MN Avg": [
        52.05923094725693,
        52.083212766978086
    ],
    "Queue MN Var": [
        0.07819453068735056,
        0.08432165636166201
    ],
    "Queue BR Avg": [
        0.0,
        0.0
    ],
    "Queue BR Var": [
        0.0,
        0.0
    ],
    "Upstream Delay Avg": [
        113.06969803047203,
        113.69970077196972
    ],
    "Upstream Delay 95th Perc": [
        182.64563586122443,
        183.36466920566113
    ],
    "Upstream Delay Var": [
        2641.9294015989303,
        2686.060238644863
    ],
    "Downstream Delay Avg": [
        0.0,
        0.0
    ],
    "Downstream Delay 95th Perc": [
        0.0,
        0.0
    ],
    "Downstream Delay Var": [
        0.0,
        0.0
    ],
    "RTT Avg": [
        0.0,
        0.0
    ],
    "RTT 95th Perc": [
        0.0,
        0.0
    ],
    "RTT Var": [
        0.0,
        0.0
    ]
}