{
    "Upstream PDR": [
        0.3441890560958228,
        0.35233867499661414
    ],
    "Downstream PDR": [
        0.19790850628738893,
        0.2174176326110509
    ],
    "TicToc PDR": [
        0.06880082801087556,
        0.07590589467820008
    ],
    "Packets retransmitted per node AVG": [
        0.0,
        0.0
    ],
    "Counter of retransmission per packet AVG": [
        0.0,
        0.0
    ],
    "Intertime of retransmissions AVG": [
        0.0,
        0.0
    ],
    "Packets delivered": [
        0.383498346969543,
        0.39304173092046213
    ],
    "Packets lost due to noise": [
        0.09381896344331969,
        0.09782095417214229
    ],
    "Packets collided": [
        0.0,
        0.0
    ],
    "Destinatary out of range": [
        2.710546419589168e-06,
        1.2216158725639448e-05
    ],
    "Packets dropped": [
        0.0,
        0.0
    ],
    "Other causes of loss": [
        0.5109329262505101,
        0.5208721515388773
    ],
    "Queue MN Avg": [
        0.19499471957522563,
        0.1950061375698715
    ],
    "Queue MN Var": [
        1.0040871726437666e-08,
        1.1242986694002554e-08
    ],
    "Queue BR Avg": [
        297.8654324096133,
        308.6517385155918
    ],
    "Queue BR Var": [
        53609.91972354952,
        61112.61953562213
    ],
    "Upstream Delay Avg": [
        0.3839220060286177,
        0.3843846105504899
    ],
    "Upstream Delay 95th Perc": [
        0.7282503780803753,
        0.728627007266196
    ],
    "Upstream Delay Var": [
        0.04874677020205718,
        0.04879965181388519
    ],
    "Downstream Delay Avg": [
        0.41667714309137693,
        0.4308137563586788
    ],
    "Downstream Delay 95th Perc": [
        0.4328749756298951,
        0.4689101128092591
    ],
    "Downstream Delay Var": [
        0.0024447039397087187,
        0.006819561973174236
    ],
    "RTT Avg": [
        1904.4932419683114,
        1916.8213163693981
    ],
    "RTT 95th Perc": [
        3395.653297682415,
        3427.0392844377297
    ],
    "RTT Var": [
        950705.8426888593,
        970753.4630236191
    ]
}