{
    "Upstream PDR": [
        0.39097862816119044,
        0.4079591869648602
    ],
    "Downstream PDR": [
        0.17248741542041787,
        0.2068370454966035
    ],
    "TicToc PDR": [
        0.06886811070736612,
        0.08227810778002884
    ],
    "Packets retransmitted per node AVG": [
        0.0,
        0.0
    ],
    "Counter of retransmission per packet AVG": [
        0.0,
        0.0
    ],
    "Intertime of retransmissions AVG": [
        0.0,
        0.0
    ],
    "Packets delivered": [
        0.4270878673137464,
        0.4445127448697967
    ],
    "Packets lost due to noise": [
        0.10659272600006632,
        0.11304741382696538
    ],
    "Packets collided": [
        0.0,
        0.0
    ],
    "Destinatary out of range": [
        4.165728120842003e-06,
        1.8131061613066093e-05
    ],
    "Packets dropped": [
        0.0,
        0.0
    ],
    "Other causes of loss": [
        0.4451910943140703,
        0.46354585688562117
    ],
    "Queue MN Avg": [
        0.10499738826768884,
        0.10500283862361473
    ],
    "Queue MN Var": [
        1.0047372340017985e-09,
        1.16781014769535e-09
    ],
    "Queue BR Avg": [
        244.68734002725571,
        262.52690785532957
    ],
    "Queue BR Var": [
        39183.82848346883,
        49432.77568303048
    ],
    "Upstream Delay Avg": [
        0.20394500357798326,
        0.20470785794416432
    ],
    "Upstream Delay 95th Perc": [
        0.3862073371767561,
        0.3870676775165582
    ],
    "Upstream Delay Var": [
        0.013616954137429584,
        0.013711842338747926
    ],
    "Downstream Delay Avg": [
        0.23424157030642537,
        0.24557996175515392
    ],
    "Downstream Delay 95th Perc": [
        0.23536390231822948,
        0.2521503964053016
    ],
    "Downstream Delay Var": [
        -4.8208196722446164e-05,
        0.0009533615979897393
    ],
    "RTT Avg": [
        1895.2928810911937,
        1953.1580101643287
    ],
    "RTT 95th Perc": [
        3384.7319366927927,
        3438.37278177939
    ],
    "RTT Var": [
        927930.4279605582,
        965283.0089561496
    ]
}