{
    "Upstream PDR": [
        0.22970356956738117,
        0.23898382539060212
    ],
    "Downstream PDR": [
        0.16685654123984975,
        0.19263420871956974
    ],
    "TicToc PDR": [
        0.039063278582009676,
        0.04537117519950295
    ],
    "Packets retransmitted per node AVG": [
        0.0,
        0.0
    ],
    "Counter of retransmission per packet AVG": [
        0.0,
        0.0
    ],
    "Intertime of retransmissions AVG": [
        0.0,
        0.0
    ],
    "Packets delivered": [
        0.2723161892762491,
        0.28468563715500483
    ],
    "Packets lost due to noise": [
        0.10662919998546433,
        0.11077920277826295
    ],
    "Packets collided": [
        0.0,
        0.0
    ],
    "Destinatary out of range": [
        -0.00011095352901004788,
        0.000515396031637664
    ],
    "Packets dropped": [
        0.0,
        0.0
    ],
    "Other causes of loss": [
        0.6057776421157466,
        0.6194076861866447
    ],
    "Queue MN Avg": [
        0.19499471957522563,
        0.1950061375698715
    ],
    "Queue MN Var": [
        1.0040871726437666e-08,
        1.1242986694002554e-08
    ],
    "Queue BR Avg": [
        463.5474061463056,
        489.8545780552068
    ],
    "Queue BR Var": [
        110738.76768273517,
        153765.4831508684
    ],
    "Upstream Delay Avg": [
        0.3841170055835687,
        0.3846774473595274
    ],
    "Upstream Delay 95th Perc": [
        0.7281859778880749,
        0.7286413550172964
    ],
    "Upstream Delay Var": [
        0.04873901118741285,
        0.04885481845690323
    ],
    "Downstream Delay Avg": [
        0.4084020520147001,
        0.42767617754993165
    ],
    "Downstream Delay 95th Perc": [
        0.4147343184801782,
        0.4495663394279347
    ],
    "Downstream Delay Var": [
        0.0009664104144722502,
        0.0048527959786331155
    ],
    "RTT Avg": [
        1986.4279196290693,
        2058.523260552941
    ],
    "RTT 95th Perc": [
        3172.8724783231355,
        3276.443093012913
    ],
    "RTT Var": [
        794248.6901479004,
        845335.7857996271
    ]
}