{
    "Upstream PDR": [
        0.3125262969616976,
        0.3235588570999272
    ],
    "Downstream PDR": [
        0.1985306329609541,
        0.22123889898016777
    ],
    "TicToc PDR": [
        0.06295650728127257,
        0.07063564958147249
    ],
    "Packets retransmitted per node AVG": [
        0.0,
        0.0
    ],
    "Counter of retransmission per packet AVG": [
        0.0,
        0.0
    ],
    "Intertime of retransmissions AVG": [
        0.0,
        0.0
    ],
    "Packets delivered": [
        0.37851797583871494,
        0.39111970869774326
    ],
    "Packets lost due to noise": [
        0.10460673509624961,
        0.10990144458219912
    ],
    "Packets collided": [
        0.0,
        0.0
    ],
    "Destinatary out of range": [
        1.705479179208267e-05,
        7.593294868522848e-05
    ],
    "Packets dropped": [
        0.0,
        0.0
    ],
    "Other causes of loss": [
        0.5013957513340654,
        0.5143653967105501
    ],
    "Queue MN Avg": [
        0.1499955095123092,
        0.1500033056100545
    ],
    "Queue MN Var": [
        4.304094464602706e-09,
        4.8048533849692575e-09
    ],
    "Queue BR Avg": [
        281.23208415242004,
        294.92920448785867
    ],
    "Queue BR Var": [
        51755.40533893611,
        65051.96473041164
    ],
    "Upstream Delay Avg": [
        0.2939288857149029,
        0.29436104257193724
    ],
    "Upstream Delay 95th Perc": [
        0.5573615894946867,
        0.5577185028189134
    ],
    "Upstream Delay Var": [
        0.02850480312376874,
        0.02854742079167752
    ],
    "Downstream Delay Avg": [
        0.30643767877292033,
        0.31920931903599276
    ],
    "Downstream Delay 95th Perc": [
        0.31059680404723833,
        0.3336475387079286
    ],
    "Downstream Delay Var": [
        0.00039624041377576676,
        0.0023256616081741266
    ],
    "RTT Avg": [
        2000.7452929381461,
        2108.445009223601
    ],
    "RTT 95th Perc": [
        3163.0921281405863,
        3313.7478379279437
    ],
    "RTT Var": [
        800636.9015107694,
        852562.1177036235
    ]
}