{
    "Upstream PDR": [
        0.2212320656041186,
        0.22885476912977495
    ],
    "Downstream PDR": [
        0.17783675058474574,
        0.19789824316621735
    ],
    "TicToc PDR": [
        0.03993280686990102,
        0.04462181497883847
    ],
    "Packets retransmitted per node AVG": [
        0.0,
        0.0
    ],
    "Counter of retransmission per packet AVG": [
        0.0,
        0.0
    ],
    "Intertime of retransmissions AVG": [
        0.0,
        0.0
    ],
    "Packets delivered": [
        0.26313329967898935,
        0.2728615976629246
    ],
    "Packets lost due to noise": [
        0.10283282099711322,
        0.10626038152974776
    ],
    "Packets collided": [
        1.807071569866129e-07,
        6.937678951790181e-06
    ],
    "Destinatary out of range": [
        3.0193630064863456e-05,
        0.00031592412768873164
    ],
    "Packets dropped": [
        0.0,
        0.0
    ],
    "Other causes of loss": [
        0.6222787629017054,
        0.6322799010856578
    ],
    "Queue MN Avg": [
        0.2924916927407366,
        0.2925071538940659
    ],
    "Queue MN Var": [
        2.7341621640431962e-08,
        3.037584359711962e-08
    ],
    "Queue BR Avg": [
        668.5483681128354,
        701.6609034451018
    ],
    "Queue BR Var": [
        185961.89139031578,
        233882.07968147454
    ],
    "Upstream Delay Avg": [
        0.5788867298026805,
        0.5796281842676043
    ],
    "Upstream Delay 95th Perc": [
        1.098523417073661,
        1.099021706179939
    ],
    "Upstream Delay Var": [
        0.1110919800860422,
        0.11127546707551715
    ],
    "Downstream Delay Avg": [
        0.6201529934699397,
        1.7039657144472091
    ],
    "Downstream Delay 95th Perc": [
        0.8504766590817414,
        3.310968723354084
    ],
    "Downstream Delay Var": [
        -3.7389657703336914,
        18.552507960759634
    ],
    "RTT Avg": [
        2044.7717717468538,
        2093.188975549745
    ],
    "RTT 95th Perc": [
        3237.43733747323,
        3292.1552971496435
    ],
    "RTT Var": [
        813132.6398001392,
        847007.513858536
    ]
}