{
    "Upstream PDR": [
        0.26692951581439883,
        0.27264527410156747
    ],
    "Downstream PDR": [
        0.17934263804827277,
        0.19781231837440627
    ],
    "TicToc PDR": [
        0.048409452665480114,
        0.05319727002359551
    ],
    "Packets retransmitted per node AVG": [
        0.0,
        0.0
    ],
    "Counter of retransmission per packet AVG": [
        0.0,
        0.0
    ],
    "Intertime of retransmissions AVG": [
        0.0,
        0.0
    ],
    "Packets delivered": [
        0.3245391721095969,
        0.3308702435718391
    ],
    "Packets lost due to noise": [
        0.09979475297281454,
        0.10233149881894174
    ],
    "Packets collided": [
        2.0211613951330783e-06,
        1.3966548184718001e-05
    ],
    "Destinatary out of range": [
        2.8740159149485842e-05,
        6.961251142938613e-05
    ],
    "Packets dropped": [
        0.0,
        0.0
    ],
    "Other causes of loss": [
        0.5681269149832191,
        0.5742230771634296
    ],
    "Queue MN Avg": [
        0.2924916927407366,
        0.2925071538940659
    ],
    "Queue MN Var": [
        2.7341621640431962e-08,
        3.037584359711962e-08
    ],
    "Queue BR Avg": [
        507.70217717242355,
        530.5628079620931
    ],
    "Queue BR Var": [
        128130.78861032386,
        153520.97740650136
    ],
    "Upstream Delay Avg": [
        0.5789995144095635,
        0.5794769358079414
    ],
    "Upstream Delay 95th Perc": [
        1.0986248962456615,
        1.0990407342727961
    ],
    "Upstream Delay Var": [
        0.11105633294026863,
        0.11118607549987507
    ],
    "Downstream Delay Avg": [
        0.8469810243787745,
        1.2674525499113902
    ],
    "Downstream Delay 95th Perc": [
        1.3324744624314415,
        2.3202444782250673
    ],
    "Downstream Delay Var": [
        1.213567231969489,
        3.6583832619143184
    ],
    "RTT Avg": [
        2123.3675531031245,
        2151.193150396253
    ],
    "RTT 95th Perc": [
        3293.2198206669523,
        3331.2226020055264
    ],
    "RTT Var": [
        815924.4492218206,
        849781.9007689999
    ]
}