{
    "Upstream PDR": [
        0.22483010694055874,
        0.22824720398381096
    ],
    "Downstream PDR": [
        0.0,
        0.0
    ],
    "TicToc PDR": [
        0.0,
        0.0
    ],
    "Packets retransmitted per node AVG": [
        0.0,
        0.0
    ],
    "Counter of retransmission per packet AVG": [
        0.0,
        0.0
    ],
    "Intertime of retransmissions AVG": [
        0.0,
        0.0
    ],
    "Packets delivered": [
        0.27130663215905576,
        0.27543301887843336
    ],
    "Packets lost due to noise": [
        0.09385541185313231,
        0.09606480420602173
    ],
    "Packets collided": [
        -4.6816264118988703e-07,
        1.4435380692882586e-06
    ],
    "Destinatary out of range": [
        -9.085373852798062e-06,
        5.785358337674136e-05
    ],
    "Packets dropped": [
        0.0,
        0.0
    ],
    "Other causes of loss": [
        0.6295223353211282,
        0.6337680539972769
    ],
    "Queue MN Avg": [
        163.48435225245973,
        163.5060495250053
    ],
    "Queue MN Var": [
        0.08659177948075847,
        0.09210112198342496
    ],
    "Queue BR Avg": [
        0.0,
        0.0
    ],
    "Queue BR Var": [
        0.0,
        0.0
    ],
    "Upstream Delay Avg": [
        329.3046625612965,
        329.65338674016255
    ],
    "Upstream Delay 95th Perc": [
        588.5562742848032,
        589.1453247979263
    ],
    "Upstream Delay Var": [
        28276.64246518878,
        28323.100498796623
    ],
    "Downstream Delay Avg": [
        0.0,
        0.0
    ],
    "Downstream Delay 95th Perc": [
        0.0,
        0.0
    ],
    "Downstream Delay Var": [
        0.0,
        0.0
    ],
    "RTT Avg": [
        0.0,
        0.0
    ],
    "RTT 95th Perc": [
        0.0,
        0.0
    ],
    "RTT Var": [
        0.0,
        0.0
    ]
}