{
    "Upstream PDR": [
        0.20204006075048223,
        0.20547067687790257
    ],
    "Downstream PDR": [
        0.0,
        0.0
    ],
    "TicToc PDR": [
        0.0,
        0.0
    ],
    "Packets retransmitted per node AVG": [
        0.0,
        0.0
    ],
    "Counter of retransmission per packet AVG": [
        0.0,
        0.0
    ],
    "Intertime of retransmissions AVG": [
        0.0,
        0.0
    ],
    "Packets delivered": [
        0.2982572779426766,
        0.3029657422205955
    ],
    "Packets lost due to noise": [
        0.09192659956926866,
        0.09400843215042382
    ],
    "Packets collided": [
        0.0,
        0.0
    ],
    "Destinatary out of range": [
        -3.321488532118125e-05,
        0.00010241515919832153
    ],
    "Packets dropped": [
        0.0,
        0.0
    ],
    "Other causes of loss": [
        0.6038586593737814,
        0.6089140884693771
    ],
    "Queue MN Avg": [
        250.33430621632004,
        250.35159096906636
    ],
    "Queue MN Var": [
        0.08496164770994838,
        0.09064105922066223
    ],
    "Queue BR Avg": [
        0.0,
        0.0
    ],
    "Queue BR Var": [
        0.0,
        0.0
    ],
    "Upstream Delay Avg": [
        556.0735185240535,
        558.8332872216288
    ],
    "Upstream Delay 95th Perc": [
        885.0676707715202,
        887.5576492796597
    ],
    "Upstream Delay Var": [
        62120.30798486157,
        63001.83722600676
    ],
    "Downstream Delay Avg": [
        0.0,
        0.0
    ],
    "Downstream Delay 95th Perc": [
        0.0,
        0.0
    ],
    "Downstream Delay Var": [
        0.0,
        0.0
    ],
    "RTT Avg": [
        0.0,
        0.0
    ],
    "RTT 95th Perc": [
        0.0,
        0.0
    ],
    "RTT Var": [
        0.0,
        0.0
    ]
}