{
    "Upstream PDR": [
        0.28557815916064905,
        0.2926188156292669
    ],
    "Downstream PDR": [
        0.1984932048754005,
        0.21452026518369155
    ],
    "TicToc PDR": [
        0.05723820424094454,
        0.062254232733845366
    ],
    "Packets retransmitted per node AVG": [
        0.0,
        0.0
    ],
    "Counter of retransmission per packet AVG": [
        0.0,
        0.0
    ],
    "Intertime of retransmissions AVG": [
        0.0,
        0.0
    ],
    "Packets delivered": [
        0.3205452764046472,
        0.3289854661962223
    ],
    "Packets lost due to noise": [
        0.09640001776013142,
        0.10034580770900962
    ],
    "Packets collided": [
        -2.912370711798133e-07,
        8.980037329923467e-07
    ],
    "Destinatary out of range": [
        1.8666346593445568e-05,
        7.040051125240658e-05
    ],
    "Packets dropped": [
        0.0,
        0.0
    ],
    "Other causes of loss": [
        0.5718487232094751,
        0.5817850350960068
    ],
    "Queue MN Avg": [
        0.2472116597581186,
        0.24757983584674204
    ],
    "Queue MN Var": [
        1.2000792811194775e-05,
        1.3064313746428445e-05
    ],
    "Queue BR Avg": [
        438.5848938882103,
        452.3431132438522
    ],
    "Queue BR Var": [
        94464.55587800435,
        113964.23925437755
    ],
    "Upstream Delay Avg": [
        0.48848795709963755,
        0.48946392287254703
    ],
    "Upstream Delay 95th Perc": [
        0.9281512405342496,
        0.9288168633146645
    ],
    "Upstream Delay Var": [
        0.07915888459655541,
        0.07931067836210358
    ],
    "Downstream Delay Avg": [
        0.5148904609527927,
        0.5373187517173537
    ],
    "Downstream Delay 95th Perc": [
        0.5357118554697538,
        0.5787284343514547
    ],
    "Downstream Delay Var": [
        0.004865782524890249,
        0.011576299099878014
    ],
    "RTT Avg": [
        1879.1502446025856,
        1886.237177251915
    ],
    "RTT 95th Perc": [
        3382.0749141239407,
        3402.623657498559
    ],
    "RTT Var": [
        935288.468852926,
        948147.4723733843
    ]
}