{
    "Upstream PDR": [
        0.2892460370659417,
        0.30167160999288184
    ],
    "Downstream PDR": [
        0.17446289034425222,
        0.24918016768953155
    ],
    "TicToc PDR": [
        0.05160563935037766,
        0.07340276401096686
    ],
    "Packets retransmitted per node AVG": [
        0.0,
        0.0
    ],
    "Counter of retransmission per packet AVG": [
        0.0,
        0.0
    ],
    "Intertime of retransmissions AVG": [
        0.0,
        0.0
    ],
    "Packets delivered": [
        0.32399941771159857,
        0.33978753908290427
    ],
    "Packets lost due to noise": [
        0.08403394014801002,
        0.08929174027488476
    ],
    "Packets collided": [
        4.67308974209673e-06,
        0.00013163096682638386
    ],
    "Destinatary out of range": [
        5.530055484888693e-06,
        3.6412847143099305e-05
    ],
    "Packets dropped": [
        0.0,
        0.0
    ],
    "Other causes of loss": [
        0.571662035038425,
        0.5910470807849809
    ],
    "Queue MN Avg": [
        0.33720085837956876,
        0.3378288328842373
    ],
    "Queue MN Var": [
        1.1461552745948924e-05,
        1.3432374917408923e-05
    ],
    "Queue BR Avg": [
        416.73000421223156,
        476.5216228381028
    ],
    "Queue BR Var": [
        64770.44991295341,
        155602.71801671322
    ],
    "Upstream Delay Avg": [
        0.6675095863886948,
        0.6699195047908304
    ],
    "Upstream Delay 95th Perc": [
        1.2672455011476425,
        1.2725560265739575
    ],
    "Upstream Delay Var": [
        0.14809700254272945,
        0.14882079405422222
    ],
    "Downstream Delay Avg": [
        0.5416509053305504,
        1.4937268569882218
    ],
    "Downstream Delay 95th Perc": [
        0.47600213795587853,
        2.9470255871194637
    ],
    "Downstream Delay Var": [
        -0.513323937144434,
        3.0863529424013736
    ],
    "RTT Avg": [
        1833.471503738611,
        1914.9808560743052
    ],
    "RTT 95th Perc": [
        3309.2953029984074,
        3438.348576184416
    ],
    "RTT Var": [
        898299.4205361445,
        952082.1607710418
    ]
}