{
    "Upstream PDR": [
        0.29888323583515736,
        0.31616886500517866
    ],
    "Downstream PDR": [
        0.1738611022035647,
        0.2121336047978632
    ],
    "TicToc PDR": [
        0.05311234995563974,
        0.0656254651704107
    ],
    "Packets retransmitted per node AVG": [
        0.0,
        0.0
    ],
    "Counter of retransmission per packet AVG": [
        0.0,
        0.0
    ],
    "Intertime of retransmissions AVG": [
        0.0,
        0.0
    ],
    "Packets delivered": [
        0.331890782937228,
        0.3511956976580703
    ],
    "Packets lost due to noise": [
        0.11237428084942293,
        0.11856146904776203
    ],
    "Packets collided": [
        0.0,
        0.0
    ],
    "Destinatary out of range": [
        4.5954000467739395e-06,
        1.9598557474941123e-05
    ],
    "Packets dropped": [
        0.0,
        0.0
    ],
    "Other causes of loss": [
        0.5330256188338058,
        0.5529279567161887
    ],
    "Queue MN Avg": [
        0.10499738826768884,
        0.10500283862361473
    ],
    "Queue MN Var": [
        1.0047372340017985e-09,
        1.16781014769535e-09
    ],
    "Queue BR Avg": [
        299.7705674671021,
        327.10529375242237
    ],
    "Queue BR Var": [
        55807.1123549144,
        77708.14776905808
    ],
    "Upstream Delay Avg": [
        0.20373827267026468,
        0.20468244460984808
    ],
    "Upstream Delay 95th Perc": [
        0.38602200979925455,
        0.38703113288531693
    ],
    "Upstream Delay Var": [
        0.01361861577962518,
        0.013794068608455464
    ],
    "Downstream Delay Avg": [
        0.23593183651567334,
        0.25014348806831527
    ],
    "Downstream Delay 95th Perc": [
        0.24188343008195357,
        0.26756862311680907
    ],
    "Downstream Delay Var": [
        0.0002905277647752807,
        0.0016735708853591951
    ],
    "RTT Avg": [
        1884.7033055473598,
        1907.9658200614026
    ],
    "RTT 95th Perc": [
        3381.526394359051,
        3432.787665957007
    ],
    "RTT Var": [
        953302.7757379374,
        991792.1096956461
    ]
}