{
    "Upstream PDR": [
        0.2629692543428688,
        0.2752167400548903
    ],
    "Downstream PDR": [
        0.17593285776353643,
        0.20468828402888004
    ],
    "TicToc PDR": [
        0.04730065988359054,
        0.05547469025646547
    ],
    "Packets retransmitted per node AVG": [
        0.0,
        0.0
    ],
    "Counter of retransmission per packet AVG": [
        0.0,
        0.0
    ],
    "Intertime of retransmissions AVG": [
        0.0,
        0.0
    ],
    "Packets delivered": [
        0.29354633318742746,
        0.3082285282313146
    ],
    "Packets lost due to noise": [
        0.10734790563268067,
        0.11337520630722482
    ],
    "Packets collided": [
        0.0,
        0.0
    ],
    "Destinatary out of range": [
        5.047728407215082e-06,
        1.6110750735518036e-05
    ],
    "Packets dropped": [
        0.0,
        0.0
    ],
    "Other causes of loss": [
        0.5810871542497398,
        0.59639371391247
    ],
    "Queue MN Avg": [
        0.1499955095123092,
        0.1500033056100545
    ],
    "Queue MN Var": [
        4.304094464602706e-09,
        4.8048533849692575e-09
    ],
    "Queue BR Avg": [
        398.14298907636726,
        422.6156035088993
    ],
    "Queue BR Var": [
        81702.3568560868,
        120890.85407257242
    ],
    "Upstream Delay Avg": [
        0.2939743609025943,
        0.2944340983616197
    ],
    "Upstream Delay 95th Perc": [
        0.5574018035434861,
        0.5578480322492
    ],
    "Upstream Delay Var": [
        0.028483408447565584,
        0.028549902579299465
    ],
    "Downstream Delay Avg": [
        0.30188560936661823,
        0.3188117222448861
    ],
    "Downstream Delay 95th Perc": [
        0.3108712335727811,
        0.3364127922933642
    ],
    "Downstream Delay Var": [
        0.0005305151386875934,
        0.002677503294504731
    ],
    "RTT Avg": [
        1876.5216962645386,
        1919.9956233626426
    ],
    "RTT 95th Perc": [
        3339.8248742948676,
        3430.7271241353715
    ],
    "RTT Var": [
        929525.7827115037,
        973714.0564134232
    ]
}