{
    "Upstream PDR": [
        0.21328694003631735,
        0.22084919441746428
    ],
    "Downstream PDR": [
        0.17473744743151645,
        0.19502278870327203
    ],
    "TicToc PDR": [
        0.037761176630043296,
        0.042664873790124784
    ],
    "Packets retransmitted per node AVG": [
        0.0,
        0.0
    ],
    "Counter of retransmission per packet AVG": [
        0.0,
        0.0
    ],
    "Intertime of retransmissions AVG": [
        0.0,
        0.0
    ],
    "Packets delivered": [
        0.252778264100685,
        0.2626577371681906
    ],
    "Packets lost due to noise": [
        0.10301040289603441,
        0.105902807195868
    ],
    "Packets collided": [
        3.367130830102118e-06,
        2.829115627284791e-05
    ],
    "Destinatary out of range": [
        7.077104210221564e-05,
        0.000374826287106358
    ],
    "Packets dropped": [
        0.0,
        0.0
    ],
    "Other causes of loss": [
        0.632013533727002,
        0.6431599992959086
    ],
    "Queue MN Avg": [
        0.38247568322711584,
        0.38250963500762186
    ],
    "Queue MN Var": [
        1.9726904306335975e-07,
        2.1336256731434266e-07
    ],
    "Queue BR Avg": [
        860.2571483228395,
        899.3071370583351
    ],
    "Queue BR Var": [
        261980.85947712988,
        339787.1777563866
    ],
    "Upstream Delay Avg": [
        0.7583035032870047,
        0.7589393924358432
    ],
    "Upstream Delay 95th Perc": [
        1.4402353360558247,
        1.4409328166625193
    ],
    "Upstream Delay Var": [
        0.19117685199131096,
        0.19146996009223843
    ],
    "Downstream Delay Avg": [
        2.2624973968171656,
        4.510922328374777
    ],
    "Downstream Delay 95th Perc": [
        4.647363907458702,
        9.558949551401826
    ],
    "Downstream Delay Var": [
        20.552664376211006,
        75.21177440158272
    ],
    "RTT Avg": [
        2068.5989858553457,
        2109.5867891145217
    ],
    "RTT 95th Perc": [
        3263.22361325926,
        3303.1575404021983
    ],
    "RTT Var": [
        815714.7783478384,
        860406.946372817
    ]
}