{
    "Upstream PDR": [
        0.29006717496641404,
        0.29584038805879603
    ],
    "Downstream PDR": [
        0.0,
        0.0
    ],
    "TicToc PDR": [
        0.0,
        0.0
    ],
    "Packets retransmitted per node AVG": [
        0.0,
        0.0
    ],
    "Counter of retransmission per packet AVG": [
        0.0,
        0.0
    ],
    "Intertime of retransmissions AVG": [
        0.0,
        0.0
    ],
    "Packets delivered": [
        0.315460380944445,
        0.3213171126822146
    ],
    "Packets lost due to noise": [
        0.09241927554803393,
        0.0949639196665737
    ],
    "Packets collided": [
        0.0,
        0.0
    ],
    "Destinatary out of range": [
        -3.4775573010359036e-06,
        4.6562259762214606e-05
    ],
    "Packets dropped": [
        0.0,
        0.0
    ],
    "Other causes of loss": [
        0.584876482752074,
        0.5909197437041975
    ],
    "Queue MN Avg": [
        0.4574819766710588,
        0.4575210674571502
    ],
    "Queue MN Var": [
        1.4742577856642512e-07,
        1.6462668959381858e-07
    ],
    "Queue BR Avg": [
        0.0,
        0.0
    ],
    "Queue BR Var": [
        0.0,
        0.0
    ],
    "Upstream Delay Avg": [
        0.9087720347232813,
        0.9096395374322042
    ],
    "Upstream Delay 95th Perc": [
        1.7253373686147373,
        1.725930973123605
    ],
    "Upstream Delay Var": [
        0.27418137526699154,
        0.274513971166157
    ],
    "Downstream Delay Avg": [
        0.0,
        0.0
    ],
    "Downstream Delay 95th Perc": [
        0.0,
        0.0
    ],
    "Downstream Delay Var": [
        0.0,
        0.0
    ],
    "RTT Avg": [
        0.0,
        0.0
    ],
    "RTT 95th Perc": [
        0.0,
        0.0
    ],
    "RTT Var": [
        0.0,
        0.0
    ]
}