{
    "Upstream PDR": [
        0.28924677567772167,
        0.30859692180127
    ],
    "Downstream PDR": [
        0.17207560009046965,
        0.20976855824467924
    ],
    "TicToc PDR": [
        0.051111238329297363,
        0.06301817343540853
    ],
    "Packets retransmitted per node AVG": [
        0.0,
        0.0
    ],
    "Counter of retransmission per packet AVG": [
        0.0,
        0.0
    ],
    "Intertime of retransmissions AVG": [
        0.0,
        0.0
    ],
    "Packets delivered": [
        0.3207382102301851,
        0.3418146795500856
    ],
    "Packets lost due to noise": [
        0.11012808664423442,
        0.11620682269161496
    ],
    "Packets collided": [
        0.0,
        0.0
    ],
    "Destinatary out of range": [
        8.976385814273245e-06,
        2.8525486194368317e-05
    ],
    "Packets dropped": [
        0.0,
        0.0
    ],
    "Other causes of loss": [
        0.5440096170138706,
        0.5670650819980003
    ],
    "Queue MN Avg": [
        0.10499738826768884,
        0.10500283862361473
    ],
    "Queue MN Var": [
        1.0047372340017985e-09,
        1.16781014769535e-09
    ],
    "Queue BR Avg": [
        289.65652626110887,
        317.5731461671111
    ],
    "Queue BR Var": [
        52004.16109517128,
        74563.40842238865
    ],
    "Upstream Delay Avg": [
        0.20407812650818605,
        0.20445988842057425
    ],
    "Upstream Delay 95th Perc": [
        0.3861930436551027,
        0.3866431321368973
    ],
    "Upstream Delay Var": [
        0.013667335266346902,
        0.013700145089319413
    ],
    "Downstream Delay Avg": [
        0.23520395192288746,
        0.2494138972595329
    ],
    "Downstream Delay 95th Perc": [
        0.23882731912790992,
        0.26410125725576833
    ],
    "Downstream Delay Var": [
        0.00010757248707664888,
        0.0013305589258246855
    ],
    "RTT Avg": [
        1852.4738789959142,
        1918.0669928336151
    ],
    "RTT 95th Perc": [
        3285.4379593963336,
        3418.3060080402615
    ],
    "RTT Var": [
        887820.8748344884,
        941356.6135854668
    ]
}