{
    "Upstream PDR": [
        0.5704822877875053,
        0.6004925021284608
    ],
    "Downstream PDR": [
        0.24850990263166434,
        0.2872121126860166
    ],
    "TicToc PDR": [
        0.14478590843231995,
        0.16889476383658766
    ],
    "Packets retransmitted per node AVG": [
        0.0,
        0.0
    ],
    "Counter of retransmission per packet AVG": [
        0.0,
        0.0
    ],
    "Intertime of retransmissions AVG": [
        0.0,
        0.0
    ],
    "Packets delivered": [
        0.6188521810926696,
        0.6481589627075225
    ],
    "Packets lost due to noise": [
        0.11084441929771525,
        0.11976704785646745
    ],
    "Packets collided": [
        0.0,
        0.0
    ],
    "Destinatary out of range": [
        1.3827549378338525e-05,
        9.89905014974466e-05
    ],
    "Packets dropped": [
        0.0,
        0.0
    ],
    "Other causes of loss": [
        0.23753074983550174,
        0.26473382115924815
    ],
    "Queue MN Avg": [
        0.05964500117102562,
        0.060309746595001275
    ],
    "Queue MN Var": [
        1.096693464075169e-05,
        1.3972544575400314e-05
    ],
    "Queue BR Avg": [
        110.68359624584048,
        120.31671438913628
    ],
    "Queue BR Var": [
        14586.042581224552,
        17522.91120033585
    ],
    "Upstream Delay Avg": [
        0.1140109302571427,
        0.11540132012101806
    ],
    "Upstream Delay 95th Perc": [
        0.21521040766841432,
        0.21749317861564277
    ],
    "Upstream Delay Var": [
        0.004210878241972736,
        0.004224885023746592
    ],
    "Downstream Delay Avg": [
        0.1315352980733393,
        0.1367094224180298
    ],
    "Downstream Delay 95th Perc": [
        0.1314288202669232,
        0.1388283259672375
    ],
    "Downstream Delay Var": [
        -4.939396847687862e-05,
        0.0001523019301761872
    ],
    "RTT Avg": [
        1754.4468314012292,
        1861.6119718602226
    ],
    "RTT 95th Perc": [
        3127.4373365935326,
        3336.7032716161666
    ],
    "RTT Var": [
        846604.4975100833,
        919667.5947343567
    ]
}