{
    "Upstream PDR": [
        0.2750829644207328,
        0.2807103128901915
    ],
    "Downstream PDR": [
        0.18466286915953098,
        0.20223070403530072
    ],
    "TicToc PDR": [
        0.051306272283525675,
        0.0561463887809001
    ],
    "Packets retransmitted per node AVG": [
        0.0,
        0.0
    ],
    "Counter of retransmission per packet AVG": [
        0.0,
        0.0
    ],
    "Intertime of retransmissions AVG": [
        0.0,
        0.0
    ],
    "Packets delivered": [
        0.3071264754381221,
        0.3137938839580945
    ],
    "Packets lost due to noise": [
        0.09473304495412371,
        0.09749901403101699
    ],
    "Packets collided": [
        3.756901392283898e-06,
        2.2292442828070345e-05
    ],
    "Destinatary out of range": [
        2.2705114003806077e-05,
        4.8779407288746825e-05
    ],
    "Packets dropped": [
        0.0,
        0.0
    ],
    "Other causes of loss": [
        0.5898374208191023,
        0.5969126269340271
    ],
    "Queue MN Avg": [
        0.2924916927407366,
        0.2925071538940659
    ],
    "Queue MN Var": [
        2.7341621640431962e-08,
        3.037584359711962e-08
    ],
    "Queue BR Avg": [
        514.5158478651273,
        534.0603961315293
    ],
    "Queue BR Var": [
        119540.99490737358,
        145397.0888319212
    ],
    "Upstream Delay Avg": [
        0.5787882952996609,
        0.5794645638256904
    ],
    "Upstream Delay 95th Perc": [
        1.0985931034754126,
        1.0990244687101305
    ],
    "Upstream Delay Var": [
        0.11104491813708083,
        0.11121350303203133
    ],
    "Downstream Delay Avg": [
        0.7430216211515956,
        0.8862632402059556
    ],
    "Downstream Delay 95th Perc": [
        0.988143853963452,
        1.3439973906200433
    ],
    "Downstream Delay Var": [
        0.19214156467916935,
        0.5154114134502011
    ],
    "RTT Avg": [
        1865.7528869215985,
        1892.0054549533038
    ],
    "RTT 95th Perc": [
        3356.4513921511198,
        3392.920435938302
    ],
    "RTT Var": [
        928675.0964515711,
        945420.9894235147
    ]
}