{
    "Upstream PDR": [
        0.19565266959698693,
        0.19886348353093083
    ],
    "Downstream PDR": [
        0.0,
        0.0
    ],
    "TicToc PDR": [
        0.0,
        0.0
    ],
    "Packets retransmitted per node AVG": [
        0.0,
        0.0
    ],
    "Counter of retransmission per packet AVG": [
        0.0,
        0.0
    ],
    "Intertime of retransmissions AVG": [
        0.0,
        0.0
    ],
    "Packets delivered": [
        0.26526730494570955,
        0.26966381796899613
    ],
    "Packets lost due to noise": [
        0.09336515446739253,
        0.09551976963780338
    ],
    "Packets collided": [
        0.0,
        0.0
    ],
    "Destinatary out of range": [
        -3.321488532118125e-05,
        0.00010241515919832153
    ],
    "Packets dropped": [
        0.0,
        0.0
    ],
    "Other causes of loss": [
        0.6358492734297803,
        0.6402654792764408
    ],
    "Queue MN Avg": [
        250.33430621632004,
        250.35159096906636
    ],
    "Queue MN Var": [
        0.08496164770994838,
        0.09064105922066223
    ],
    "Queue BR Avg": [
        0.0,
        0.0
    ],
    "Queue BR Var": [
        0.0,
        0.0
    ],
    "Upstream Delay Avg": [
        504.391023724044,
        504.8060574221287
    ],
    "Upstream Delay 95th Perc": [
        902.2703431235418,
        902.9514031043775
    ],
    "Upstream Delay Var": [
        66448.40838127291,
        66572.95359145069
    ],
    "Downstream Delay Avg": [
        0.0,
        0.0
    ],
    "Downstream Delay 95th Perc": [
        0.0,
        0.0
    ],
    "Downstream Delay Var": [
        0.0,
        0.0
    ],
    "RTT Avg": [
        0.0,
        0.0
    ],
    "RTT 95th Perc": [
        0.0,
        0.0
    ],
    "RTT Var": [
        0.0,
        0.0
    ]
}