{
    "Upstream PDR": [
        0.40431461792134643,
        0.421006390482015
    ],
    "Downstream PDR": [
        0.1942061951493536,
        0.22035309920340163
    ],
    "TicToc PDR": [
        0.07996992245134345,
        0.09074100191840447
    ],
    "Packets retransmitted per node AVG": [
        0.0,
        0.0
    ],
    "Counter of retransmission per packet AVG": [
        0.0,
        0.0
    ],
    "Intertime of retransmissions AVG": [
        0.0,
        0.0
    ],
    "Packets delivered": [
        0.4758057714411464,
        0.49133837013547815
    ],
    "Packets lost due to noise": [
        0.10012023467018637,
        0.10537077618325012
    ],
    "Packets collided": [
        -7.011668178906885e-07,
        2.1619858260676227e-06
    ],
    "Destinatary out of range": [
        -5.31586335620059e-06,
        6.924688939303954e-05
    ],
    "Packets dropped": [
        0.0,
        0.0
    ],
    "Other causes of loss": [
        0.4054289449482483,
        0.42187051077664606
    ],
    "Queue MN Avg": [
        0.10499738826768884,
        0.10500283862361473
    ],
    "Queue MN Var": [
        1.0047372340017985e-09,
        1.16781014769535e-09
    ],
    "Queue BR Avg": [
        170.77740179026955,
        181.95451281464858
    ],
    "Queue BR Var": [
        25347.0760265648,
        30432.442982237757
    ],
    "Upstream Delay Avg": [
        0.20410274461316918,
        0.2044413700304074
    ],
    "Upstream Delay 95th Perc": [
        0.3862768138572634,
        0.38656434871799383
    ],
    "Upstream Delay Var": [
        0.013659224923681884,
        0.013680214984867428
    ],
    "Downstream Delay Avg": [
        0.23694415081104064,
        0.24340947308217276
    ],
    "Downstream Delay 95th Perc": [
        0.23958536586896836,
        0.2522391252699941
    ],
    "Downstream Delay Var": [
        -1.6537198965357273e-05,
        0.0007421480311067023
    ],
    "RTT Avg": [
        1901.5996752845833,
        2022.078708160789
    ],
    "RTT 95th Perc": [
        3089.4312111104327,
        3294.2248664873596
    ],
    "RTT Var": [
        833114.0940249078,
        913779.9030773714
    ]
}