{
    "Upstream PDR": [
        0.2230964035220308,
        0.2305611595031793
    ],
    "Downstream PDR": [
        0.1757130036948696,
        0.19477132184246818
    ],
    "TicToc PDR": [
        0.03964825525815393,
        0.04462905566621581
    ],
    "Packets retransmitted per node AVG": [
        0.0,
        0.0
    ],
    "Counter of retransmission per packet AVG": [
        0.0,
        0.0
    ],
    "Intertime of retransmissions AVG": [
        0.0,
        0.0
    ],
    "Packets delivered": [
        0.24994220597626626,
        0.2595144913443169
    ],
    "Packets lost due to noise": [
        0.10000628613843951,
        0.10291948036537565
    ],
    "Packets collided": [
        1.3853059008252302e-06,
        2.6310568999040847e-05
    ],
    "Destinatary out of range": [
        3.278021903212186e-05,
        0.00031372362947984907
    ],
    "Packets dropped": [
        0.0,
        0.0
    ],
    "Other causes of loss": [
        0.6382369975240593,
        0.6490063389281303
    ],
    "Queue MN Avg": [
        0.38247568322711584,
        0.38250963500762186
    ],
    "Queue MN Var": [
        1.9726904306335975e-07,
        2.1336256731434266e-07
    ],
    "Queue BR Avg": [
        905.0916352789745,
        941.2240829665413
    ],
    "Queue BR Var": [
        269104.3779334279,
        354047.1220359645
    ],
    "Upstream Delay Avg": [
        0.7584888017803303,
        0.7591485989293928
    ],
    "Upstream Delay 95th Perc": [
        1.4408254836104863,
        1.4414214011093425
    ],
    "Upstream Delay Var": [
        0.1911688123409626,
        0.19138884989224902
    ],
    "Downstream Delay Avg": [
        0.958195504698798,
        1.1840951842424567
    ],
    "Downstream Delay 95th Perc": [
        1.294280980385442,
        1.7918069104442875
    ],
    "Downstream Delay Var": [
        0.3062838569535887,
        0.8836161221119385
    ],
    "RTT Avg": [
        1892.6903367487887,
        1917.1380167661634
    ],
    "RTT 95th Perc": [
        3350.3998156832863,
        3396.415775371536
    ],
    "RTT Var": [
        926053.8739448001,
        950408.312603411
    ]
}