{
    "Upstream PDR": [
        0.44060397610714835,
        0.4573523264138601
    ],
    "Downstream PDR": [
        0.19445265779635512,
        0.21754535870366815
    ],
    "TicToc PDR": [
        0.0871421318858921,
        0.09764442273595667
    ],
    "Packets retransmitted per node AVG": [
        0.0,
        0.0
    ],
    "Counter of retransmission per packet AVG": [
        0.0,
        0.0
    ],
    "Intertime of retransmissions AVG": [
        0.0,
        0.0
    ],
    "Packets delivered": [
        0.4812861573763958,
        0.4981096816861874
    ],
    "Packets lost due to noise": [
        0.10270311662434779,
        0.10909319012944423
    ],
    "Packets collided": [
        0.0,
        0.0
    ],
    "Destinatary out of range": [
        -2.311656515830776e-07,
        1.0483089002562638e-05
    ],
    "Packets dropped": [
        0.0,
        0.0
    ],
    "Other causes of loss": [
        0.3953308687381895,
        0.41346673352208413
    ],
    "Queue MN Avg": [
        0.10499738826768884,
        0.10500283862361473
    ],
    "Queue MN Var": [
        1.0047372340017985e-09,
        1.16781014769535e-09
    ],
    "Queue BR Avg": [
        190.96085992178857,
        201.83520955480677
    ],
    "Queue BR Var": [
        27652.974939087875,
        33026.28259907103
    ],
    "Upstream Delay Avg": [
        0.2040870311112292,
        0.205057408041763
    ],
    "Upstream Delay 95th Perc": [
        0.38655143906262757,
        0.3872217583554295
    ],
    "Upstream Delay Var": [
        0.013643956246400333,
        0.013741008738798063
    ],
    "Downstream Delay Avg": [
        0.2378953881827737,
        0.2434893500443818
    ],
    "Downstream Delay 95th Perc": [
        0.23995238281197132,
        0.25271701855163325
    ],
    "Downstream Delay Var": [
        9.211927820313272e-06,
        0.0010287193807037348
    ],
    "RTT Avg": [
        1898.7922439938131,
        1921.4502893164874
    ],
    "RTT 95th Perc": [
        3409.4711050170426,
        3425.1019032281556
    ],
    "RTT Var": [
        944474.1606654619,
        964172.0966400019
    ]
}