{
    "Upstream PDR": [
        0.22174446994030367,
        0.228882607557362
    ],
    "Downstream PDR": [
        0.1839547769618051,
        0.20494950969097028
    ],
    "TicToc PDR": [
        0.04146717571012467,
        0.04600135837017413
    ],
    "Packets retransmitted per node AVG": [
        0.0,
        0.0
    ],
    "Counter of retransmission per packet AVG": [
        0.0,
        0.0
    ],
    "Intertime of retransmissions AVG": [
        0.0,
        0.0
    ],
    "Packets delivered": [
        0.25053482229776775,
        0.25809442936217025
    ],
    "Packets lost due to noise": [
        0.09797044909301429,
        0.10034638876309714
    ],
    "Packets collided": [
        7.282733409423994e-06,
        5.0666498240312376e-05
    ],
    "Destinatary out of range": [
        8.461297724482614e-05,
        0.00025927661602864077
    ],
    "Packets dropped": [
        0.0,
        0.0
    ],
    "Other causes of loss": [
        0.6421565974262496,
        0.6504954742327779
    ],
    "Queue MN Avg": [
        0.43484675354392893,
        0.43506023918102726
    ],
    "Queue MN Var": [
        1.2346785533160624e-05,
        1.2928164660655488e-05
    ],
    "Queue BR Avg": [
        991.3932212934907,
        1044.283828332865
    ],
    "Queue BR Var": [
        310480.6449757458,
        405227.6301445501
    ],
    "Upstream Delay Avg": [
        0.8632895846273064,
        0.8645667266442901
    ],
    "Upstream Delay 95th Perc": [
        1.6396833022515407,
        1.6407304768212019
    ],
    "Upstream Delay Var": [
        0.2477247802954203,
        0.24807210649369812
    ],
    "Downstream Delay Avg": [
        1.0688955391259032,
        1.3423090450950188
    ],
    "Downstream Delay 95th Perc": [
        1.4739182503962163,
        2.1222136766812465
    ],
    "Downstream Delay Var": [
        0.4325838356112223,
        1.1677546465472934
    ],
    "RTT Avg": [
        1893.8665757439737,
        1921.0842840739294
    ],
    "RTT 95th Perc": [
        3375.749943526136,
        3410.324659884458
    ],
    "RTT Var": [
        941741.1892407709,
        963746.5989591156
    ]
}