{
    "Upstream PDR": [
        0.21698359532782155,
        0.22509083444408726
    ],
    "Downstream PDR": [
        0.18537749521558494,
        0.2024422659050723
    ],
    "TicToc PDR": [
        0.04078680740866716,
        0.04498366077860776
    ],
    "Packets retransmitted per node AVG": [
        0.0,
        0.0
    ],
    "Counter of retransmission per packet AVG": [
        0.0,
        0.0
    ],
    "Intertime of retransmissions AVG": [
        0.0,
        0.0
    ],
    "Packets delivered": [
        0.2590854266464217,
        0.26931197340721885
    ],
    "Packets lost due to noise": [
        0.10215425343763646,
        0.1053621086090939
    ],
    "Packets collided": [
        8.047280176396565e-06,
        2.9637386456229015e-05
    ],
    "Destinatary out of range": [
        8.103558356528709e-05,
        0.00018265575613440535
    ],
    "Packets dropped": [
        0.0,
        0.0
    ],
    "Other causes of loss": [
        0.6263213446328757,
        0.637463517260421
    ],
    "Queue MN Avg": [
        0.33751424891830906,
        0.3377360420339369
    ],
    "Queue MN Var": [
        1.2138307035648525e-05,
        1.2926218360379188e-05
    ],
    "Queue BR Avg": [
        755.8915416285438,
        791.8276126354758
    ],
    "Queue BR Var": [
        235928.93530618405,
        313375.5147992166
    ],
    "Upstream Delay Avg": [
        0.6637007473290112,
        0.66993990655655
    ],
    "Upstream Delay 95th Perc": [
        1.2678585467254875,
        1.2721243845574834
    ],
    "Upstream Delay Var": [
        0.14808149701991682,
        0.1493728214467868
    ],
    "Downstream Delay Avg": [
        1.3201304053716156,
        2.133387201789425
    ],
    "Downstream Delay 95th Perc": [
        2.596719635666319,
        4.67847424735631
    ],
    "Downstream Delay Var": [
        4.571034079898652,
        18.108854191479622
    ],
    "RTT Avg": [
        2055.509117467179,
        2092.312356498517
    ],
    "RTT 95th Perc": [
        3242.453077417351,
        3287.3978425526484
    ],
    "RTT Var": [
        800482.3973042878,
        841586.4149837937
    ]
}