{
    "Upstream PDR": [
        0.2824228419274877,
        0.28815811045346473
    ],
    "Downstream PDR": [
        0.0,
        0.0
    ],
    "TicToc PDR": [
        0.0,
        0.0
    ],
    "Packets retransmitted per node AVG": [
        0.0,
        0.0
    ],
    "Counter of retransmission per packet AVG": [
        0.0,
        0.0
    ],
    "Intertime of retransmissions AVG": [
        0.0,
        0.0
    ],
    "Packets delivered": [
        0.28224473571548914,
        0.2879556825824353
    ],
    "Packets lost due to noise": [
        0.0943093856906301,
        0.09705158064424155
    ],
    "Packets collided": [
        -2.585040896450559e-07,
        7.970744814684802e-07
    ],
    "Destinatary out of range": [
        -4.141986023496921e-06,
        5.530498549252176e-05
    ],
    "Packets dropped": [
        0.0,
        0.0
    ],
    "Other causes of loss": [
        0.6162866644479852,
        0.6221002493493579
    ],
    "Queue MN Avg": [
        0.4574819766710588,
        0.4575210674571502
    ],
    "Queue MN Var": [
        1.4742577856642512e-07,
        1.6462668959381858e-07
    ],
    "Queue BR Avg": [
        0.0,
        0.0
    ],
    "Queue BR Var": [
        0.0,
        0.0
    ],
    "Upstream Delay Avg": [
        0.9088267797218436,
        0.9099657608746458
    ],
    "Upstream Delay 95th Perc": [
        1.7256880303467845,
        1.7263934061647581
    ],
    "Upstream Delay Var": [
        0.27433936248551544,
        0.27472336385025226
    ],
    "Downstream Delay Avg": [
        0.0,
        0.0
    ],
    "Downstream Delay 95th Perc": [
        0.0,
        0.0
    ],
    "Downstream Delay Var": [
        0.0,
        0.0
    ],
    "RTT Avg": [
        0.0,
        0.0
    ],
    "RTT 95th Perc": [
        0.0,
        0.0
    ],
    "RTT Var": [
        0.0,
        0.0
    ]
}