{
    "Upstream PDR": [
        0.2276538959013919,
        0.236329297375919
    ],
    "Downstream PDR": [
        0.17578657165913236,
        0.19765292000663914
    ],
    "TicToc PDR": [
        0.04076404118585259,
        0.04577993640518383
    ],
    "Packets retransmitted per node AVG": [
        0.0,
        0.0
    ],
    "Counter of retransmission per packet AVG": [
        0.0,
        0.0
    ],
    "Intertime of retransmissions AVG": [
        0.0,
        0.0
    ],
    "Packets delivered": [
        0.2529886588583566,
        0.26240266690218733
    ],
    "Packets lost due to noise": [
        0.09884414723707245,
        0.10235273138511895
    ],
    "Packets collided": [
        2.2285745558929898e-07,
        4.356307780366249e-06
    ],
    "Destinatary out of range": [
        2.697656506050885e-05,
        0.00016288992444953764
    ],
    "Packets dropped": [
        0.0,
        0.0
    ],
    "Other causes of loss": [
        0.6365141255742167,
        0.6467032243883016
    ],
    "Queue MN Avg": [
        0.2924916927407366,
        0.2925071538940659
    ],
    "Queue MN Var": [
        2.7341621640431962e-08,
        3.037584359711962e-08
    ],
    "Queue BR Avg": [
        691.0862870016707,
        729.1943358764967
    ],
    "Queue BR Var": [
        188933.44053182728,
        248713.97151576658
    ],
    "Upstream Delay Avg": [
        0.578520891776427,
        0.5791707995730063
    ],
    "Upstream Delay 95th Perc": [
        1.098460019207405,
        1.099063087345052
    ],
    "Upstream Delay Var": [
        0.11103885280547726,
        0.11125131998086746
    ],
    "Downstream Delay Avg": [
        0.6212403448067374,
        0.8899622472396442
    ],
    "Downstream Delay 95th Perc": [
        0.7070871034083048,
        1.302823397899114
    ],
    "Downstream Delay Var": [
        -0.2075064144746827,
        1.0238410909698772
    ],
    "RTT Avg": [
        1841.1456936235033,
        1876.9883707637298
    ],
    "RTT 95th Perc": [
        3317.6569113052915,
        3395.9736143182104
    ],
    "RTT Var": [
        915194.4015903973,
        945131.5992904587
    ]
}