{
    "Upstream PDR": [
        0.23018885726668187,
        0.2398951763467635
    ],
    "Downstream PDR": [
        0.0,
        0.0
    ],
    "TicToc PDR": [
        0.0,
        0.0
    ],
    "Packets retransmitted per node AVG": [
        0.0,
        0.0
    ],
    "Counter of retransmission per packet AVG": [
        0.0,
        0.0
    ],
    "Intertime of retransmissions AVG": [
        0.0,
        0.0
    ],
    "Packets delivered": [
        0.24360269621048036,
        0.2541914542189791
    ],
    "Packets lost due to noise": [
        0.1032825280412962,
        0.10796906294914407
    ],
    "Packets collided": [
        0.0,
        0.0
    ],
    "Destinatary out of range": [
        0.0,
        0.0
    ],
    "Packets dropped": [
        0.0,
        0.0
    ],
    "Other causes of loss": [
        0.6395085889784777,
        0.6514456696016226
    ],
    "Queue MN Avg": [
        0.30748964294796616,
        0.30749905659823645
    ],
    "Queue MN Var": [
        8.393614470788211e-09,
        9.409024567564552e-09
    ],
    "Queue BR Avg": [
        0.0,
        0.0
    ],
    "Queue BR Var": [
        0.0,
        0.0
    ],
    "Upstream Delay Avg": [
        0.6089298513850075,
        0.6099335480543743
    ],
    "Upstream Delay 95th Perc": [
        1.1556579391020985,
        1.1563081195673304
    ],
    "Upstream Delay Var": [
        0.12278444387860352,
        0.1230400082770432
    ],
    "Downstream Delay Avg": [
        0.0,
        0.0
    ],
    "Downstream Delay 95th Perc": [
        0.0,
        0.0
    ],
    "Downstream Delay Var": [
        0.0,
        0.0
    ],
    "RTT Avg": [
        0.0,
        0.0
    ],
    "RTT 95th Perc": [
        0.0,
        0.0
    ],
    "RTT Var": [
        0.0,
        0.0
    ]
}