{
    "Upstream PDR": [
        0.3083815890676506,
        0.31401841093234933
    ],
    "Downstream PDR": [
        0.20069786817817115,
        0.2150075572593967
    ],
    "TicToc PDR": [
        0.06248476843550795,
        0.06680150607429597
    ],
    "Packets retransmitted per node AVG": [
        0.0,
        0.0
    ],
    "Counter of retransmission per packet AVG": [
        0.0,
        0.0
    ],
    "Intertime of retransmissions AVG": [
        0.0,
        0.0
    ],
    "Packets delivered": [
        0.34661969627039463,
        0.3525120693486224
    ],
    "Packets lost due to noise": [
        0.09010606823280048,
        0.09264337137127795
    ],
    "Packets collided": [
        4.036462309347234e-06,
        3.0243086804180128e-05
    ],
    "Destinatary out of range": [
        1.0514279935760768e-05,
        2.6540384023275144e-05
    ],
    "Packets dropped": [
        0.0,
        0.0
    ],
    "Other causes of loss": [
        0.5556527592709601,
        0.5623947012928718
    ],
    "Queue MN Avg": [
        0.2924916927407366,
        0.2925071538940659
    ],
    "Queue MN Var": [
        2.7341621640431962e-08,
        3.037584359711962e-08
    ],
    "Queue BR Avg": [
        399.48750347299017,
        412.2688849243333
    ],
    "Queue BR Var": [
        79927.02498529818,
        95021.24003511724
    ],
    "Upstream Delay Avg": [
        0.5788152385604445,
        0.5792527389810281
    ],
    "Upstream Delay 95th Perc": [
        1.0987004176158086,
        1.0991111547067058
    ],
    "Upstream Delay Var": [
        0.11115228048020594,
        0.11127982768038062
    ],
    "Downstream Delay Avg": [
        0.644461220758462,
        0.6953189957459666
    ],
    "Downstream Delay 95th Perc": [
        0.7189090851072997,
        0.8738452146438218
    ],
    "Downstream Delay Var": [
        0.02951202943207028,
        0.073975676350586
    ],
    "RTT Avg": [
        1913.737614176728,
        1917.8999449552946
    ],
    "RTT 95th Perc": [
        3421.557069578318,
        3428.4313181619445
    ],
    "RTT Var": [
        956524.0321912749,
        960916.2209603228
    ]
}