{
    "Upstream PDR": [
        0.9951566920423713,
        0.9976381131524337
    ],
    "Downstream PDR": [
        0.9658840179477522,
        0.975613200012292
    ],
    "TicToc PDR": [
        0.9617347161331593,
        0.9728211280226853
    ],
    "Packets retransmitted per node AVG": [
        0.0,
        0.0
    ],
    "Counter of retransmission per packet AVG": [
        0.0,
        0.0
    ],
    "Intertime of retransmissions AVG": [
        0.0,
        0.0
    ],
    "Packets delivered": [
        0.9807535068572538,
        0.9863654318900589
    ],
    "Packets lost due to noise": [
        0.012577010294916783,
        0.01770379951940794
    ],
    "Packets collided": [
        0.0,
        0.0
    ],
    "Destinatary out of range": [
        0.0,
        0.0
    ],
    "Packets dropped": [
        0.0,
        0.0
    ],
    "Other causes of loss": [
        0.0010415899634958433,
        0.0015586614748672213
    ],
    "Queue MN Avg": [
        0.08249031744846085,
        0.08250914683477818
    ],
    "Queue MN Var": [
        6.397549657804377e-09,
        8.083544207768267e-09
    ],
    "Queue BR Avg": [
        0.021605456685107112,
        0.021659569092338488
    ],
    "Queue BR Var": [
        0.0015685440767288772,
        0.0018264627284335997
    ],
    "Upstream Delay Avg": [
        0.15908902628031735,
        0.1594164041119066
    ],
    "Upstream Delay 95th Perc": [
        0.30065344903652025,
        0.30106417779805106
    ],
    "Upstream Delay Var": [
        0.008267476454258635,
        0.008269736106753274
    ],
    "Downstream Delay Avg": [
        0.16499999999999984,
        0.16499999999999995
    ],
    "Downstream Delay 95th Perc": [
        0.165,
        0.165
    ],
    "Downstream Delay Var": [
        2.244254866902693e-31,
        3.5779553369197243e-31
    ],
    "RTT Avg": [
        1299.5300524587246,
        1300.3963698656053
    ],
    "RTT 95th Perc": [
        2289.112374273199,
        2289.6998339019538
    ],
    "RTT Var": [
        403148.7987588038,
        403638.71615406644
    ]
}