{
    "Upstream PDR": [
        0.7315521337927687,
        0.7339913005506656
    ],
    "Downstream PDR": [
        0.9734858636665445,
        0.9760516916498209
    ],
    "TicToc PDR": [
        0.7126873943507863,
        0.7158817254183332
    ],
    "Packets retransmitted per node AVG": [
        0.0,
        0.0
    ],
    "Counter of retransmission per packet AVG": [
        0.0,
        0.0
    ],
    "Intertime of retransmissions AVG": [
        0.0,
        0.0
    ],
    "Packets delivered": [
        0.9838415192580142,
        0.9860316247385695
    ],
    "Packets lost due to noise": [
        0.012004567114129236,
        0.013438868036809373
    ],
    "Packets collided": [
        0.0,
        0.0
    ],
    "Destinatary out of range": [
        0.0,
        0.0
    ],
    "Packets dropped": [
        0.0,
        0.0
    ],
    "Other causes of loss": [
        0.0015518068257077038,
        0.0031316140267694985
    ],
    "Queue MN Avg": [
        171.3298437902589,
        171.34959836303022
    ],
    "Queue MN Var": [
        0.08431926982735326,
        0.09024481915618542
    ],
    "Queue BR Avg": [
        1.182188286092314,
        1.1861281249166298
    ],
    "Queue BR Var": [
        0.5647060263221874,
        0.6649991201033719
    ],
    "Upstream Delay Avg": [
        342.6896045604157,
        342.74617010599326
    ],
    "Upstream Delay 95th Perc": [
        603.5299509368858,
        603.583999551025
    ],
    "Upstream Delay Var": [
        27992.542874945342,
        27995.030241580404
    ],
    "Downstream Delay Avg": [
        1.3650000000000089,
        1.3650000000000089
    ],
    "Downstream Delay 95th Perc": [
        1.3649999999999969,
        1.3649999999999973
    ],
    "Downstream Delay Var": [
        5.926986327855704e-29,
        5.944375486538548e-29
    ],
    "RTT Avg": [
        1299.3572558504256,
        1300.7143732443374
    ],
    "RTT 95th Perc": [
        2289.0176698550786,
        2289.385827991965
    ],
    "RTT Var": [
        403111.61610164464,
        403607.76489227725
    ]
}