{
    "Upstream PDR": [
        0.804602641503976,
        0.8071395662882319
    ],
    "Downstream PDR": [
        0.912365409715699,
        0.913260891642675
    ],
    "TicToc PDR": [
        0.7344639483018722,
        0.7367535841656605
    ],
    "Packets retransmitted per node AVG": [
        0.0,
        0.0
    ],
    "Counter of retransmission per packet AVG": [
        0.0,
        0.0
    ],
    "Intertime of retransmissions AVG": [
        0.0,
        0.0
    ],
    "Packets delivered": [
        0.9424733828822823,
        0.9440453862022528
    ],
    "Packets lost due to noise": [
        0.04799536837395018,
        0.04858462345449326
    ],
    "Packets collided": [
        -1.2635427706058039e-06,
        3.896022303077439e-06
    ],
    "Destinatary out of range": [
        0.0,
        0.0
    ],
    "Packets dropped": [
        0.0,
        0.0
    ],
    "Other causes of loss": [
        0.00765482048210326,
        0.009243786125386462
    ],
    "Queue MN Avg": [
        111.92796998031179,
        111.9510884196525
    ],
    "Queue MN Var": [
        0.08279800604365954,
        0.08817166812484924
    ],
    "Queue BR Avg": [
        1.5642528692478144,
        1.5691422773548167
    ],
    "Queue BR Var": [
        0.7773768866512023,
        0.8140656163225659
    ],
    "Upstream Delay Avg": [
        223.86870674269417,
        223.93288107898573
    ],
    "Upstream Delay 95th Perc": [
        393.9946054830894,
        394.0503024047661
    ],
    "Upstream Delay Var": [
        11905.950567131904,
        11911.2066914593
    ],
    "Downstream Delay Avg": [
        1.214978522304948,
        1.2150662249894761
    ],
    "Downstream Delay 95th Perc": [
        1.2150000080096812,
        1.2150000082067538
    ],
    "Downstream Delay Var": [
        -5.0588989780984e-05,
        0.00015598667260192158
    ],
    "RTT Avg": [
        1299.3007539976625,
        1300.3649485378387
    ],
    "RTT 95th Perc": [
        2289.438804497556,
        2290.2449894200163
    ],
    "RTT Var": [
        403451.706936732,
        403985.30969361734
    ]
}