{
    "Upstream PDR": [
        0.9714452415833453,
        0.9748854943473909
    ],
    "Downstream PDR": [
        0.9122839000092865,
        0.9135953485130676
    ],
    "TicToc PDR": [
        0.8869956057318868,
        0.8898788531425716
    ],
    "Packets retransmitted per node AVG": [
        0.0,
        0.0
    ],
    "Counter of retransmission per packet AVG": [
        0.0,
        0.0
    ],
    "Intertime of retransmissions AVG": [
        0.0,
        0.0
    ],
    "Packets delivered": [
        0.9425570743435947,
        0.9442262741082161
    ],
    "Packets lost due to noise": [
        0.047967944621677104,
        0.048645805859582676
    ],
    "Packets collided": [
        -9.988689305146697e-07,
        3.0799239421633755e-06
    ],
    "Destinatary out of range": [
        -6.296009546999172e-07,
        2.7103863329235203e-06
    ],
    "Packets dropped": [
        0.0,
        0.0
    ],
    "Other causes of loss": [
        0.007407564158270181,
        0.009191175068269235
    ],
    "Queue MN Avg": [
        0.4574908872145862,
        0.4575242005156106
    ],
    "Queue MN Var": [
        1.2319017233109694e-07,
        1.3886863573732195e-07
    ],
    "Queue BR Avg": [
        1.0667808413245579,
        1.0705317464606574
    ],
    "Queue BR Var": [
        0.36703409090942923,
        0.38703397123841393
    ],
    "Upstream Delay Avg": [
        0.908602209104942,
        0.9092385749138564
    ],
    "Upstream Delay 95th Perc": [
        1.7256547425699709,
        1.725964590627171
    ],
    "Upstream Delay Var": [
        0.2744376062864656,
        0.2745467934444918
    ],
    "Downstream Delay Avg": [
        0.9149905449782643,
        0.9150437873840715
    ],
    "Downstream Delay 95th Perc": [
        0.9150000061452862,
        0.9150000063561853
    ],
    "Downstream Delay Var": [
        -1.6852132274551644e-05,
        7.846464467514672e-05
    ],
    "RTT Avg": [
        1299.2634865803268,
        1300.2699389702245
    ],
    "RTT 95th Perc": [
        2288.988368883847,
        2289.8040107493825
    ],
    "RTT Var": [
        403222.82151082845,
        403785.0773757482
    ]
}