{
    "Upstream PDR": [
        0.9653216599359363,
        0.9707614569471806
    ],
    "Downstream PDR": [
        0.9072856313156674,
        0.9178126653944243
    ],
    "TicToc PDR": [
        0.8768210032226254,
        0.8900673084656863
    ],
    "Packets retransmitted per node AVG": [
        0.0,
        0.0
    ],
    "Counter of retransmission per packet AVG": [
        0.0,
        0.0
    ],
    "Intertime of retransmissions AVG": [
        0.0,
        0.0
    ],
    "Packets delivered": [
        0.9373765030020271,
        0.9442809144401849
    ],
    "Packets lost due to noise": [
        0.048646197070354114,
        0.054494585749432486
    ],
    "Packets collided": [
        0.0,
        0.0
    ],
    "Destinatary out of range": [
        0.0,
        0.0
    ],
    "Packets dropped": [
        0.0,
        0.0
    ],
    "Other causes of loss": [
        0.007013063903175188,
        0.008188735834826127
    ],
    "Queue MN Avg": [
        0.232493549354231,
        0.2325145773057738
    ],
    "Queue MN Var": [
        3.180213008207465e-08,
        3.655864791321741e-08
    ],
    "Queue BR Avg": [
        0.26929071226090534,
        0.270808241435504
    ],
    "Queue BR Var": [
        0.05434786744707984,
        0.06503365393480147
    ],
    "Upstream Delay Avg": [
        0.4591389833597975,
        0.45938101802003983
    ],
    "Upstream Delay 95th Perc": [
        0.8708346171904634,
        0.8710652543087934
    ],
    "Upstream Delay Var": [
        0.0697524617090293,
        0.06979289248198481
    ],
    "Downstream Delay Avg": [
        0.46499999999999125,
        0.4649999999999916
    ],
    "Downstream Delay 95th Perc": [
        0.46499999999999997,
        0.46499999999999997
    ],
    "Downstream Delay Var": [
        8.649793551501042e-29,
        9.018896440386192e-29
    ],
    "RTT Avg": [
        1299.9862449518566,
        1300.8901725929375
    ],
    "RTT 95th Perc": [
        2289.3421280384277,
        2290.356194464371
    ],
    "RTT Var": [
        403228.47409279406,
        403826.6538612992
    ]
}