{
    "Upstream PDR": [
        0.9930275232749489,
        0.9966043876712479
    ],
    "Downstream PDR": [
        0.0,
        0.0
    ],
    "TicToc PDR": [
        0.0,
        0.0
    ],
    "Packets retransmitted per node AVG": [
        0.0,
        0.0
    ],
    "Counter of retransmission per packet AVG": [
        0.0,
        0.0
    ],
    "Intertime of retransmissions AVG": [
        0.0,
        0.0
    ],
    "Packets delivered": [
        0.9930202523641812,
        0.9966156193752128
    ],
    "Packets lost due to noise": [
        0.002603450253278908,
        0.0035929119850486835
    ],
    "Packets collided": [
        0.0,
        0.0
    ],
    "Destinatary out of range": [
        0.0,
        0.0
    ],
    "Packets dropped": [
        0.0,
        0.0
    ],
    "Other causes of loss": [
        0.0003964914996983154,
        0.0037712745225797943
    ],
    "Queue MN Avg": [
        0.3373948627200412,
        0.3375565762980554
    ],
    "Queue MN Var": [
        5.991625494566327e-06,
        6.434761864943136e-06
    ],
    "Queue BR Avg": [
        0.0,
        0.0
    ],
    "Queue BR Var": [
        0.0,
        0.0
    ],
    "Upstream Delay Avg": [
        0.6685719389549405,
        0.6692775712349031
    ],
    "Upstream Delay 95th Perc": [
        1.2696266561434577,
        1.270029238057799
    ],
    "Upstream Delay Var": [
        0.14850114401931835,
        0.14858881150556458
    ],
    "Downstream Delay Avg": [
        0.0,
        0.0
    ],
    "Downstream Delay 95th Perc": [
        0.0,
        0.0
    ],
    "Downstream Delay Var": [
        0.0,
        0.0
    ],
    "RTT Avg": [
        0.0,
        0.0
    ],
    "RTT 95th Perc": [
        0.0,
        0.0
    ],
    "RTT Var": [
        0.0,
        0.0
    ]
}