{
    "Upstream PDR": [
        0.9969010146571409,
        0.9976011498450237
    ],
    "Downstream PDR": [
        0.9742671841630984,
        0.976112908667934
    ],
    "TicToc PDR": [
        0.9713743978813113,
        0.9736472471403338
    ],
    "Packets retransmitted per node AVG": [
        0.0,
        0.0
    ],
    "Counter of retransmission per packet AVG": [
        0.0,
        0.0
    ],
    "Intertime of retransmissions AVG": [
        0.0,
        0.0
    ],
    "Packets delivered": [
        0.9856808348695002,
        0.9868208124329924
    ],
    "Packets lost due to noise": [
        0.012164405868297274,
        0.013191542974338295
    ],
    "Packets collided": [
        0.0,
        0.0
    ],
    "Destinatary out of range": [
        0.0,
        0.0
    ],
    "Packets dropped": [
        0.0,
        0.0
    ],
    "Other causes of loss": [
        0.001006448016104783,
        0.0011359558387672459
    ],
    "Queue MN Avg": [
        0.2324832628043281,
        0.2325058507822408
    ],
    "Queue MN Var": [
        3.112562700858488e-08,
        3.639729782985205e-08
    ],
    "Queue BR Avg": [
        0.18295723057841845,
        0.18308289188673987
    ],
    "Queue BR Var": [
        0.005700636985691311,
        0.007262422985881677
    ],
    "Upstream Delay Avg": [
        0.45913418913163323,
        0.4593522364770542
    ],
    "Upstream Delay 95th Perc": [
        0.870783182516102,
        0.8710046638281269
    ],
    "Upstream Delay Var": [
        0.06975673614159926,
        0.06977003721249235
    ],
    "Downstream Delay Avg": [
        0.4650000000271574,
        0.46500000003042247
    ],
    "Downstream Delay 95th Perc": [
        0.465000003161587,
        0.4650000031849388
    ],
    "Downstream Delay Var": [
        5.033873706220876e-18,
        5.1989709224349196e-18
    ],
    "RTT Avg": [
        1299.893546038628,
        1300.3482404271674
    ],
    "RTT 95th Perc": [
        2289.792807317047,
        2290.085029422141
    ],
    "RTT Var": [
        403528.4294286461,
        403723.73040813196
    ]
}