{
    "Upstream PDR": [
        0.968520224829687,
        0.9713533682439061
    ],
    "Downstream PDR": [
        0.9129118234367135,
        0.916950385894512
    ],
    "TicToc PDR": [
        0.8844803535408946,
        0.8904027633422221
    ],
    "Packets retransmitted per node AVG": [
        0.0,
        0.0
    ],
    "Counter of retransmission per packet AVG": [
        0.0,
        0.0
    ],
    "Intertime of retransmissions AVG": [
        0.0,
        0.0
    ],
    "Packets delivered": [
        0.9414385832077368,
        0.9444834282665147
    ],
    "Packets lost due to noise": [
        0.0486366413587557,
        0.051242242539148664
    ],
    "Packets collided": [
        0.0,
        0.0
    ],
    "Destinatary out of range": [
        0.0,
        0.0
    ],
    "Packets dropped": [
        0.0,
        0.0
    ],
    "Other causes of loss": [
        0.006851885785362963,
        0.007347218842480818
    ],
    "Queue MN Avg": [
        0.2324832628043281,
        0.2325058507822408
    ],
    "Queue MN Var": [
        3.112562700858488e-08,
        3.639729782985205e-08
    ],
    "Queue BR Avg": [
        0.27017840854231345,
        0.270964097949276
    ],
    "Queue BR Var": [
        0.009173360973664571,
        0.01226992018389442
    ],
    "Upstream Delay Avg": [
        0.4591335315801413,
        0.45938506541373875
    ],
    "Upstream Delay 95th Perc": [
        0.8707974713263088,
        0.8710146138552345
    ],
    "Upstream Delay Var": [
        0.06975619421615852,
        0.06979693775282107
    ],
    "Downstream Delay Avg": [
        0.4650000000130684,
        0.46500000001745545
    ],
    "Downstream Delay 95th Perc": [
        0.4650000031374075,
        0.46500000317213175
    ],
    "Downstream Delay Var": [
        5.010067304828488e-18,
        5.171753651845334e-18
    ],
    "RTT Avg": [
        1299.52255146767,
        1300.3812051901764
    ],
    "RTT 95th Perc": [
        2288.622027931696,
        2289.422323133891
    ],
    "RTT Var": [
        403200.2725506357,
        403639.0964161214
    ]
}