{
    "Upstream PDR": [
        0.9187579854558434,
        0.9218253169560302
    ],
    "Downstream PDR": [
        0.910998853255703,
        0.9120141540392561
    ],
    "TicToc PDR": [
        0.837416961107782,
        0.8402854507660587
    ],
    "Packets retransmitted per node AVG": [
        0.0,
        0.0
    ],
    "Counter of retransmission per packet AVG": [
        0.0,
        0.0
    ],
    "Intertime of retransmissions AVG": [
        0.0,
        0.0
    ],
    "Packets delivered": [
        0.9419494305245524,
        0.9437251672077176
    ],
    "Packets lost due to noise": [
        0.04842209760702239,
        0.04902979338292114
    ],
    "Packets collided": [
        -3.4406956785076147e-06,
        2.189601296013133e-05
    ],
    "Destinatary out of range": [
        -6.174482469842922e-07,
        3.6304951550458894e-06
    ],
    "Packets dropped": [
        0.0,
        0.0
    ],
    "Other causes of loss": [
        0.00756461190384557,
        0.0092874310097514
    ],
    "Queue MN Avg": [
        35.7353141842112,
        35.755143245532544
    ],
    "Queue MN Var": [
        0.07777296404319889,
        0.08271987763363048
    ],
    "Queue BR Avg": [
        1.3698746666780812,
        1.374166975070762
    ],
    "Queue BR Var": [
        0.6110109336320342,
        0.6376773162897635
    ],
    "Upstream Delay Avg": [
        71.45141080693604,
        71.49506505981115
    ],
    "Upstream Delay 95th Perc": [
        125.29805007400071,
        125.33920679964044
    ],
    "Upstream Delay Var": [
        1193.19107295756,
        1193.7829852482917
    ],
    "Downstream Delay Avg": [
        1.0648992501526,
        1.0654754416747996
    ],
    "Downstream Delay 95th Perc": [
        1.064369183080158,
        1.0690838921278478
    ],
    "Downstream Delay Var": [
        -0.00017789860234313821,
        0.0008721611098490845
    ],
    "RTT Avg": [
        1299.9948762527365,
        1300.7882348767444
    ],
    "RTT 95th Perc": [
        2289.440454192338,
        2290.3109009475925
    ],
    "RTT Var": [
        403475.6893678172,
        404020.96604371764
    ]
}