{
    "Upstream PDR": [
        0.9954432753010929,
        0.9973697117118943
    ],
    "Downstream PDR": [
        0.9712200485405142,
        0.9767768417263998
    ],
    "TicToc PDR": [
        0.9672084226690844,
        0.9738097591490974
    ],
    "Packets retransmitted per node AVG": [
        0.0,
        0.0
    ],
    "Counter of retransmission per packet AVG": [
        0.0,
        0.0
    ],
    "Intertime of retransmissions AVG": [
        0.0,
        0.0
    ],
    "Packets delivered": [
        0.9834893864034714,
        0.9868181766949632
    ],
    "Packets lost due to noise": [
        0.01214673223657037,
        0.015134984756600004
    ],
    "Packets collided": [
        0.0,
        0.0
    ],
    "Destinatary out of range": [
        0.0,
        0.0
    ],
    "Packets dropped": [
        0.0,
        0.0
    ],
    "Other causes of loss": [
        0.00102552384201212,
        0.0013851960663822645
    ],
    "Queue MN Avg": [
        0.15750735524841583,
        0.15752651178847069
    ],
    "Queue MN Var": [
        2.123462199630079e-08,
        2.5454434928505526e-08
    ],
    "Queue BR Avg": [
        0.08252088658042288,
        0.08268042140902028
    ],
    "Queue BR Var": [
        0.011775695459597188,
        0.013400838038739918
    ],
    "Upstream Delay Avg": [
        0.30908575471432054,
        0.3093283019936697
    ],
    "Upstream Delay 95th Perc": [
        0.5857648929798747,
        0.5860187037621827
    ],
    "Upstream Delay Var": [
        0.03151549478957966,
        0.03152504424815111
    ],
    "Downstream Delay Avg": [
        0.31499999999999784,
        0.31499999999999795
    ],
    "Downstream Delay 95th Perc": [
        0.31499999999999995,
        0.31500000000000006
    ],
    "Downstream Delay Var": [
        3.7608408481151366e-30,
        3.768683242204572e-30
    ],
    "RTT Avg": [
        1299.725639333743,
        1300.1583224276178
    ],
    "RTT 95th Perc": [
        2289.527148054968,
        2289.8897315496924
    ],
    "RTT Var": [
        403565.13099551894,
        403790.3445131479
    ]
}