{
    "Upstream PDR": [
        0.9035498150370113,
        0.9057211806339848
    ],
    "Downstream PDR": [
        0.8475297237955163,
        0.8501837524820474
    ],
    "TicToc PDR": [
        0.766020277821474,
        0.769806562005366
    ],
    "Packets retransmitted per node AVG": [
        0.0,
        0.0
    ],
    "Counter of retransmission per packet AVG": [
        0.0,
        0.0
    ],
    "Intertime of retransmissions AVG": [
        0.0,
        0.0
    ],
    "Packets delivered": [
        0.8768782902362618,
        0.8790770496566472
    ],
    "Packets lost due to noise": [
        0.10162165093232992,
        0.10346342403318415
    ],
    "Packets collided": [
        0.0,
        0.0
    ],
    "Destinatary out of range": [
        0.0,
        0.0
    ],
    "Packets dropped": [
        0.0,
        0.0
    ],
    "Other causes of loss": [
        0.019189670320741925,
        0.019769914820834476
    ],
    "Queue MN Avg": [
        0.2325007544959271,
        0.23252312548243687
    ],
    "Queue MN Var": [
        3.03585904732285e-08,
        3.439627089144688e-08
    ],
    "Queue BR Avg": [
        0.33164906209815015,
        0.33244390182391914
    ],
    "Queue BR Var": [
        0.03722085658893129,
        0.040807667387214766
    ],
    "Upstream Delay Avg": [
        0.4589958674892203,
        0.4593245564049382
    ],
    "Upstream Delay 95th Perc": [
        0.8707808519566982,
        0.8710569058182167
    ],
    "Upstream Delay Var": [
        0.0697507469614373,
        0.0698207333894027
    ],
    "Downstream Delay Avg": [
        0.4650000000053115,
        0.4650000000105857
    ],
    "Downstream Delay 95th Perc": [
        0.46500000312868944,
        0.46500000315470486
    ],
    "Downstream Delay Var": [
        3.896775487270316e-18,
        3.960912322196702e-18
    ],
    "RTT Avg": [
        1298.3171379729126,
        1301.23078963058
    ],
    "RTT 95th Perc": [
        2286.2636605213347,
        2288.847461983978
    ],
    "RTT Var": [
        402261.7638001295,
        404037.4802055366
    ]
}