{
    "Upstream PDR": [
        0.9407873951792979,
        0.9439539777335039
    ],
    "Downstream PDR": [
        0.9743363280854344,
        0.9749419016407396
    ],
    "TicToc PDR": [
        0.9169816770503723,
        0.9199585826898871
    ],
    "Packets retransmitted per node AVG": [
        0.0,
        0.0
    ],
    "Counter of retransmission per packet AVG": [
        0.0,
        0.0
    ],
    "Intertime of retransmissions AVG": [
        0.0,
        0.0
    ],
    "Packets delivered": [
        0.9847880867811077,
        0.9864961694390947
    ],
    "Packets lost due to noise": [
        0.01215104429616173,
        0.012393565844256712
    ],
    "Packets collided": [
        -3.1362045108840527e-06,
        1.9893919946631348e-05
    ],
    "Destinatary out of range": [
        -1.7871831531935075e-07,
        5.510621077898146e-07
    ],
    "Packets dropped": [
        0.0,
        0.0
    ],
    "Other causes of loss": [
        0.0012310361829340056,
        0.0029229673972168894
    ],
    "Queue MN Avg": [
        35.7353141842112,
        35.755143245532544
    ],
    "Queue MN Var": [
        0.07777296404319889,
        0.08271987763363048
    ],
    "Queue BR Avg": [
        0.9228023654084135,
        0.9257435251118012
    ],
    "Queue BR Var": [
        0.2712075059468844,
        0.2864822480294547
    ],
    "Upstream Delay Avg": [
        71.45135367886796,
        71.49322271669838
    ],
    "Upstream Delay 95th Perc": [
        125.29070933725826,
        125.33108168218341
    ],
    "Upstream Delay Var": [
        1193.1558777258854,
        1193.271994421638
    ],
    "Downstream Delay Avg": [
        1.064953983937212,
        1.065292305611664
    ],
    "Downstream Delay 95th Perc": [
        1.0643691830989017,
        1.0690838924360475
    ],
    "Downstream Delay Var": [
        -9.010570300081513e-05,
        0.0005739379153604455
    ],
    "RTT Avg": [
        1299.7242361132946,
        1300.3622931481448
    ],
    "RTT 95th Perc": [
        2289.7539423393755,
        2290.1148168507343
    ],
    "RTT Var": [
        403481.2783057593,
        403787.61633808725
    ]
}