{
    "Upstream PDR": [
        0.9667640433015926,
        0.9701905021529525
    ],
    "Downstream PDR": [
        0.913854736504325,
        0.918148054239583
    ],
    "TicToc PDR": [
        0.8840903229892908,
        0.8901875990886309
    ],
    "Packets retransmitted per node AVG": [
        0.0,
        0.0
    ],
    "Counter of retransmission per packet AVG": [
        0.0,
        0.0
    ],
    "Intertime of retransmissions AVG": [
        0.0,
        0.0
    ],
    "Packets delivered": [
        0.9412566518542165,
        0.9443662714778369
    ],
    "Packets lost due to noise": [
        0.04846645762970834,
        0.05095345809263072
    ],
    "Packets collided": [
        0.0,
        0.0
    ],
    "Destinatary out of range": [
        0.0,
        0.0
    ],
    "Packets dropped": [
        0.0,
        0.0
    ],
    "Other causes of loss": [
        0.0067392016699366715,
        0.008217959275670827
    ],
    "Queue MN Avg": [
        0.307468757961982,
        0.3074982418875662
    ],
    "Queue MN Var": [
        6.435141246015331e-08,
        7.156453739791929e-08
    ],
    "Queue BR Avg": [
        0.4756887923626022,
        0.47737205921254167
    ],
    "Queue BR Var": [
        0.02401039319918196,
        0.030772486411979938
    ],
    "Upstream Delay Avg": [
        0.6089310783185679,
        0.6094318039301209
    ],
    "Upstream Delay 95th Perc": [
        1.155693059619589,
        1.1559959856722972
    ],
    "Upstream Delay Var": [
        0.1229941440306874,
        0.12305160237274798
    ],
    "Downstream Delay Avg": [
        0.615000000025892,
        0.6150000000315345
    ],
    "Downstream Delay 95th Perc": [
        0.6150000049421707,
        0.6150000050626825
    ],
    "Downstream Delay Var": [
        9.135756987216526e-18,
        9.407521214994388e-18
    ],
    "RTT Avg": [
        1299.8237499067395,
        1300.4571826755168
    ],
    "RTT 95th Perc": [
        2288.967664314763,
        2289.8467296029894
    ],
    "RTT Var": [
        403307.95218919043,
        403824.4557789966
    ]
}