{
    "Upstream PDR": [
        0.9741636296600674,
        0.9754467599503222
    ],
    "Downstream PDR": [
        0.9106309629955857,
        0.9136875026813934
    ],
    "TicToc PDR": [
        0.8873324535398115,
        0.8910311828238251
    ],
    "Packets retransmitted per node AVG": [
        0.0,
        0.0
    ],
    "Counter of retransmission per packet AVG": [
        0.0,
        0.0
    ],
    "Intertime of retransmissions AVG": [
        0.0,
        0.0
    ],
    "Packets delivered": [
        0.9430642248245505,
        0.9449188099024765
    ],
    "Packets lost due to noise": [
        0.04803503111508597,
        0.04961161663936559
    ],
    "Packets collided": [
        0.0,
        0.0
    ],
    "Destinatary out of range": [
        0.0,
        0.0
    ],
    "Packets dropped": [
        0.0,
        0.0
    ],
    "Other causes of loss": [
        0.006941732703218893,
        0.007428584815302752
    ],
    "Queue MN Avg": [
        0.08249282620784931,
        0.08251178095590925
    ],
    "Queue MN Var": [
        6.183908284815014e-09,
        8.218731502728066e-09
    ],
    "Queue BR Avg": [
        0.032147937684883915,
        0.0321901365790901
    ],
    "Queue BR Var": [
        0.00037007962008616226,
        0.0004178941617016095
    ],
    "Upstream Delay Avg": [
        0.15912541298206526,
        0.1594505537711012
    ],
    "Upstream Delay 95th Perc": [
        0.30069334474927095,
        0.3009717715376434
    ],
    "Upstream Delay Var": [
        0.0082645969354533,
        0.008271784333654227
    ],
    "Downstream Delay Avg": [
        0.16500000000037673,
        0.16500000000668763
    ],
    "Downstream Delay 95th Perc": [
        0.16500000173941387,
        0.16500000197491183
    ],
    "Downstream Delay Var": [
        1.2510793850611673e-18,
        1.4355553449391588e-18
    ],
    "RTT Avg": [
        1298.1895670704805,
        1300.7962855864869
    ],
    "RTT 95th Perc": [
        2288.739424891935,
        2290.4849833181984
    ],
    "RTT Var": [
        402853.1137418183,
        404322.0536453762
    ]
}