{
    "Upstream PDR": [
        0.9946379751725104,
        0.9981369166023811
    ],
    "Downstream PDR": [
        0.9747495875966968,
        0.975343087200902
    ],
    "TicToc PDR": [
        0.9699109162135862,
        0.9731332396305694
    ],
    "Packets retransmitted per node AVG": [
        0.0,
        0.0
    ],
    "Counter of retransmission per packet AVG": [
        0.0,
        0.0
    ],
    "Intertime of retransmissions AVG": [
        0.0,
        0.0
    ],
    "Packets delivered": [
        0.984769600470465,
        0.9865025802158377
    ],
    "Packets lost due to noise": [
        0.012214467728099965,
        0.01247851180527448
    ],
    "Packets collided": [
        -9.459005389691295e-07,
        5.469748710074317e-06
    ],
    "Destinatary out of range": [
        -1.502643549466089e-07,
        9.727951203239273e-07
    ],
    "Packets dropped": [
        0.0,
        0.0
    ],
    "Other causes of loss": [
        0.0011230005261607763,
        0.002906492875225009
    ],
    "Queue MN Avg": [
        0.4574908872145862,
        0.4575242005156106
    ],
    "Queue MN Var": [
        1.2319017233109694e-07,
        1.3886863573732195e-07
    ],
    "Queue BR Avg": [
        0.7185781721000818,
        0.7210951114459544
    ],
    "Queue BR Var": [
        0.17120564097942537,
        0.18269790873650593
    ],
    "Upstream Delay Avg": [
        0.9086560566237107,
        0.9093017719052428
    ],
    "Upstream Delay 95th Perc": [
        1.7257478870763596,
        1.7260105006472415
    ],
    "Upstream Delay Var": [
        0.27449401975355003,
        0.27453605480697296
    ],
    "Downstream Delay Avg": [
        0.9149948490772849,
        0.9150245685005683
    ],
    "Downstream Delay 95th Perc": [
        0.9150000061583983,
        0.91500000634814
    ],
    "Downstream Delay Var": [
        -9.256314901255737e-06,
        4.4296736692904444e-05
    ],
    "RTT Avg": [
        1299.697308100712,
        1300.1582202134448
    ],
    "RTT 95th Perc": [
        2289.862566432613,
        2290.144998882673
    ],
    "RTT Var": [
        403621.2516233711,
        403839.10836054623
    ]
}