{
    "Upstream PDR": [
        0.8868650545498044,
        0.8995150320302822
    ],
    "Downstream PDR": [
        0.8443357373394585,
        0.8612328554175158
    ],
    "TicToc PDR": [
        0.7496171411054243,
        0.774610564522281
    ],
    "Packets retransmitted per node AVG": [
        0.0,
        0.0
    ],
    "Counter of retransmission per packet AVG": [
        0.0,
        0.0
    ],
    "Intertime of retransmissions AVG": [
        0.0,
        0.0
    ],
    "Packets delivered": [
        0.8670473807595432,
        0.8811303345573401
    ],
    "Packets lost due to noise": [
        0.09876423877616103,
        0.11057341128556641
    ],
    "Packets collided": [
        -2.0371626025305373e-07,
        6.281410585451683e-07
    ],
    "Destinatary out of range": [
        -2.0901156346298415e-07,
        6.44468657331204e-07
    ],
    "Packets dropped": [
        0.0,
        0.0
    ],
    "Other causes of loss": [
        0.019727744099743722,
        0.022756030639753216
    ],
    "Queue MN Avg": [
        0.4575029284162112,
        0.45752699704376765
    ],
    "Queue MN Var": [
        1.2154578876961784e-07,
        1.3425771584941164e-07
    ],
    "Queue BR Avg": [
        1.2814300865298653,
        1.2997001557928485
    ],
    "Queue BR Var": [
        0.48518835451241454,
        0.5949295765597317
    ],
    "Upstream Delay Avg": [
        0.9086421318027595,
        0.9095781244658772
    ],
    "Upstream Delay 95th Perc": [
        1.725611009688329,
        1.7259931469852132
    ],
    "Upstream Delay Var": [
        0.2744637927889677,
        0.2746225617536825
    ],
    "Downstream Delay Avg": [
        0.914997764262788,
        0.9150344291486381
    ],
    "Downstream Delay 95th Perc": [
        0.9149999999999994,
        0.9149999999999994
    ],
    "Downstream Delay Var": [
        -4.019556474378594e-06,
        6.220982977584108e-05
    ],
    "RTT Avg": [
        1299.7672854752213,
        1301.0312699908523
    ],
    "RTT 95th Perc": [
        2288.92573713918,
        2289.9824568230893
    ],
    "RTT Var": [
        403390.10399041616,
        404097.9805078524
    ]
}