{
    "Upstream PDR": [
        0.9956703149337266,
        0.9974959188325075
    ],
    "Downstream PDR": [
        0.0,
        0.0
    ],
    "TicToc PDR": [
        0.0,
        0.0
    ],
    "Packets retransmitted per node AVG": [
        0.0,
        0.0
    ],
    "Counter of retransmission per packet AVG": [
        0.0,
        0.0
    ],
    "Intertime of retransmissions AVG": [
        0.0,
        0.0
    ],
    "Packets delivered": [
        0.9956755279812091,
        0.9974975728953626
    ],
    "Packets lost due to noise": [
        0.0024973768354933663,
        0.004207311026570697
    ],
    "Packets collided": [
        0.0,
        0.0
    ],
    "Destinatary out of range": [
        0.0,
        0.0
    ],
    "Packets dropped": [
        0.0,
        0.0
    ],
    "Other causes of loss": [
        -8.08465921751231e-06,
        0.00013029592058202445
    ],
    "Queue MN Avg": [
        0.10499057763951108,
        0.10500614961826527
    ],
    "Queue MN Var": [
        9.440398981347613e-09,
        1.1724103216077275e-08
    ],
    "Queue BR Avg": [
        0.0,
        0.0
    ],
    "Queue BR Var": [
        0.0,
        0.0
    ],
    "Upstream Delay Avg": [
        0.2040778542208536,
        0.2043226589886775
    ],
    "Upstream Delay 95th Perc": [
        0.3861712046760246,
        0.3864258682155184
    ],
    "Upstream Delay Var": [
        0.01366728066280808,
        0.01367096296053464
    ],
    "Downstream Delay Avg": [
        0.0,
        0.0
    ],
    "Downstream Delay 95th Perc": [
        0.0,
        0.0
    ],
    "Downstream Delay Var": [
        0.0,
        0.0
    ],
    "RTT Avg": [
        0.0,
        0.0
    ],
    "RTT 95th Perc": [
        0.0,
        0.0
    ],
    "RTT Var": [
        0.0,
        0.0
    ]
}