{
    "Upstream PDR": [
        0.9132286620482509,
        0.9173598351688176
    ],
    "Downstream PDR": [
        0.9124351017389236,
        0.9156509429515669
    ],
    "TicToc PDR": [
        0.8337109249299982,
        0.839555865422506
    ],
    "Packets retransmitted per node AVG": [
        0.0,
        0.0
    ],
    "Counter of retransmission per packet AVG": [
        0.0,
        0.0
    ],
    "Intertime of retransmissions AVG": [
        0.0,
        0.0
    ],
    "Packets delivered": [
        0.9399728345489039,
        0.943275435398525
    ],
    "Packets lost due to noise": [
        0.04907133927224604,
        0.05097061012889334
    ],
    "Packets collided": [
        -5.914190395791055e-07,
        1.0421373550324273e-05
    ],
    "Destinatary out of range": [
        -2.766019648837124e-07,
        1.790691058376812e-06
    ],
    "Packets dropped": [
        0.0,
        0.0
    ],
    "Other causes of loss": [
        0.00738826103850282,
        0.009310175569324636
    ],
    "Queue MN Avg": [
        35.74721440348576,
        35.77119622381915
    ],
    "Queue MN Var": [
        0.07819415112126654,
        0.08432095484710347
    ],
    "Queue BR Avg": [
        1.3614977496392284,
        1.3674830600147505
    ],
    "Queue BR Var": [
        0.13402903526338358,
        0.17645809404670357
    ],
    "Upstream Delay Avg": [
        71.47842279280331,
        71.531202623229
    ],
    "Upstream Delay 95th Perc": [
        125.30508653269233,
        125.35750273333512
    ],
    "Upstream Delay Var": [
        1192.7038588098637,
        1193.1949232578306
    ],
    "Downstream Delay Avg": [
        1.0649872752489087,
        1.0652390790909159
    ],
    "Downstream Delay 95th Perc": [
        1.0650000064405338,
        1.0650000068478165
    ],
    "Downstream Delay Var": [
        -2.5569105003080096e-05,
        0.000489507085528618
    ],
    "RTT Avg": [
        1299.9195396388484,
        1300.6085508195026
    ],
    "RTT 95th Perc": [
        2288.651823956261,
        2289.540474047826
    ],
    "RTT Var": [
        403088.3385270199,
        403498.39037164924
    ]
}