{
    "Upstream PDR": [
        0.9925038352316408,
        0.9955642091927558
    ],
    "Downstream PDR": [
        0.0,
        0.0
    ],
    "TicToc PDR": [
        0.0,
        0.0
    ],
    "Packets retransmitted per node AVG": [
        0.0,
        0.0
    ],
    "Counter of retransmission per packet AVG": [
        0.0,
        0.0
    ],
    "Intertime of retransmissions AVG": [
        0.0,
        0.0
    ],
    "Packets delivered": [
        0.9927740019076551,
        0.9958118607672527
    ],
    "Packets lost due to noise": [
        0.0027013398478303516,
        0.0035126459834390516
    ],
    "Packets collided": [
        0.0,
        0.0
    ],
    "Destinatary out of range": [
        0.0,
        0.0
    ],
    "Packets dropped": [
        0.0,
        0.0
    ],
    "Other causes of loss": [
        0.0011306597327016756,
        0.004069491761121501
    ],
    "Queue MN Avg": [
        0.47991706896654945,
        0.480235313293702
    ],
    "Queue MN Var": [
        -3.0584990539192292e-06,
        5.141377202606964e-05
    ],
    "Queue BR Avg": [
        0.0,
        0.0
    ],
    "Queue BR Var": [
        0.0,
        0.0
    ],
    "Upstream Delay Avg": [
        0.9532334668285469,
        0.9544970769352423
    ],
    "Upstream Delay 95th Perc": [
        1.8110819971019396,
        1.811413346617946
    ],
    "Upstream Delay Var": [
        0.30220681832829016,
        0.30244507594986686
    ],
    "Downstream Delay Avg": [
        0.0,
        0.0
    ],
    "Downstream Delay 95th Perc": [
        0.0,
        0.0
    ],
    "Downstream Delay Var": [
        0.0,
        0.0
    ],
    "RTT Avg": [
        0.0,
        0.0
    ],
    "RTT 95th Perc": [
        0.0,
        0.0
    ],
    "RTT Var": [
        0.0,
        0.0
    ]
}