{
    "Upstream PDR": [
        0.9392582353208182,
        0.9426200578146174
    ],
    "Downstream PDR": [
        0.9729939946884841,
        0.9761120436819276
    ],
    "TicToc PDR": [
        0.9146120204439825,
        0.9193864953259618
    ],
    "Packets retransmitted per node AVG": [
        0.0,
        0.0
    ],
    "Counter of retransmission per packet AVG": [
        0.0,
        0.0
    ],
    "Intertime of retransmissions AVG": [
        0.0,
        0.0
    ],
    "Packets delivered": [
        0.9835971842774262,
        0.9861890585556458
    ],
    "Packets lost due to noise": [
        0.012084279623621288,
        0.0138132286223358
    ],
    "Packets collided": [
        -8.957921241428342e-07,
        2.7620957325475458e-06
    ],
    "Destinatary out of range": [
        -3.5831684965713335e-07,
        1.104838293019018e-06
    ],
    "Packets dropped": [
        0.0,
        0.0
    ],
    "Other causes of loss": [
        0.001300564714223026,
        0.0030130713816966985
    ],
    "Queue MN Avg": [
        35.74763690392763,
        35.77498176291287
    ],
    "Queue MN Var": [
        0.08091083372017618,
        0.0857022028451637
    ],
    "Queue BR Avg": [
        0.921939128264022,
        0.9252054606033254
    ],
    "Queue BR Var": [
        0.44535736569776285,
        0.5147898009689438
    ],
    "Upstream Delay Avg": [
        71.47684472560135,
        71.53308840021592
    ],
    "Upstream Delay 95th Perc": [
        125.31638292899116,
        125.37159063728889
    ],
    "Upstream Delay Var": [
        1193.1364816191117,
        1193.2503416787295
    ],
    "Downstream Delay Avg": [
        1.0641084181081462,
        1.0677491138540198
    ],
    "Downstream Delay 95th Perc": [
        1.0633425927940374,
        1.0701104684304492
    ],
    "Downstream Delay Var": [
        -0.0009353722173500959,
        0.0028841374469086986
    ],
    "RTT Avg": [
        1300.059874629854,
        1300.3124863592286
    ],
    "RTT 95th Perc": [
        2289.5107425785855,
        2289.7016109374235
    ],
    "RTT Var": [
        403427.7368150745,
        403691.7280563401
    ]
}