{
    "Upstream PDR": [
        0.6541881801803163,
        0.6626216322294961
    ],
    "Downstream PDR": [
        0.8463281213904565,
        0.8599656039844725
    ],
    "TicToc PDR": [
        0.5540711294976505,
        0.5698203567938359
    ],
    "Packets retransmitted per node AVG": [
        0.0,
        0.0
    ],
    "Counter of retransmission per packet AVG": [
        0.0,
        0.0
    ],
    "Intertime of retransmissions AVG": [
        0.0,
        0.0
    ],
    "Packets delivered": [
        0.8687657111968015,
        0.880832161466844
    ],
    "Packets lost due to noise": [
        0.09900494329408002,
        0.10877766447011125
    ],
    "Packets collided": [
        0.0,
        0.0
    ],
    "Destinatary out of range": [
        0.0,
        0.0
    ],
    "Packets dropped": [
        0.0,
        0.0
    ],
    "Other causes of loss": [
        0.01984900677425242,
        0.022770512797910217
    ],
    "Queue MN Avg": [
        171.3298437902589,
        171.34959836303022
    ],
    "Queue MN Var": [
        0.08431926982735326,
        0.09024481915618542
    ],
    "Queue BR Avg": [
        2.1167524590628877,
        2.1495776988992383
    ],
    "Queue BR Var": [
        0.8678393039663449,
        1.1106105810680282
    ],
    "Upstream Delay Avg": [
        342.6778866534532,
        342.7949126802077
    ],
    "Upstream Delay 95th Perc": [
        603.453913124311,
        603.5494305098779
    ],
    "Upstream Delay Var": [
        27976.17430068363,
        27995.61047773343
    ],
    "Downstream Delay Avg": [
        1.3621642362931605,
        1.3737438264102861
    ],
    "Downstream Delay 95th Perc": [
        1.3583808197637401,
        1.3854096564267306
    ],
    "Downstream Delay Var": [
        -0.017208306054899494,
        0.05306028869598681
    ],
    "RTT Avg": [
        1298.8496124672852,
        1300.3535259646474
    ],
    "RTT 95th Perc": [
        2287.8334935679463,
        2288.7211254887566
    ],
    "RTT Var": [
        403189.28065722686,
        403921.1981954042
    ]
}