{
    "Upstream PDR": [
        0.8930802649126364,
        0.8984190857367145
    ],
    "Downstream PDR": [
        0.0,
        0.0
    ],
    "TicToc PDR": [
        0.0,
        0.0
    ],
    "Packets retransmitted per node AVG": [
        0.0,
        0.0
    ],
    "Counter of retransmission per packet AVG": [
        0.0,
        0.0
    ],
    "Intertime of retransmissions AVG": [
        0.0,
        0.0
    ],
    "Packets delivered": [
        0.892708147271035,
        0.8980972876498228
    ],
    "Packets lost due to noise": [
        0.09402483228492302,
        0.09766832783204442
    ],
    "Packets collided": [
        -2.93383490917776e-07,
        9.0462202828508e-07
    ],
    "Destinatary out of range": [
        0.0,
        0.0
    ],
    "Packets dropped": [
        0.0,
        0.0
    ],
    "Other causes of loss": [
        0.007098010888281623,
        0.010402782835355893
    ],
    "Queue MN Avg": [
        0.3824770261510992,
        0.38252777094804197
    ],
    "Queue MN Var": [
        4.7179673002563844e-07,
        5.198405845973273e-07
    ],
    "Queue BR Avg": [
        0.0,
        0.0
    ],
    "Queue BR Var": [
        0.0,
        0.0
    ],
    "Upstream Delay Avg": [
        0.7587912386966134,
        0.7592706813857528
    ],
    "Upstream Delay 95th Perc": [
        1.440638624646968,
        1.4409963378965187
    ],
    "Upstream Delay Var": [
        0.19119025153676067,
        0.19132326669530375
    ],
    "Downstream Delay Avg": [
        0.0,
        0.0
    ],
    "Downstream Delay 95th Perc": [
        0.0,
        0.0
    ],
    "Downstream Delay Var": [
        0.0,
        0.0
    ],
    "RTT Avg": [
        0.0,
        0.0
    ],
    "RTT 95th Perc": [
        0.0,
        0.0
    ],
    "RTT Var": [
        0.0,
        0.0
    ]
}