{
    "Upstream PDR": [
        0.8878109527844685,
        0.901322813449298
    ],
    "Downstream PDR": [
        0.8428671643923298,
        0.8615489726068648
    ],
    "TicToc PDR": [
        0.7492011429163419,
        0.7765235324083335
    ],
    "Packets retransmitted per node AVG": [
        0.0,
        0.0
    ],
    "Counter of retransmission per packet AVG": [
        0.0,
        0.0
    ],
    "Intertime of retransmissions AVG": [
        0.0,
        0.0
    ],
    "Packets delivered": [
        0.8669061383124925,
        0.8823418773102298
    ],
    "Packets lost due to noise": [
        0.09809256185535178,
        0.11105998196841374
    ],
    "Packets collided": [
        0.0,
        0.0
    ],
    "Destinatary out of range": [
        0.0,
        0.0
    ],
    "Packets dropped": [
        0.0,
        0.0
    ],
    "Other causes of loss": [
        0.019319307412187348,
        0.02228013314132469
    ],
    "Queue MN Avg": [
        0.3074686087425857,
        0.3075003099468529
    ],
    "Queue MN Var": [
        5.708560066376529e-08,
        6.419458189012216e-08
    ],
    "Queue BR Avg": [
        0.5747833682557311,
        0.5835306322832869
    ],
    "Queue BR Var": [
        0.1464013224304933,
        0.18321198702420483
    ],
    "Upstream Delay Avg": [
        0.6090084294385504,
        0.6093838110223847
    ],
    "Upstream Delay 95th Perc": [
        1.1557731090520615,
        1.156089436391424
    ],
    "Upstream Delay Var": [
        0.12300527337018563,
        0.123146224478353
    ],
    "Downstream Delay Avg": [
        0.614999999999448,
        0.6150000000001863
    ],
    "Downstream Delay 95th Perc": [
        0.6149999999999994,
        0.6149999999999994
    ],
    "Downstream Delay Var": [
        -8.532000236575044e-21,
        2.6307667748334667e-20
    ],
    "RTT Avg": [
        1299.125990454748,
        1301.2380460941179
    ],
    "RTT 95th Perc": [
        2288.3674094382973,
        2289.80997737968
    ],
    "RTT Var": [
        403143.6817647677,
        404284.7800801009
    ]
}