{
    "Upstream PDR": [
        0.9645971691268563,
        0.9708112724315853
    ],
    "Downstream PDR": [
        0.0,
        0.0
    ],
    "TicToc PDR": [
        0.0,
        0.0
    ],
    "Packets retransmitted per node AVG": [
        0.0,
        0.0
    ],
    "Counter of retransmission per packet AVG": [
        0.0,
        0.0
    ],
    "Intertime of retransmissions AVG": [
        0.0,
        0.0
    ],
    "Packets delivered": [
        0.9646659053911504,
        0.9708936096360337
    ],
    "Packets lost due to noise": [
        0.027449847083301095,
        0.030877778149886022
    ],
    "Packets collided": [
        0.0,
        0.0
    ],
    "Destinatary out of range": [
        0.0,
        0.0
    ],
    "Packets dropped": [
        0.0,
        0.0
    ],
    "Other causes of loss": [
        0.0013444316119127606,
        0.004768428127715656
    ],
    "Queue MN Avg": [
        0.3824585920959809,
        0.3825128493320633
    ],
    "Queue MN Var": [
        4.914959908797586e-07,
        5.288978267119224e-07
    ],
    "Queue BR Avg": [
        0.0,
        0.0
    ],
    "Queue BR Var": [
        0.0,
        0.0
    ],
    "Upstream Delay Avg": [
        0.7587408203143208,
        0.759293057064594
    ],
    "Upstream Delay 95th Perc": [
        1.4407588593025689,
        1.4410741421776025
    ],
    "Upstream Delay Var": [
        0.19123893971528655,
        0.19131709702138916
    ],
    "Downstream Delay Avg": [
        0.0,
        0.0
    ],
    "Downstream Delay 95th Perc": [
        0.0,
        0.0
    ],
    "Downstream Delay Var": [
        0.0,
        0.0
    ],
    "RTT Avg": [
        0.0,
        0.0
    ],
    "RTT 95th Perc": [
        0.0,
        0.0
    ],
    "RTT Var": [
        0.0,
        0.0
    ]
}