{
    "Upstream PDR": [
        0.901832311616895,
        0.9060014546168716
    ],
    "Downstream PDR": [
        0.0,
        0.0
    ],
    "TicToc PDR": [
        0.0,
        0.0
    ],
    "Packets retransmitted per node AVG": [
        0.0,
        0.0
    ],
    "Counter of retransmission per packet AVG": [
        0.0,
        0.0
    ],
    "Intertime of retransmissions AVG": [
        0.0,
        0.0
    ],
    "Packets delivered": [
        0.9022061510073838,
        0.9060547958464438
    ],
    "Packets lost due to noise": [
        0.08952245616549129,
        0.0931339049845765
    ],
    "Packets collided": [
        0.0,
        0.0
    ],
    "Destinatary out of range": [
        0.0,
        0.0
    ],
    "Packets dropped": [
        0.0,
        0.0
    ],
    "Other causes of loss": [
        0.004298110197796249,
        0.00478458179830878
    ],
    "Queue MN Avg": [
        0.05943357757433752,
        0.06018674537518205
    ],
    "Queue MN Var": [
        9.792762217798432e-06,
        1.2536302786198114e-05
    ],
    "Queue BR Avg": [
        0.0,
        0.0
    ],
    "Queue BR Var": [
        0.0,
        0.0
    ],
    "Upstream Delay Avg": [
        0.11311934532462271,
        0.11466637271390022
    ],
    "Upstream Delay 95th Perc": [
        0.21385157372686062,
        0.2162990100313679
    ],
    "Upstream Delay Var": [
        0.004195140011611241,
        0.004209916771992057
    ],
    "Downstream Delay Avg": [
        0.0,
        0.0
    ],
    "Downstream Delay 95th Perc": [
        0.0,
        0.0
    ],
    "Downstream Delay Var": [
        0.0,
        0.0
    ],
    "RTT Avg": [
        0.0,
        0.0
    ],
    "RTT 95th Perc": [
        0.0,
        0.0
    ],
    "RTT Var": [
        0.0,
        0.0
    ]
}