{
    "Upstream PDR": [
        0.9028273303211694,
        0.9046012411074018
    ],
    "Downstream PDR": [
        0.0,
        0.0
    ],
    "TicToc PDR": [
        0.0,
        0.0
    ],
    "Packets retransmitted per node AVG": [
        0.0,
        0.0
    ],
    "Counter of retransmission per packet AVG": [
        0.0,
        0.0
    ],
    "Intertime of retransmissions AVG": [
        0.0,
        0.0
    ],
    "Packets delivered": [
        0.903017648179058,
        0.9048311613263585
    ],
    "Packets lost due to noise": [
        0.09095837666878948,
        0.0926442774037704
    ],
    "Packets collided": [
        0.0,
        0.0
    ],
    "Destinatary out of range": [
        0.0,
        0.0
    ],
    "Packets dropped": [
        0.0,
        0.0
    ],
    "Other causes of loss": [
        0.0041432670541478684,
        0.004405269367875885
    ],
    "Queue MN Avg": [
        0.1499926536324523,
        0.15000881390652382
    ],
    "Queue MN Var": [
        1.3752453484324924e-08,
        1.5899872018943937e-08
    ],
    "Queue BR Avg": [
        0.0,
        0.0
    ],
    "Queue BR Var": [
        0.0,
        0.0
    ],
    "Upstream Delay Avg": [
        0.29408338287231983,
        0.29427781842513245
    ],
    "Upstream Delay 95th Perc": [
        0.5572674896350546,
        0.5574749252400887
    ],
    "Upstream Delay Var": [
        0.028497448232317,
        0.028530975781729737
    ],
    "Downstream Delay Avg": [
        0.0,
        0.0
    ],
    "Downstream Delay 95th Perc": [
        0.0,
        0.0
    ],
    "Downstream Delay Var": [
        0.0,
        0.0
    ],
    "RTT Avg": [
        0.0,
        0.0
    ],
    "RTT 95th Perc": [
        0.0,
        0.0
    ],
    "RTT Var": [
        0.0,
        0.0
    ]
}