{
    "Upstream PDR": [
        0.9724918017923325,
        0.9753471592466285
    ],
    "Downstream PDR": [
        0.9123026639212806,
        0.9136142982152382
    ],
    "TicToc PDR": [
        0.8878049370877057,
        0.8904880499252814
    ],
    "Packets retransmitted per node AVG": [
        0.0,
        0.0
    ],
    "Counter of retransmission per packet AVG": [
        0.0,
        0.0
    ],
    "Intertime of retransmissions AVG": [
        0.0,
        0.0
    ],
    "Packets delivered": [
        0.9430144734085996,
        0.9445469259064593
    ],
    "Packets lost due to noise": [
        0.04794394147600882,
        0.04866994425819554
    ],
    "Packets collided": [
        -1.2001515054840896e-06,
        3.700560947530225e-06
    ],
    "Destinatary out of range": [
        0.0,
        0.0
    ],
    "Packets dropped": [
        0.0,
        0.0
    ],
    "Other causes of loss": [
        0.007115688539029087,
        0.00870652600226603
    ],
    "Queue MN Avg": [
        0.3824617411707468,
        0.38252377499659773
    ],
    "Queue MN Var": [
        4.800294936260195e-07,
        5.280495501124275e-07
    ],
    "Queue BR Avg": [
        0.7440853527241862,
        0.7462569644165935
    ],
    "Queue BR Var": [
        0.1789313519171444,
        0.1910927985711572
    ],
    "Upstream Delay Avg": [
        0.7589985004929258,
        0.7593828949903496
    ],
    "Upstream Delay 95th Perc": [
        1.4406685562545927,
        1.4409980229058643
    ],
    "Upstream Delay Var": [
        0.19119412393557683,
        0.19125369602737075
    ],
    "Downstream Delay Avg": [
        0.764994621038181,
        0.7650165857391704
    ],
    "Downstream Delay 95th Perc": [
        0.7650000054742867,
        0.7650000057930424
    ],
    "Downstream Delay Var": [
        -8.105173116069744e-06,
        2.4991583953612162e-05
    ],
    "RTT Avg": [
        1299.1046495584844,
        1300.474130681597
    ],
    "RTT 95th Perc": [
        2288.680383110934,
        2289.608573663742
    ],
    "RTT Var": [
        403069.85575150826,
        403748.12492624216
    ]
}