{
    "Upstream PDR": [
        0.9983149032263807,
        0.9985474344359568
    ],
    "Downstream PDR": [
        0.0,
        0.0
    ],
    "TicToc PDR": [
        0.0,
        0.0
    ],
    "Packets retransmitted per node AVG": [
        0.0,
        0.0
    ],
    "Counter of retransmission per packet AVG": [
        0.0,
        0.0
    ],
    "Intertime of retransmissions AVG": [
        0.0,
        0.0
    ],
    "Packets delivered": [
        0.99835513669117,
        0.9985846906524996
    ],
    "Packets lost due to noise": [
        0.0014063358771917787,
        0.0016391713943115578
    ],
    "Packets collided": [
        0.0,
        0.0
    ],
    "Destinatary out of range": [
        0.0,
        0.0
    ],
    "Packets dropped": [
        0.0,
        0.0
    ],
    "Other causes of loss": [
        -7.171330222811167e-07,
        1.5382517849533524e-05
    ],
    "Queue MN Avg": [
        0.05943357757433752,
        0.06018674537518205
    ],
    "Queue MN Var": [
        9.792762217798432e-06,
        1.2536302786198114e-05
    ],
    "Queue BR Avg": [
        0.0,
        0.0
    ],
    "Queue BR Var": [
        0.0,
        0.0
    ],
    "Upstream Delay Avg": [
        0.11309809284846545,
        0.11464467026951941
    ],
    "Upstream Delay 95th Perc": [
        0.2138515414338763,
        0.21629897921703806
    ],
    "Upstream Delay Var": [
        0.004202715626880562,
        0.004213910583479313
    ],
    "Downstream Delay Avg": [
        0.0,
        0.0
    ],
    "Downstream Delay 95th Perc": [
        0.0,
        0.0
    ],
    "Downstream Delay Var": [
        0.0,
        0.0
    ],
    "RTT Avg": [
        0.0,
        0.0
    ],
    "RTT 95th Perc": [
        0.0,
        0.0
    ],
    "RTT Var": [
        0.0,
        0.0
    ]
}