{
    "Upstream PDR": [
        0.9636540761150683,
        0.9702740624130706
    ],
    "Downstream PDR": [
        0.9104331597711687,
        0.9189767364858729
    ],
    "TicToc PDR": [
        0.8780481198079555,
        0.8910904083305724
    ],
    "Packets retransmitted per node AVG": [
        0.0,
        0.0
    ],
    "Counter of retransmission per packet AVG": [
        0.0,
        0.0
    ],
    "Intertime of retransmissions AVG": [
        0.0,
        0.0
    ],
    "Packets delivered": [
        0.9378285591693846,
        0.9446662793281081
    ],
    "Packets lost due to noise": [
        0.04800413111384014,
        0.052969773703000475
    ],
    "Packets collided": [
        -4.013688800092209e-07,
        1.2375854182818067e-06
    ],
    "Destinatary out of range": [
        -2.009211291228426e-07,
        6.195225190887579e-07
    ],
    "Packets dropped": [
        0.0,
        0.0
    ],
    "Other causes of loss": [
        0.007066240155699424,
        0.009463761712038936
    ],
    "Queue MN Avg": [
        0.4575029284162112,
        0.45752699704376765
    ],
    "Queue MN Var": [
        1.2154578876961784e-07,
        1.3425771584941164e-07
    ],
    "Queue BR Avg": [
        1.058232417413811,
        1.0654729500792053
    ],
    "Queue BR Var": [
        0.4206113921834259,
        0.4908391623251872
    ],
    "Upstream Delay Avg": [
        0.908334672699357,
        0.9094830853396733
    ],
    "Upstream Delay 95th Perc": [
        1.7256570403936955,
        1.72596995569659
    ],
    "Upstream Delay Var": [
        0.274423245092984,
        0.2745343947289087
    ],
    "Downstream Delay Avg": [
        0.9149923925970369,
        0.9150708341086764
    ],
    "Downstream Delay 95th Perc": [
        0.9149999999999994,
        0.9149999999999994
    ],
    "Downstream Delay Var": [
        -1.345609659926899e-05,
        0.00012669177732893813
    ],
    "RTT Avg": [
        1299.4938369157069,
        1300.2800528683476
    ],
    "RTT 95th Perc": [
        2289.1562068639473,
        2289.739887066297
    ],
    "RTT Var": [
        403476.51336596854,
        404223.5722935298
    ]
}