{
    "Upstream PDR": [
        0.9649569239131199,
        0.9707750241388278
    ],
    "Downstream PDR": [
        0.9103951974029646,
        0.9191682528991282
    ],
    "TicToc PDR": [
        0.8792196092113774,
        0.8916894816977136
    ],
    "Packets retransmitted per node AVG": [
        0.0,
        0.0
    ],
    "Counter of retransmission per packet AVG": [
        0.0,
        0.0
    ],
    "Intertime of retransmissions AVG": [
        0.0,
        0.0
    ],
    "Packets delivered": [
        0.938440361406607,
        0.9449462041465704
    ],
    "Packets lost due to noise": [
        0.04777521791427457,
        0.05292856275214097
    ],
    "Packets collided": [
        -2.4109581771971476e-07,
        7.433976157090006e-07
    ],
    "Destinatary out of range": [
        -2.4109581771971476e-07,
        7.433976157090006e-07
    ],
    "Packets dropped": [
        0.0,
        0.0
    ],
    "Other causes of loss": [
        0.006941772993125276,
        0.008966876183685758
    ],
    "Queue MN Avg": [
        0.382456644768673,
        0.3825239233242326
    ],
    "Queue MN Var": [
        4.917614994164173e-07,
        5.501853501018601e-07
    ],
    "Queue BR Avg": [
        0.7383481957215398,
        0.7427691028642006
    ],
    "Queue BR Var": [
        0.23579549284395615,
        0.276151626507842
    ],
    "Upstream Delay Avg": [
        0.7590720274694621,
        0.7593728931181011
    ],
    "Upstream Delay 95th Perc": [
        1.440893282104811,
        1.4411537013617606
    ],
    "Upstream Delay Var": [
        0.1912368368571224,
        0.19131753752275082
    ],
    "Downstream Delay Avg": [
        0.7649813519470894,
        0.7650574996209014
    ],
    "Downstream Delay 95th Perc": [
        0.7650000000000005,
        0.7650000000000005
    ],
    "Downstream Delay Var": [
        -2.7644827811849818e-05,
        8.524037984726339e-05
    ],
    "RTT Avg": [
        1299.7002023778828,
        1300.4824970118952
    ],
    "RTT 95th Perc": [
        2289.361051444148,
        2290.094888200112
    ],
    "RTT Var": [
        403662.7408425336,
        404067.2061776397
    ]
}