{
    "Upstream PDR": [
        0.7155732902125715,
        0.7178160315767506
    ],
    "Downstream PDR": [
        0.9105957708090943,
        0.9116632500743852
    ],
    "TicToc PDR": [
        0.6519058238230769,
        0.6540976393803865
    ],
    "Packets retransmitted per node AVG": [
        0.0,
        0.0
    ],
    "Counter of retransmission per packet AVG": [
        0.0,
        0.0
    ],
    "Intertime of retransmissions AVG": [
        0.0,
        0.0
    ],
    "Packets delivered": [
        0.9417322742450054,
        0.9434262277297907
    ],
    "Packets lost due to noise": [
        0.04845123149655663,
        0.04900907291929729
    ],
    "Packets collided": [
        -5.949614470016861e-06,
        1.834510964657285e-05
    ],
    "Destinatary out of range": [
        -3.605826951525365e-07,
        1.1118248270650206e-06
    ],
    "Packets dropped": [
        0.0,
        0.0
    ],
    "Other causes of loss": [
        0.007884593844010456,
        0.00948345302803105
    ],
    "Queue MN Avg": [
        171.32206002580807,
        171.34223274260296
    ],
    "Queue MN Var": [
        0.08367877053359699,
        0.08995764351689672
    ],
    "Queue BR Avg": [
        1.7577907338636065,
        1.76321343693604
    ],
    "Queue BR Var": [
        0.9870301933408034,
        1.0278308067604442
    ],
    "Upstream Delay Avg": [
        342.62691023058323,
        342.7262861447315
    ],
    "Upstream Delay 95th Perc": [
        603.51081491281,
        603.587595770714
    ],
    "Upstream Delay Var": [
        27988.066764032792,
        27999.424983891255
    ],
    "Downstream Delay Avg": [
        1.3649360260928343,
        1.3651972584127092
    ],
    "Downstream Delay 95th Perc": [
        1.3641726115945658,
        1.367551216216868
    ],
    "Downstream Delay Var": [
        -0.00016053574167434177,
        0.0004949977512075999
    ],
    "RTT Avg": [
        1299.1384137363425,
        1299.994530897589
    ],
    "RTT 95th Perc": [
        2288.9161028914837,
        2289.4450291197195
    ],
    "RTT Var": [
        403343.1358508417,
        403720.2271908987
    ]
}