{
    "Upstream PDR": [
        0.8841355239877698,
        0.9098436967914506
    ],
    "Downstream PDR": [
        0.8363855859737871,
        0.8711024253178535
    ],
    "TicToc PDR": [
        0.741831837334256,
        0.7932590717566531
    ],
    "Packets retransmitted per node AVG": [
        0.0,
        0.0
    ],
    "Counter of retransmission per packet AVG": [
        0.0,
        0.0
    ],
    "Intertime of retransmissions AVG": [
        0.0,
        0.0
    ],
    "Packets delivered": [
        0.8622807171136222,
        0.8910134297910082
    ],
    "Packets lost due to noise": [
        0.09248844269026776,
        0.11594218063439049
    ],
    "Packets collided": [
        0.0,
        0.0
    ],
    "Destinatary out of range": [
        0.0,
        0.0
    ],
    "Packets dropped": [
        0.0,
        0.0
    ],
    "Other causes of loss": [
        0.016337683935120296,
        0.021937545835591103
    ],
    "Queue MN Avg": [
        0.08249031744846085,
        0.08250914683477818
    ],
    "Queue MN Var": [
        6.397549657804377e-09,
        8.083544207768267e-09
    ],
    "Queue BR Avg": [
        0.03839098004460816,
        0.03950694751601063
    ],
    "Queue BR Var": [
        0.0023985770606392742,
        0.0029904901343935524
    ],
    "Upstream Delay Avg": [
        0.1590680950935112,
        0.15941910074150137
    ],
    "Upstream Delay 95th Perc": [
        0.30052421136784957,
        0.30100408367089326
    ],
    "Upstream Delay Var": [
        0.008259446450744862,
        0.008274084441515138
    ],
    "Downstream Delay Avg": [
        0.1650000000000003,
        0.16500000000000054
    ],
    "Downstream Delay 95th Perc": [
        0.165,
        0.165
    ],
    "Downstream Delay Var": [
        1.0780182988226176e-30,
        1.4970462460463785e-30
    ],
    "RTT Avg": [
        1297.275706658808,
        1300.2114569803255
    ],
    "RTT 95th Perc": [
        2286.5863348209373,
        2288.83467342628
    ],
    "RTT Var": [
        402448.89471951564,
        404317.00981794385
    ]
}