{
    "Upstream PDR": [
        0.9727695214435153,
        0.9756564525824591
    ],
    "Downstream PDR": [
        0.911842074783413,
        0.913496104750063
    ],
    "TicToc PDR": [
        0.8877842172553283,
        0.8904781204070094
    ],
    "Packets retransmitted per node AVG": [
        0.0,
        0.0
    ],
    "Counter of retransmission per packet AVG": [
        0.0,
        0.0
    ],
    "Intertime of retransmissions AVG": [
        0.0,
        0.0
    ],
    "Packets delivered": [
        0.9430719732837988,
        0.9446423347277105
    ],
    "Packets lost due to noise": [
        0.04807595604406012,
        0.048947747822214185
    ],
    "Packets collided": [
        0.0,
        0.0
    ],
    "Destinatary out of range": [
        0.0,
        0.0
    ],
    "Packets dropped": [
        0.0,
        0.0
    ],
    "Other causes of loss": [
        0.006916031742712933,
        0.008345956379503427
    ],
    "Queue MN Avg": [
        0.3074605596797906,
        0.30749451803764394
    ],
    "Queue MN Var": [
        6.253831656782695e-08,
        7.078179641402866e-08
    ],
    "Queue BR Avg": [
        0.4786355613607876,
        0.48005598074372396
    ],
    "Queue BR Var": [
        0.07434269662191809,
        0.08030233037653084
    ],
    "Upstream Delay Avg": [
        0.6089521549558841,
        0.6092771557552483
    ],
    "Upstream Delay 95th Perc": [
        1.1557435789149058,
        1.1560194831252655
    ],
    "Upstream Delay Var": [
        0.12300597942534468,
        0.12306699004040698
    ],
    "Downstream Delay Avg": [
        0.6150000000151142,
        0.6150000000407673
    ],
    "Downstream Delay 95th Perc": [
        0.6150000040447654,
        0.6150000042054644
    ],
    "Downstream Delay Var": [
        6.36181138396733e-18,
        9.738562019275377e-18
    ],
    "RTT Avg": [
        1299.605191811622,
        1300.6889014475016
    ],
    "RTT 95th Perc": [
        2289.0291431452274,
        2290.028250773356
    ],
    "RTT Var": [
        403399.27370453,
        403913.75398417667
    ]
}