{
    "Upstream PDR": [
        0.8887643698550647,
        0.9007369288462346
    ],
    "Downstream PDR": [
        0.0,
        0.0
    ],
    "TicToc PDR": [
        0.0,
        0.0
    ],
    "Packets retransmitted per node AVG": [
        0.0,
        0.0
    ],
    "Counter of retransmission per packet AVG": [
        0.0,
        0.0
    ],
    "Intertime of retransmissions AVG": [
        0.0,
        0.0
    ],
    "Packets delivered": [
        0.8887476229373638,
        0.9007260872406263
    ],
    "Packets lost due to noise": [
        0.09132369876289871,
        0.10192268173876638
    ],
    "Packets collided": [
        0.0,
        0.0
    ],
    "Destinatary out of range": [
        0.0,
        0.0
    ],
    "Packets dropped": [
        0.0,
        0.0
    ],
    "Other causes of loss": [
        0.006591370779054298,
        0.010688538541290914
    ],
    "Queue MN Avg": [
        0.3373948627200412,
        0.3375565762980554
    ],
    "Queue MN Var": [
        5.991625494566327e-06,
        6.434761864943136e-06
    ],
    "Queue BR Avg": [
        0.0,
        0.0
    ],
    "Queue BR Var": [
        0.0,
        0.0
    ],
    "Upstream Delay Avg": [
        0.6687324413892493,
        0.6693502877837012
    ],
    "Upstream Delay 95th Perc": [
        1.269534625035456,
        1.2699470565949444
    ],
    "Upstream Delay Var": [
        0.14843798024257676,
        0.14856486266833252
    ],
    "Downstream Delay Avg": [
        0.0,
        0.0
    ],
    "Downstream Delay 95th Perc": [
        0.0,
        0.0
    ],
    "Downstream Delay Var": [
        0.0,
        0.0
    ],
    "RTT Avg": [
        0.0,
        0.0
    ],
    "RTT 95th Perc": [
        0.0,
        0.0
    ],
    "RTT Var": [
        0.0,
        0.0
    ]
}