{
    "Upstream PDR": [
        0.9984646925913546,
        0.9986504589237969
    ],
    "Downstream PDR": [
        0.9747020017196709,
        0.9754406379248431
    ],
    "TicToc PDR": [
        0.9732622019071875,
        0.974067668222683
    ],
    "Packets retransmitted per node AVG": [
        0.0,
        0.0
    ],
    "Counter of retransmission per packet AVG": [
        0.0,
        0.0
    ],
    "Intertime of retransmissions AVG": [
        0.0,
        0.0
    ],
    "Packets delivered": [
        0.9867058950955914,
        0.9870857611832595
    ],
    "Packets lost due to noise": [
        0.011927202092971914,
        0.012269131261849224
    ],
    "Packets collided": [
        0.0,
        0.0
    ],
    "Destinatary out of range": [
        0.0,
        0.0
    ],
    "Packets dropped": [
        0.0,
        0.0
    ],
    "Other causes of loss": [
        0.000970832023233957,
        0.0010411783430944103
    ],
    "Queue MN Avg": [
        0.2325007544959271,
        0.23252312548243687
    ],
    "Queue MN Var": [
        3.03585904732285e-08,
        3.439627089144688e-08
    ],
    "Queue BR Avg": [
        0.18324391621335157,
        0.18327624944543702
    ],
    "Queue BR Var": [
        0.011315426270764633,
        0.012013701520669356
    ],
    "Upstream Delay Avg": [
        0.4591421879105755,
        0.4593411217129978
    ],
    "Upstream Delay 95th Perc": [
        0.8708338969757258,
        0.871040275366845
    ],
    "Upstream Delay Var": [
        0.06976164824383109,
        0.06977784148818235
    ],
    "Downstream Delay Avg": [
        0.46500000002315084,
        0.4650000000263946
    ],
    "Downstream Delay 95th Perc": [
        0.46500000313227746,
        0.46500000315684237
    ],
    "Downstream Delay Var": [
        3.9166039786219735e-18,
        3.972451909955353e-18
    ],
    "RTT Avg": [
        1299.774677793341,
        1300.2648830073942
    ],
    "RTT 95th Perc": [
        2289.6609154447106,
        2290.0426355852214
    ],
    "RTT Var": [
        403552.0681864582,
        403821.99218197714
    ]
}