{
    "Upstream PDR": [
        0.9746132504350973,
        0.9755062300843833
    ],
    "Downstream PDR": [
        0.9115242065305408,
        0.9137660545743304
    ],
    "TicToc PDR": [
        0.8886433395370004,
        0.8911254916318305
    ],
    "Packets retransmitted per node AVG": [
        0.0,
        0.0
    ],
    "Counter of retransmission per packet AVG": [
        0.0,
        0.0
    ],
    "Intertime of retransmissions AVG": [
        0.0,
        0.0
    ],
    "Packets delivered": [
        0.9437761189549331,
        0.9449169641454337
    ],
    "Packets lost due to noise": [
        0.048034836143747366,
        0.04901413480847174
    ],
    "Packets collided": [
        0.0,
        0.0
    ],
    "Destinatary out of range": [
        0.0,
        0.0
    ],
    "Packets dropped": [
        0.0,
        0.0
    ],
    "Other causes of loss": [
        0.006981382373545804,
        0.007276563573868795
    ],
    "Queue MN Avg": [
        0.15748521894814915,
        0.15751253104145252
    ],
    "Queue MN Var": [
        2.1720177509163524e-08,
        2.548486154991259e-08
    ],
    "Queue BR Avg": [
        0.12280818278429131,
        0.12292062767123418
    ],
    "Queue BR Var": [
        0.005143067535941041,
        0.005543663088586727
    ],
    "Upstream Delay Avg": [
        0.3089887864456379,
        0.309243650429773
    ],
    "Upstream Delay 95th Perc": [
        0.5856867358335284,
        0.5860008753805291
    ],
    "Upstream Delay Var": [
        0.031499909163489014,
        0.03151777746792169
    ],
    "Downstream Delay Avg": [
        0.31500000000864337,
        0.31500000001241757
    ],
    "Downstream Delay 95th Perc": [
        0.3150000028641461,
        0.3150000029009682
    ],
    "Downstream Delay Var": [
        2.6543319203301792e-18,
        2.7277706766134948e-18
    ],
    "RTT Avg": [
        1299.5523897595426,
        1301.2835228438366
    ],
    "RTT 95th Perc": [
        2289.2827386821955,
        2290.285255237718
    ],
    "RTT Var": [
        403102.7746006986,
        403885.8920499111
    ]
}