{
    "Upstream PDR": [
        0.9982902177418906,
        0.9985721199204465
    ],
    "Downstream PDR": [
        0.9750172784417723,
        0.9761423824389428
    ],
    "TicToc PDR": [
        0.9734634162137913,
        0.9746352850849102
    ],
    "Packets retransmitted per node AVG": [
        0.0,
        0.0
    ],
    "Counter of retransmission per packet AVG": [
        0.0,
        0.0
    ],
    "Intertime of retransmissions AVG": [
        0.0,
        0.0
    ],
    "Packets delivered": [
        0.9866571429541676,
        0.9872702217913448
    ],
    "Packets lost due to noise": [
        0.011740582710210062,
        0.012340788842609368
    ],
    "Packets collided": [
        0.0,
        0.0
    ],
    "Destinatary out of range": [
        0.0,
        0.0
    ],
    "Packets dropped": [
        0.0,
        0.0
    ],
    "Other causes of loss": [
        0.0009261312825602447,
        0.0010651324191080483
    ],
    "Queue MN Avg": [
        0.08249282620784931,
        0.08251178095590925
    ],
    "Queue MN Var": [
        6.183908284815014e-09,
        8.218731502728066e-09
    ],
    "Queue BR Avg": [
        0.021673751839316677,
        0.021679838934012388
    ],
    "Queue BR Var": [
        0.0001792328048143703,
        0.00020403278971416205
    ],
    "Upstream Delay Avg": [
        0.15909057280265101,
        0.15941677814065033
    ],
    "Upstream Delay 95th Perc": [
        0.3007139955323002,
        0.3009980541004998
    ],
    "Upstream Delay Var": [
        0.008268730418760445,
        0.00827073652051449
    ],
    "Downstream Delay Avg": [
        0.165000000005404,
        0.16500000001217208
    ],
    "Downstream Delay 95th Perc": [
        0.1650000017586803,
        0.16500000199653686
    ],
    "Downstream Delay Var": [
        1.2597176240962204e-18,
        1.4438834738614865e-18
    ],
    "RTT Avg": [
        1299.3178731505056,
        1300.2487322019972
    ],
    "RTT 95th Perc": [
        2289.53316365482,
        2290.256444523162
    ],
    "RTT Var": [
        403275.8110786916,
        403798.0846756456
    ]
}