{
    "Upstream PDR": [
        0.9716065631250205,
        0.9750272031087458
    ],
    "Downstream PDR": [
        0.0,
        0.0
    ],
    "TicToc PDR": [
        0.0,
        0.0
    ],
    "Packets retransmitted per node AVG": [
        0.0,
        0.0
    ],
    "Counter of retransmission per packet AVG": [
        0.0,
        0.0
    ],
    "Intertime of retransmissions AVG": [
        0.0,
        0.0
    ],
    "Packets delivered": [
        0.9715154523836926,
        0.9749957508798526
    ],
    "Packets lost due to noise": [
        0.024365510087150346,
        0.024809475311224693
    ],
    "Packets collided": [
        0.0,
        0.0
    ],
    "Destinatary out of range": [
        0.0,
        0.0
    ],
    "Packets dropped": [
        0.0,
        0.0
    ],
    "Other causes of loss": [
        0.00037435706606185485,
        0.0039394542720172735
    ],
    "Queue MN Avg": [
        0.2924942918223643,
        0.29251929590131664
    ],
    "Queue MN Var": [
        5.871442192933171e-08,
        6.57739131202304e-08
    ],
    "Queue BR Avg": [
        0.0,
        0.0
    ],
    "Queue BR Var": [
        0.0,
        0.0
    ],
    "Upstream Delay Avg": [
        0.5788385416835686,
        0.579235916560088
    ],
    "Upstream Delay 95th Perc": [
        1.098779885310701,
        1.0990828303611273
    ],
    "Upstream Delay Var": [
        0.11113420064223664,
        0.11117716798181457
    ],
    "Downstream Delay Avg": [
        0.0,
        0.0
    ],
    "Downstream Delay 95th Perc": [
        0.0,
        0.0
    ],
    "Downstream Delay Var": [
        0.0,
        0.0
    ],
    "RTT Avg": [
        0.0,
        0.0
    ],
    "RTT 95th Perc": [
        0.0,
        0.0
    ],
    "RTT Var": [
        0.0,
        0.0
    ]
}