{
    "Upstream PDR": [
        0.9643890289200119,
        0.9701939436629601
    ],
    "Downstream PDR": [
        0.0,
        0.0
    ],
    "TicToc PDR": [
        0.0,
        0.0
    ],
    "Packets retransmitted per node AVG": [
        0.0,
        0.0
    ],
    "Counter of retransmission per packet AVG": [
        0.0,
        0.0
    ],
    "Intertime of retransmissions AVG": [
        0.0,
        0.0
    ],
    "Packets delivered": [
        0.9645096042261289,
        0.9703362725455756
    ],
    "Packets lost due to noise": [
        0.027476386866392904,
        0.030855536554788152
    ],
    "Packets collided": [
        0.0,
        0.0
    ],
    "Destinatary out of range": [
        0.0,
        0.0
    ],
    "Packets dropped": [
        0.0,
        0.0
    ],
    "Other causes of loss": [
        0.001778999432573073,
        0.005043200374540719
    ],
    "Queue MN Avg": [
        0.4348315291762982,
        0.4350991523261185
    ],
    "Queue MN Var": [
        1.21102831534002e-05,
        1.2723688755769483e-05
    ],
    "Queue BR Avg": [
        0.0,
        0.0
    ],
    "Queue BR Var": [
        0.0,
        0.0
    ],
    "Upstream Delay Avg": [
        0.8632999998681463,
        0.8642862611361992
    ],
    "Upstream Delay 95th Perc": [
        1.639972235124331,
        1.6409245724867547
    ],
    "Upstream Delay Var": [
        0.24798069241577944,
        0.24807236765856802
    ],
    "Downstream Delay Avg": [
        0.0,
        0.0
    ],
    "Downstream Delay 95th Perc": [
        0.0,
        0.0
    ],
    "Downstream Delay Var": [
        0.0,
        0.0
    ],
    "RTT Avg": [
        0.0,
        0.0
    ],
    "RTT 95th Perc": [
        0.0,
        0.0
    ],
    "RTT Var": [
        0.0,
        0.0
    ]
}