{
    "Upstream PDR": [
        0.9983055827088207,
        0.9984857592825209
    ],
    "Downstream PDR": [
        0.0,
        0.0
    ],
    "TicToc PDR": [
        0.0,
        0.0
    ],
    "Packets retransmitted per node AVG": [
        0.0,
        0.0
    ],
    "Counter of retransmission per packet AVG": [
        0.0,
        0.0
    ],
    "Intertime of retransmissions AVG": [
        0.0,
        0.0
    ],
    "Packets delivered": [
        0.9983365909177245,
        0.9984923414391901
    ],
    "Packets lost due to noise": [
        0.0015067734678431543,
        0.0016626647345074179
    ],
    "Packets collided": [
        0.0,
        0.0
    ],
    "Destinatary out of range": [
        0.0,
        0.0
    ],
    "Packets dropped": [
        0.0,
        0.0
    ],
    "Other causes of loss": [
        -7.821022103689903e-07,
        2.41154294557265e-06
    ],
    "Queue MN Avg": [
        0.1499926536324523,
        0.15000881390652382
    ],
    "Queue MN Var": [
        1.3752453484324924e-08,
        1.5899872018943937e-08
    ],
    "Queue BR Avg": [
        0.0,
        0.0
    ],
    "Queue BR Var": [
        0.0,
        0.0
    ],
    "Upstream Delay Avg": [
        0.2941422779153865,
        0.2943040252339052
    ],
    "Upstream Delay 95th Perc": [
        0.5573546290658374,
        0.5575370191690766
    ],
    "Upstream Delay Var": [
        0.028515534927743422,
        0.028520610843899886
    ],
    "Downstream Delay Avg": [
        0.0,
        0.0
    ],
    "Downstream Delay 95th Perc": [
        0.0,
        0.0
    ],
    "Downstream Delay Var": [
        0.0,
        0.0
    ],
    "RTT Avg": [
        0.0,
        0.0
    ],
    "RTT 95th Perc": [
        0.0,
        0.0
    ],
    "RTT Var": [
        0.0,
        0.0
    ]
}