{
    "Upstream PDR": [
        0.9637079352269776,
        0.9703410443648591
    ],
    "Downstream PDR": [
        0.0,
        0.0
    ],
    "TicToc PDR": [
        0.0,
        0.0
    ],
    "Packets retransmitted per node AVG": [
        0.0,
        0.0
    ],
    "Counter of retransmission per packet AVG": [
        0.0,
        0.0
    ],
    "Intertime of retransmissions AVG": [
        0.0,
        0.0
    ],
    "Packets delivered": [
        0.9637885247973945,
        0.970382622979719
    ],
    "Packets lost due to noise": [
        0.028015732018599145,
        0.031938246399674984
    ],
    "Packets collided": [
        0.0,
        0.0
    ],
    "Destinatary out of range": [
        0.0,
        0.0
    ],
    "Packets dropped": [
        0.0,
        0.0
    ],
    "Other causes of loss": [
        0.0011435468717635134,
        0.004731326932849452
    ],
    "Queue MN Avg": [
        0.3373948627200412,
        0.3375565762980554
    ],
    "Queue MN Var": [
        5.991625494566327e-06,
        6.434761864943136e-06
    ],
    "Queue BR Avg": [
        0.0,
        0.0
    ],
    "Queue BR Var": [
        0.0,
        0.0
    ],
    "Upstream Delay Avg": [
        0.668650214366141,
        0.6693136691982751
    ],
    "Upstream Delay 95th Perc": [
        1.269634349674378,
        1.2700314732329934
    ],
    "Upstream Delay Var": [
        0.14850515381073065,
        0.1485942244363309
    ],
    "Downstream Delay Avg": [
        0.0,
        0.0
    ],
    "Downstream Delay 95th Perc": [
        0.0,
        0.0
    ],
    "Downstream Delay Var": [
        0.0,
        0.0
    ],
    "RTT Avg": [
        0.0,
        0.0
    ],
    "RTT 95th Perc": [
        0.0,
        0.0
    ],
    "RTT Var": [
        0.0,
        0.0
    ]
}