{
    "Upstream PDR": [
        0.9746457389565742,
        0.9753438714330368
    ],
    "Downstream PDR": [
        0.9121182236785065,
        0.9134697379152771
    ],
    "TicToc PDR": [
        0.8890922345231451,
        0.8908488910179804
    ],
    "Packets retransmitted per node AVG": [
        0.0,
        0.0
    ],
    "Counter of retransmission per packet AVG": [
        0.0,
        0.0
    ],
    "Intertime of retransmissions AVG": [
        0.0,
        0.0
    ],
    "Packets delivered": [
        0.9439103154679489,
        0.9446792503077304
    ],
    "Packets lost due to noise": [
        0.048089448864190865,
        0.048776007675057825
    ],
    "Packets collided": [
        0.0,
        0.0
    ],
    "Destinatary out of range": [
        0.0,
        0.0
    ],
    "Packets dropped": [
        0.0,
        0.0
    ],
    "Other causes of loss": [
        0.007153541930365313,
        0.007391435754707233
    ],
    "Queue MN Avg": [
        0.2325007544959271,
        0.23252312548243687
    ],
    "Queue MN Var": [
        3.03585904732285e-08,
        3.439627089144688e-08
    ],
    "Queue BR Avg": [
        0.27188554253811015,
        0.2720802339294548
    ],
    "Queue BR Var": [
        0.02376524833769524,
        0.025796221526823784
    ],
    "Upstream Delay Avg": [
        0.4592107483154322,
        0.45948350261301585
    ],
    "Upstream Delay 95th Perc": [
        0.870853346143122,
        0.8710671143156208
    ],
    "Upstream Delay Var": [
        0.06975433804553434,
        0.06978770716330558
    ],
    "Downstream Delay Avg": [
        0.4650000000120025,
        0.4650000000156761
    ],
    "Downstream Delay 95th Perc": [
        0.46500000314017015,
        0.4650000031670584
    ],
    "Downstream Delay Var": [
        3.940948096424053e-18,
        3.999841963791392e-18
    ],
    "RTT Avg": [
        1298.9471130094562,
        1300.4038059735026
    ],
    "RTT 95th Perc": [
        2288.9392255207463,
        2290.007925541198
    ],
    "RTT Var": [
        403254.32939944114,
        403929.1768777736
    ]
}