{
    "Upstream PDR": [
        0.9019659423911186,
        0.9061950965699206
    ],
    "Downstream PDR": [
        0.8462666768835904,
        0.8510649979714636
    ],
    "TicToc PDR": [
        0.7636391278771488,
        0.7709478851098643
    ],
    "Packets retransmitted per node AVG": [
        0.0,
        0.0
    ],
    "Counter of retransmission per packet AVG": [
        0.0,
        0.0
    ],
    "Intertime of retransmissions AVG": [
        0.0,
        0.0
    ],
    "Packets delivered": [
        0.876330596640553,
        0.8799595354167478
    ],
    "Packets lost due to noise": [
        0.10077168448067547,
        0.10379818310737926
    ],
    "Packets collided": [
        0.0,
        0.0
    ],
    "Destinatary out of range": [
        0.0,
        0.0
    ],
    "Packets dropped": [
        0.0,
        0.0
    ],
    "Other causes of loss": [
        0.019125120226749087,
        0.020014880127895353
    ],
    "Queue MN Avg": [
        0.08249282620784931,
        0.08251178095590925
    ],
    "Queue MN Var": [
        6.183908284815014e-09,
        8.218731502728066e-09
    ],
    "Queue BR Avg": [
        0.039164895314674576,
        0.03934880401279959
    ],
    "Queue BR Var": [
        0.0005336241925871187,
        0.0006070286285692963
    ],
    "Upstream Delay Avg": [
        0.1590459236576857,
        0.15943096395256492
    ],
    "Upstream Delay 95th Perc": [
        0.30065690309973914,
        0.30099204493991805
    ],
    "Upstream Delay Var": [
        0.00827103023653873,
        0.008285093541646959
    ],
    "Downstream Delay Avg": [
        0.16499999999973802,
        0.16500000000522436
    ],
    "Downstream Delay 95th Perc": [
        0.1650000017229209,
        0.16500000196819326
    ],
    "Downstream Delay Var": [
        1.2520486589725548e-18,
        1.4409928205544967e-18
    ],
    "RTT Avg": [
        1295.5263121626326,
        1301.9317948700373
    ],
    "RTT 95th Perc": [
        2285.1804721476506,
        2289.2397360775844
    ],
    "RTT Var": [
        402292.0747165856,
        405503.00340803736
    ]
}