{
    "Upstream PDR": [
        0.8902402399761937,
        0.896300019764066
    ],
    "Downstream PDR": [
        0.8462250431859135,
        0.8544889571713283
    ],
    "TicToc PDR": [
        0.7536748393885473,
        0.7657082774945696
    ],
    "Packets retransmitted per node AVG": [
        0.0,
        0.0
    ],
    "Counter of retransmission per packet AVG": [
        0.0,
        0.0
    ],
    "Intertime of retransmissions AVG": [
        0.0,
        0.0
    ],
    "Packets delivered": [
        0.8693050592991167,
        0.8761075930298239
    ],
    "Packets lost due to noise": [
        0.10350111344351265,
        0.10941718171469511
    ],
    "Packets collided": [
        0.0,
        0.0
    ],
    "Destinatary out of range": [
        0.0,
        0.0
    ],
    "Packets dropped": [
        0.0,
        0.0
    ],
    "Other causes of loss": [
        0.0199881547619516,
        0.02168089775090009
    ],
    "Queue MN Avg": [
        0.307468757961982,
        0.3074982418875662
    ],
    "Queue MN Var": [
        6.435141246015331e-08,
        7.156453739791929e-08
    ],
    "Queue BR Avg": [
        0.5763611616955788,
        0.5802840684417727
    ],
    "Queue BR Var": [
        0.03141564209971698,
        0.04110489035709247
    ],
    "Upstream Delay Avg": [
        0.6087901747914947,
        0.6094330894112102
    ],
    "Upstream Delay 95th Perc": [
        1.155685073447275,
        1.1560882020316394
    ],
    "Upstream Delay Var": [
        0.12296727616073946,
        0.12307803566041545
    ],
    "Downstream Delay Avg": [
        0.6150000000119955,
        0.615000000017343
    ],
    "Downstream Delay 95th Perc": [
        0.6150000048769085,
        0.6150000049989012
    ],
    "Downstream Delay Var": [
        8.960796200316323e-18,
        9.272140023519898e-18
    ],
    "RTT Avg": [
        1299.6838883488883,
        1300.9005232591128
    ],
    "RTT 95th Perc": [
        2289.6566867626498,
        2290.879535747834
    ],
    "RTT Var": [
        403910.4771841383,
        404669.9528659557
    ]
}