{
    "Upstream PDR": [
        0.7358236451656279,
        0.7458789522369695
    ],
    "Downstream PDR": [
        0.8473434866355549,
        0.8623101009709491
    ],
    "TicToc PDR": [
        0.6240767753995595,
        0.643112834990051
    ],
    "Packets retransmitted per node AVG": [
        0.0,
        0.0
    ],
    "Counter of retransmission per packet AVG": [
        0.0,
        0.0
    ],
    "Intertime of retransmissions AVG": [
        0.0,
        0.0
    ],
    "Packets delivered": [
        0.8693560505879546,
        0.8823261763181861
    ],
    "Packets lost due to noise": [
        0.09791349640962158,
        0.10841944302278639
    ],
    "Packets collided": [
        -3.77026439790371e-07,
        1.1625276582991363e-06
    ],
    "Destinatary out of range": [
        -1.131079319371113e-06,
        3.4875829748974083e-06
    ],
    "Packets dropped": [
        0.0,
        0.0
    ],
    "Other causes of loss": [
        0.01943375316181161,
        0.022547938494765794
    ],
    "Queue MN Avg": [
        111.93931800946957,
        111.96381549505709
    ],
    "Queue MN Var": [
        0.08740966552709602,
        0.09489843188493947
    ],
    "Queue BR Avg": [
        1.8823002363806414,
        1.9079893572137825
    ],
    "Queue BR Var": [
        0.7813779413243466,
        0.9914155075303751
    ],
    "Upstream Delay Avg": [
        223.85228987372687,
        223.94564560412886
    ],
    "Upstream Delay 95th Perc": [
        394.0040676404432,
        394.0910075436738
    ],
    "Upstream Delay Var": [
        11908.694403425177,
        11917.212117846355
    ],
    "Downstream Delay Avg": [
        1.2149682611907524,
        1.2150978638092762
    ],
    "Downstream Delay 95th Perc": [
        1.2149999999993273,
        1.215000000002085
    ],
    "Downstream Delay Var": [
        -7.383406081248693e-05,
        0.00022766079181815675
    ],
    "RTT Avg": [
        1298.8138524231106,
        1300.2651313408894
    ],
    "RTT 95th Perc": [
        2288.3480913457597,
        2289.2148309164513
    ],
    "RTT Var": [
        403468.19896909466,
        404241.1449968687
    ]
}