{
    "Upstream PDR": [
        0.971391077271563,
        0.9748530785725924
    ],
    "Downstream PDR": [
        0.0,
        0.0
    ],
    "TicToc PDR": [
        0.0,
        0.0
    ],
    "Packets retransmitted per node AVG": [
        0.0,
        0.0
    ],
    "Counter of retransmission per packet AVG": [
        0.0,
        0.0
    ],
    "Intertime of retransmissions AVG": [
        0.0,
        0.0
    ],
    "Packets delivered": [
        0.971469139519621,
        0.974947316885315
    ],
    "Packets lost due to noise": [
        0.024241975097562807,
        0.024795124267137893
    ],
    "Packets collided": [
        0.0,
        0.0
    ],
    "Destinatary out of range": [
        0.0,
        0.0
    ],
    "Packets dropped": [
        0.0,
        0.0
    ],
    "Other causes of loss": [
        0.0005937002398739418,
        0.003952743990489722
    ],
    "Queue MN Avg": [
        0.3374960169857055,
        0.3376639814219464
    ],
    "Queue MN Var": [
        5.694336625388025e-06,
        6.095223658307963e-06
    ],
    "Queue BR Avg": [
        0.0,
        0.0
    ],
    "Queue BR Var": [
        0.0,
        0.0
    ],
    "Upstream Delay Avg": [
        0.6688592286597373,
        0.6694735857025146
    ],
    "Upstream Delay 95th Perc": [
        1.2696058750179642,
        1.270087346675178
    ],
    "Upstream Delay Var": [
        0.1484456296431901,
        0.14852877328591088
    ],
    "Downstream Delay Avg": [
        0.0,
        0.0
    ],
    "Downstream Delay 95th Perc": [
        0.0,
        0.0
    ],
    "Downstream Delay Var": [
        0.0,
        0.0
    ],
    "RTT Avg": [
        0.0,
        0.0
    ],
    "RTT 95th Perc": [
        0.0,
        0.0
    ],
    "RTT Var": [
        0.0,
        0.0
    ]
}