{
    "Upstream PDR": [
        0.6399904834301555,
        0.6436578282581562
    ],
    "Downstream PDR": [
        0.9113685062613415,
        0.918841070492614
    ],
    "TicToc PDR": [
        0.5835597250705582,
        0.591205469734637
    ],
    "Packets retransmitted per node AVG": [
        0.0,
        0.0
    ],
    "Counter of retransmission per packet AVG": [
        0.0,
        0.0
    ],
    "Intertime of retransmissions AVG": [
        0.0,
        0.0
    ],
    "Packets delivered": [
        0.9389521076049213,
        0.9449803329023528
    ],
    "Packets lost due to noise": [
        0.047300765901103436,
        0.051881513873473714
    ],
    "Packets collided": [
        -3.598116482297083e-07,
        1.1094473721201303e-06
    ],
    "Destinatary out of range": [
        0.0,
        0.0
    ],
    "Packets dropped": [
        0.0,
        0.0
    ],
    "Other causes of loss": [
        0.007445043464993362,
        0.009439486617431755
    ],
    "Queue MN Avg": [
        218.89658615632598,
        218.91954825984695
    ],
    "Queue MN Var": [
        0.08223338518503921,
        0.08726784144311166
    ],
    "Queue BR Avg": [
        1.938740269461163,
        1.9505469779503948
    ],
    "Queue BR Var": [
        0.785003710417716,
        0.9490517032593345
    ],
    "Upstream Delay Avg": [
        437.8330491375613,
        437.9282222324975
    ],
    "Upstream Delay 95th Perc": [
        771.2336159142177,
        771.3219417191905
    ],
    "Upstream Delay Var": [
        45744.7773896025,
        45760.18956265117
    ],
    "Downstream Delay Avg": [
        1.5142706926736895,
        1.5172487545931703
    ],
    "Downstream Delay 95th Perc": [
        1.5133461191923483,
        1.5200995950933636
    ],
    "Downstream Delay Var": [
        -0.001645104537984098,
        0.005072534242593929
    ],
    "RTT Avg": [
        1299.5701749006546,
        1300.6572557377883
    ],
    "RTT 95th Perc": [
        2288.51073864461,
        2289.067961778089
    ],
    "RTT Var": [
        403459.65277788945,
        403829.0424810204
    ]
}