{
    "Upstream PDR": [
        0.7318013769731511,
        0.7341201237483497
    ],
    "Downstream PDR": [
        0.97294429331546,
        0.9740768648576064
    ],
    "TicToc PDR": [
        0.7123343873138099,
        0.7147559445765217
    ],
    "Packets retransmitted per node AVG": [
        0.0,
        0.0
    ],
    "Counter of retransmission per packet AVG": [
        0.0,
        0.0
    ],
    "Intertime of retransmissions AVG": [
        0.0,
        0.0
    ],
    "Packets delivered": [
        0.9834817944548284,
        0.9852010816395955
    ],
    "Packets lost due to noise": [
        0.012880811150323546,
        0.013529551219957916
    ],
    "Packets collided": [
        -2.8525414298233377e-06,
        8.795559034155798e-06
    ],
    "Destinatary out of range": [
        0.0,
        0.0
    ],
    "Packets dropped": [
        0.0,
        0.0
    ],
    "Other causes of loss": [
        0.0016595515893124187,
        0.0032412669283785472
    ],
    "Queue MN Avg": [
        171.32876992639635,
        171.34605466477828
    ],
    "Queue MN Var": [
        0.08496281390328937,
        0.09064265213973034
    ],
    "Queue BR Avg": [
        1.1827256409536233,
        1.1863822261472643
    ],
    "Queue BR Var": [
        0.1080099930064558,
        0.13099078120106353
    ],
    "Upstream Delay Avg": [
        342.70813852252286,
        342.7501677068527
    ],
    "Upstream Delay 95th Perc": [
        603.5294138706167,
        603.566527668663
    ],
    "Upstream Delay Var": [
        27994.79893797759,
        27997.69588286853
    ],
    "Downstream Delay Avg": [
        1.36491344808287,
        1.3652668762127211
    ],
    "Downstream Delay 95th Perc": [
        1.364172611993514,
        1.3675512165785193
    ],
    "Downstream Delay Var": [
        -0.00021066981731474632,
        0.0006495817363192314
    ],
    "RTT Avg": [
        1299.5896713346037,
        1299.8664708277233
    ],
    "RTT 95th Perc": [
        2289.254478902911,
        2289.534157840128
    ],
    "RTT Var": [
        403517.60968903085,
        403715.7740810919
    ]
}