{
    "Upstream PDR": [
        0.6575641368081083,
        0.6616445212005498
    ],
    "Downstream PDR": [
        0.849178446274294,
        0.8545231909320596
    ],
    "TicToc PDR": [
        0.5586284514533076,
        0.5652151271902709
    ],
    "Packets retransmitted per node AVG": [
        0.0,
        0.0
    ],
    "Counter of retransmission per packet AVG": [
        0.0,
        0.0
    ],
    "Intertime of retransmissions AVG": [
        0.0,
        0.0
    ],
    "Packets delivered": [
        0.8720808520918771,
        0.8771525844958489
    ],
    "Packets lost due to noise": [
        0.10196632915132453,
        0.10599387911319855
    ],
    "Packets collided": [
        -7.51321159418178e-07,
        2.3166322992484004e-06
    ],
    "Destinatary out of range": [
        -1.8783028985454388e-06,
        5.791580748120995e-06
    ],
    "Packets dropped": [
        0.0,
        0.0
    ],
    "Other causes of loss": [
        0.02044155621854854,
        0.022359320340212784
    ],
    "Queue MN Avg": [
        171.32876992639635,
        171.34605466477828
    ],
    "Queue MN Var": [
        0.08496281390328937,
        0.09064265213973034
    ],
    "Queue BR Avg": [
        2.125351450167836,
        2.1384690108084974
    ],
    "Queue BR Var": [
        0.26154971651419634,
        0.31675781685300175
    ],
    "Upstream Delay Avg": [
        342.6689229502945,
        342.80380465956557
    ],
    "Upstream Delay 95th Perc": [
        603.5905247493408,
        603.7220125523229
    ],
    "Upstream Delay Var": [
        28001.874827586482,
        28022.922141203893
    ],
    "Downstream Delay Avg": [
        1.3649370459154628,
        1.3651941136551877
    ],
    "Downstream Delay 95th Perc": [
        1.3641726117922601,
        1.367551216376375
    ],
    "Downstream Delay Var": [
        -0.00015820231952234522,
        0.00048780285052190796
    ],
    "RTT Avg": [
        1299.6194668663568,
        1300.3410010904938
    ],
    "RTT 95th Perc": [
        2289.242578475358,
        2290.2028297485335
    ],
    "RTT Var": [
        403872.63705543935,
        404324.184793833
    ]
}