{
    "Upstream PDR": [
        0.8881057040422519,
        0.9011400102434622
    ],
    "Downstream PDR": [
        0.8457763294605628,
        0.8630855181914262
    ],
    "TicToc PDR": [
        0.7519948002950585,
        0.7776748100945521
    ],
    "Packets retransmitted per node AVG": [
        0.0,
        0.0
    ],
    "Counter of retransmission per packet AVG": [
        0.0,
        0.0
    ],
    "Intertime of retransmissions AVG": [
        0.0,
        0.0
    ],
    "Packets delivered": [
        0.8683952096235873,
        0.8828709655039285
    ],
    "Packets lost due to noise": [
        0.09756345725369457,
        0.10964615305291826
    ],
    "Packets collided": [
        -2.441606496290532e-07,
        7.528477536479357e-07
    ],
    "Destinatary out of range": [
        -1.5096344784201515e-06,
        4.654824303731067e-06
    ],
    "Packets dropped": [
        0.0,
        0.0
    ],
    "Other causes of loss": [
        0.019210302115058517,
        0.02231025857388374
    ],
    "Queue MN Avg": [
        0.382456644768673,
        0.3825239233242326
    ],
    "Queue MN Var": [
        4.917614994164173e-07,
        5.501853501018601e-07
    ],
    "Queue BR Avg": [
        0.894106095975356,
        0.9072451815279174
    ],
    "Queue BR Var": [
        0.28259154027543126,
        0.3457324115301698
    ],
    "Upstream Delay Avg": [
        0.758815625246642,
        0.7595325360674698
    ],
    "Upstream Delay 95th Perc": [
        1.4407810421343565,
        1.4411513240939866
    ],
    "Upstream Delay Var": [
        0.19115917758282439,
        0.19132703147952615
    ],
    "Downstream Delay Avg": [
        0.7649892569128467,
        0.7650331253581366
    ],
    "Downstream Delay 95th Perc": [
        0.7650000000000005,
        0.7650000000000005
    ],
    "Downstream Delay Var": [
        -1.608022675141016e-05,
        4.9581956004544014e-05
    ],
    "RTT Avg": [
        1299.8642040504826,
        1301.2233593399485
    ],
    "RTT 95th Perc": [
        2288.723378411008,
        2289.7283326935562
    ],
    "RTT Var": [
        403370.2851451708,
        404178.22796353843
    ]
}