{
    "Upstream PDR": [
        0.7989582821773382,
        0.804099510030454
    ],
    "Downstream PDR": [
        0.912714732952735,
        0.9201080733577147
    ],
    "TicToc PDR": [
        0.7295959858831679,
        0.7395942738570921
    ],
    "Packets retransmitted per node AVG": [
        0.0,
        0.0
    ],
    "Counter of retransmission per packet AVG": [
        0.0,
        0.0
    ],
    "Intertime of retransmissions AVG": [
        0.0,
        0.0
    ],
    "Packets delivered": [
        0.9393747524584393,
        0.9457162115066253
    ],
    "Packets lost due to noise": [
        0.04704948839804751,
        0.05150507023633172
    ],
    "Packets collided": [
        -3.639704924648853e-07,
        1.1222708002400227e-06
    ],
    "Destinatary out of range": [
        -3.639704924648853e-07,
        1.1222708002400227e-06
    ],
    "Packets dropped": [
        0.0,
        0.0
    ],
    "Other causes of loss": [
        0.007047482973907801,
        0.00930547782603275
    ],
    "Queue MN Avg": [
        111.93931800946957,
        111.96381549505709
    ],
    "Queue MN Var": [
        0.08740966552709602,
        0.09489843188493947
    ],
    "Queue BR Avg": [
        1.5530482987131475,
        1.5761495404995656
    ],
    "Queue BR Var": [
        0.6567357030100405,
        0.8815827162089407
    ],
    "Upstream Delay Avg": [
        223.88754155415216,
        223.9533147515915
    ],
    "Upstream Delay 95th Perc": [
        394.0142073519439,
        394.0760351635173
    ],
    "Upstream Delay Var": [
        11908.510712380743,
        11912.62968625359
    ],
    "Downstream Delay Avg": [
        1.210419668531733,
        1.229123046699336
    ],
    "Downstream Delay 95th Perc": [
        1.2083762485066762,
        1.235423751493329
    ],
    "Downstream Delay Var": [
        -0.006790878405377258,
        0.02093907253503715
    ],
    "RTT Avg": [
        1299.3883545883905,
        1300.3533754048817
    ],
    "RTT 95th Perc": [
        2289.421312656739,
        2289.9695722308857
    ],
    "RTT Var": [
        403442.04914500826,
        403920.32786351634
    ]
}