{
    "Upstream PDR": [
        0.9959351430913543,
        0.9975055495493383
    ],
    "Downstream PDR": [
        0.0,
        0.0
    ],
    "TicToc PDR": [
        0.0,
        0.0
    ],
    "Packets retransmitted per node AVG": [
        0.0,
        0.0
    ],
    "Counter of retransmission per packet AVG": [
        0.0,
        0.0
    ],
    "Intertime of retransmissions AVG": [
        0.0,
        0.0
    ],
    "Packets delivered": [
        0.9958976179550253,
        0.9974781829618266
    ],
    "Packets lost due to noise": [
        0.002507783263054576,
        0.003990936383285951
    ],
    "Packets collided": [
        0.0,
        0.0
    ],
    "Destinatary out of range": [
        0.0,
        0.0
    ],
    "Packets dropped": [
        0.0,
        0.0
    ],
    "Other causes of loss": [
        7.278417023752763e-06,
        0.0001182010197842427
    ],
    "Queue MN Avg": [
        0.14999315770113342,
        0.15000458254817328
    ],
    "Queue MN Var": [
        1.4269578230292654e-08,
        1.6480441777481607e-08
    ],
    "Queue BR Avg": [
        0.0,
        0.0
    ],
    "Queue BR Var": [
        0.0,
        0.0
    ],
    "Upstream Delay Avg": [
        0.29413039588885037,
        0.29430467268814675
    ],
    "Upstream Delay 95th Perc": [
        0.5573746832918223,
        0.5575723769839489
    ],
    "Upstream Delay Var": [
        0.028512686190367696,
        0.028519643333002692
    ],
    "Downstream Delay Avg": [
        0.0,
        0.0
    ],
    "Downstream Delay 95th Perc": [
        0.0,
        0.0
    ],
    "Downstream Delay Var": [
        0.0,
        0.0
    ],
    "RTT Avg": [
        0.0,
        0.0
    ],
    "RTT 95th Perc": [
        0.0,
        0.0
    ],
    "RTT Var": [
        0.0,
        0.0
    ]
}