{
    "Upstream PDR": [
        0.8888400505962998,
        0.9009157935595439
    ],
    "Downstream PDR": [
        0.843084927662337,
        0.8593144703299692
    ],
    "TicToc PDR": [
        0.7501601168853357,
        0.7740424805172618
    ],
    "Packets retransmitted per node AVG": [
        0.0,
        0.0
    ],
    "Counter of retransmission per packet AVG": [
        0.0,
        0.0
    ],
    "Intertime of retransmissions AVG": [
        0.0,
        0.0
    ],
    "Packets delivered": [
        0.8667712681798859,
        0.8804104535250509
    ],
    "Packets lost due to noise": [
        0.10080413745156414,
        0.1116958912105259
    ],
    "Packets collided": [
        0.0,
        0.0
    ],
    "Destinatary out of range": [
        0.0,
        0.0
    ],
    "Packets dropped": [
        0.0,
        0.0
    ],
    "Other causes of loss": [
        0.018750622906405032,
        0.0215676267265683
    ],
    "Queue MN Avg": [
        0.08249465373446083,
        0.08251260279198969
    ],
    "Queue MN Var": [
        6.124113971529138e-09,
        8.449306589342764e-09
    ],
    "Queue BR Avg": [
        0.03859537068298794,
        0.039119992821567064
    ],
    "Queue BR Var": [
        0.0004609418399634988,
        0.0006127414128946867
    ],
    "Upstream Delay Avg": [
        0.15922317809312111,
        0.15958570629150734
    ],
    "Upstream Delay 95th Perc": [
        0.300696585659002,
        0.30104388301408364
    ],
    "Upstream Delay Var": [
        0.008263062173875077,
        0.008276258149849136
    ],
    "Downstream Delay Avg": [
        0.16500000000085036,
        0.1650000000068655
    ],
    "Downstream Delay 95th Perc": [
        0.16500000212847296,
        0.16500000234875564
    ],
    "Downstream Delay Var": [
        1.6387425296131168e-18,
        1.8330683323837002e-18
    ],
    "RTT Avg": [
        1298.607380886125,
        1300.6499926053473
    ],
    "RTT 95th Perc": [
        2290.3179019996546,
        2292.803506230501
    ],
    "RTT Var": [
        403612.6845954126,
        405219.0732411293
    ]
}