{
    "Upstream PDR": [
        0.5975542419022323,
        0.5992083555003652
    ],
    "Downstream PDR": [
        0.8454448201255398,
        0.8469160209731661
    ],
    "TicToc PDR": [
        0.5055358246272058,
        0.507140539009158
    ],
    "Packets retransmitted per node AVG": [
        0.0,
        0.0
    ],
    "Counter of retransmission per packet AVG": [
        0.0,
        0.0
    ],
    "Intertime of retransmissions AVG": [
        0.0,
        0.0
    ],
    "Packets delivered": [
        0.8749228575035517,
        0.8763536665732667
    ],
    "Packets lost due to noise": [
        0.10260541245210272,
        0.10350411870415735
    ],
    "Packets collided": [
        0.0,
        0.0
    ],
    "Destinatary out of range": [
        0.0,
        0.0
    ],
    "Packets dropped": [
        0.0,
        0.0
    ],
    "Other causes of loss": [
        0.020567125496180144,
        0.02204681927074085
    ],
    "Queue MN Avg": [
        218.89581090451819,
        218.91399058416758
    ],
    "Queue MN Var": [
        0.085771876064893,
        0.09069230346439136
    ],
    "Queue BR Avg": [
        2.3810262511695415,
        2.3876085549987387
    ],
    "Queue BR Var": [
        1.9272375032518263,
        2.0043608594612863
    ],
    "Upstream Delay Avg": [
        437.8295404850389,
        438.10094695585445
    ],
    "Upstream Delay 95th Perc": [
        771.2290199701464,
        771.4423888090834
    ],
    "Upstream Delay Var": [
        45739.051730867315,
        45794.9720199025
    ],
    "Downstream Delay Avg": [
        1.5150000000768962,
        1.5150000001029855
    ],
    "Downstream Delay 95th Perc": [
        1.5150000096556737,
        1.515000009820941
    ],
    "Downstream Delay Var": [
        3.948905172889437e-17,
        4.2484057528968586e-17
    ],
    "RTT Avg": [
        1299.2751505881415,
        1301.1187618954941
    ],
    "RTT 95th Perc": [
        2286.551848679143,
        2288.112439540621
    ],
    "RTT Var": [
        402665.22815303627,
        403656.6735048043
    ]
}