{
    "Upstream PDR": [
        0.9929188680887101,
        0.9967391405692986
    ],
    "Downstream PDR": [
        0.973512001596679,
        0.9768345537744137
    ],
    "TicToc PDR": [
        0.9674253705677517,
        0.9728464909041094
    ],
    "Packets retransmitted per node AVG": [
        0.0,
        0.0
    ],
    "Counter of retransmission per packet AVG": [
        0.0,
        0.0
    ],
    "Intertime of retransmissions AVG": [
        0.0,
        0.0
    ],
    "Packets delivered": [
        0.9835996557258286,
        0.9863460981409329
    ],
    "Packets lost due to noise": [
        0.012082652704898724,
        0.013839185945859324
    ],
    "Packets collided": [
        0.0,
        0.0
    ],
    "Destinatary out of range": [
        0.0,
        0.0
    ],
    "Packets dropped": [
        0.0,
        0.0
    ],
    "Other causes of loss": [
        0.0011580043190600445,
        0.002974403163420715
    ],
    "Queue MN Avg": [
        0.4575029284162112,
        0.45752699704376765
    ],
    "Queue MN Var": [
        1.2154578876961784e-07,
        1.3425771584941164e-07
    ],
    "Queue BR Avg": [
        0.7173391855284713,
        0.7200846106909812
    ],
    "Queue BR Var": [
        0.3108165663884893,
        0.3580626785169907
    ],
    "Upstream Delay Avg": [
        0.9083149098729214,
        0.9094356147943797
    ],
    "Upstream Delay 95th Perc": [
        1.7257025785110225,
        1.726010921733092
    ],
    "Upstream Delay Var": [
        0.2744882066515961,
        0.27452875703222746
    ],
    "Downstream Delay Avg": [
        0.9149977675679971,
        0.9150385671675735
    ],
    "Downstream Delay 95th Perc": [
        0.9149999997446305,
        0.915000000787406
    ],
    "Downstream Delay Var": [
        -4.024288536497396e-06,
        6.962561284222396e-05
    ],
    "RTT Avg": [
        1299.804167177293,
        1300.1762156592135
    ],
    "RTT 95th Perc": [
        2289.1367172542036,
        2289.8655742132983
    ],
    "RTT Var": [
        403642.1735966221,
        403920.3831712508
    ]
}