{
    "Upstream PDR": [
        0.9654111923629215,
        0.9710251712734416
    ],
    "Downstream PDR": [
        0.9070337888314692,
        0.922876588385505
    ],
    "TicToc PDR": [
        0.8769809911787776,
        0.8949280997303135
    ],
    "Packets retransmitted per node AVG": [
        0.0,
        0.0
    ],
    "Counter of retransmission per packet AVG": [
        0.0,
        0.0
    ],
    "Intertime of retransmissions AVG": [
        0.0,
        0.0
    ],
    "Packets delivered": [
        0.9373187384746112,
        0.9465754951228834
    ],
    "Packets lost due to noise": [
        0.04673134831970136,
        0.05445607185534986
    ],
    "Packets collided": [
        0.0,
        0.0
    ],
    "Destinatary out of range": [
        0.0,
        0.0
    ],
    "Packets dropped": [
        0.0,
        0.0
    ],
    "Other causes of loss": [
        0.006631090255761548,
        0.008287255971692815
    ],
    "Queue MN Avg": [
        0.15750735524841583,
        0.15752651178847069
    ],
    "Queue MN Var": [
        2.123462199630079e-08,
        2.5454434928505526e-08
    ],
    "Queue BR Avg": [
        0.12164709562373377,
        0.12235504724302187
    ],
    "Queue BR Var": [
        0.016988011584106597,
        0.020834809980487968
    ],
    "Upstream Delay Avg": [
        0.30906972708155317,
        0.30934529251445847
    ],
    "Upstream Delay 95th Perc": [
        0.5857101523448164,
        0.5859754672297549
    ],
    "Upstream Delay Var": [
        0.03150042794023508,
        0.0315240194447262
    ],
    "Downstream Delay Avg": [
        0.31499999999999784,
        0.31499999999999795
    ],
    "Downstream Delay 95th Perc": [
        0.31499999999999995,
        0.31500000000000006
    ],
    "Downstream Delay Var": [
        3.628831413200424e-30,
        3.664683937973553e-30
    ],
    "RTT Avg": [
        1299.4685170161636,
        1300.9291384805845
    ],
    "RTT 95th Perc": [
        2289.15846366201,
        2290.218001696603
    ],
    "RTT Var": [
        403349.9413720102,
        403997.68482405174
    ]
}