{
    "Upstream PDR": [
        0.9745864747273495,
        0.9751866854458103
    ],
    "Downstream PDR": [
        0.0,
        0.0
    ],
    "TicToc PDR": [
        0.0,
        0.0
    ],
    "Packets retransmitted per node AVG": [
        0.0,
        0.0
    ],
    "Counter of retransmission per packet AVG": [
        0.0,
        0.0
    ],
    "Intertime of retransmissions AVG": [
        0.0,
        0.0
    ],
    "Packets delivered": [
        0.9746722966081458,
        0.9753124902071517
    ],
    "Packets lost due to noise": [
        0.02446453549676775,
        0.025071598506373558
    ],
    "Packets collided": [
        0.0,
        0.0
    ],
    "Destinatary out of range": [
        0.0,
        0.0
    ],
    "Packets dropped": [
        0.0,
        0.0
    ],
    "Other causes of loss": [
        0.00020380784414129844,
        0.00027527133741962333
    ],
    "Queue MN Avg": [
        0.1499926536324523,
        0.15000881390652382
    ],
    "Queue MN Var": [
        1.3752453484324924e-08,
        1.5899872018943937e-08
    ],
    "Queue BR Avg": [
        0.0,
        0.0
    ],
    "Queue BR Var": [
        0.0,
        0.0
    ],
    "Upstream Delay Avg": [
        0.2940896730458972,
        0.29426792212711134
    ],
    "Upstream Delay 95th Perc": [
        0.5573667155724907,
        0.5575741494510523
    ],
    "Upstream Delay Var": [
        0.028505435017273616,
        0.028521789701854185
    ],
    "Downstream Delay Avg": [
        0.0,
        0.0
    ],
    "Downstream Delay 95th Perc": [
        0.0,
        0.0
    ],
    "Downstream Delay Var": [
        0.0,
        0.0
    ],
    "RTT Avg": [
        0.0,
        0.0
    ],
    "RTT 95th Perc": [
        0.0,
        0.0
    ],
    "RTT Var": [
        0.0,
        0.0
    ]
}