{
    "Upstream PDR": [
        0.6447150482143773,
        0.6466359159729507
    ],
    "Downstream PDR": [
        0.9103661220911037,
        0.9113268494967135
    ],
    "TicToc PDR": [
        0.5871998136918827,
        0.5890222248756102
    ],
    "Packets retransmitted per node AVG": [
        0.0,
        0.0
    ],
    "Counter of retransmission per packet AVG": [
        0.0,
        0.0
    ],
    "Intertime of retransmissions AVG": [
        0.0,
        0.0
    ],
    "Packets delivered": [
        0.9419259438485452,
        0.9434836099675534
    ],
    "Packets lost due to noise": [
        0.048361233360746804,
        0.04884517913707367
    ],
    "Packets collided": [
        0.0,
        0.0
    ],
    "Destinatary out of range": [
        0.0,
        0.0
    ],
    "Packets dropped": [
        0.0,
        0.0
    ],
    "Other causes of loss": [
        0.007922958339926489,
        0.009461075346154939
    ],
    "Queue MN Avg": [
        218.89612936973177,
        218.91448555039634
    ],
    "Queue MN Var": [
        0.08594530107304355,
        0.09109982662952135
    ],
    "Queue BR Avg": [
        1.9523871096728131,
        1.9582018723447836
    ],
    "Queue BR Var": [
        1.1980535072686387,
        1.2648550275545938
    ],
    "Upstream Delay Avg": [
        437.80538338567396,
        437.90798603717997
    ],
    "Upstream Delay 95th Perc": [
        771.2221527951843,
        771.3214637959551
    ],
    "Upstream Delay Var": [
        45741.96595358471,
        45760.504113814146
    ],
    "Downstream Delay Avg": [
        1.5150000001455595,
        1.5150000001848463
    ],
    "Downstream Delay 95th Perc": [
        1.5150000097325276,
        1.5150000099913055
    ],
    "Downstream Delay Var": [
        4.028573732216647e-17,
        4.53019408884063e-17
    ],
    "RTT Avg": [
        1299.3703554335034,
        1300.0818323880158
    ],
    "RTT 95th Perc": [
        2288.3958637214196,
        2288.9801717574733
    ],
    "RTT Var": [
        403171.82443037844,
        403603.6781351824
    ]
}