{
    "Upstream PDR": [
        0.9669930186081637,
        0.9702056826905374
    ],
    "Downstream PDR": [
        0.0,
        0.0
    ],
    "TicToc PDR": [
        0.0,
        0.0
    ],
    "Packets retransmitted per node AVG": [
        0.0,
        0.0
    ],
    "Counter of retransmission per packet AVG": [
        0.0,
        0.0
    ],
    "Intertime of retransmissions AVG": [
        0.0,
        0.0
    ],
    "Packets delivered": [
        0.96717316467421,
        0.9703339300004074
    ],
    "Packets lost due to noise": [
        0.028618877004975445,
        0.030642442426475826
    ],
    "Packets collided": [
        0.0,
        0.0
    ],
    "Destinatary out of range": [
        0.0,
        0.0
    ],
    "Packets dropped": [
        0.0,
        0.0
    ],
    "Other causes of loss": [
        0.00022374701003271213,
        0.003007838883898637
    ],
    "Queue MN Avg": [
        0.19499138609246475,
        0.1950104645650489
    ],
    "Queue MN Var": [
        3.0982608822260384e-08,
        3.4632818304098504e-08
    ],
    "Queue BR Avg": [
        0.0,
        0.0
    ],
    "Queue BR Var": [
        0.0,
        0.0
    ],
    "Upstream Delay Avg": [
        0.38404899029118245,
        0.38438477636212987
    ],
    "Upstream Delay 95th Perc": [
        0.728426104665016,
        0.7286599502804694
    ],
    "Upstream Delay Var": [
        0.04876181358126154,
        0.0487944762103851
    ],
    "Downstream Delay Avg": [
        0.0,
        0.0
    ],
    "Downstream Delay 95th Perc": [
        0.0,
        0.0
    ],
    "Downstream Delay Var": [
        0.0,
        0.0
    ],
    "RTT Avg": [
        0.0,
        0.0
    ],
    "RTT 95th Perc": [
        0.0,
        0.0
    ],
    "RTT Var": [
        0.0,
        0.0
    ]
}