{
    "Upstream PDR": [
        0.9646185394004588,
        0.9706157463138275
    ],
    "Downstream PDR": [
        0.0,
        0.0
    ],
    "TicToc PDR": [
        0.0,
        0.0
    ],
    "Packets retransmitted per node AVG": [
        0.0,
        0.0
    ],
    "Counter of retransmission per packet AVG": [
        0.0,
        0.0
    ],
    "Intertime of retransmissions AVG": [
        0.0,
        0.0
    ],
    "Packets delivered": [
        0.9645584526316311,
        0.9705713653636703
    ],
    "Packets lost due to noise": [
        0.02813453284899912,
        0.032516495464164664
    ],
    "Packets collided": [
        0.0,
        0.0
    ],
    "Destinatary out of range": [
        0.0,
        0.0
    ],
    "Packets dropped": [
        0.0,
        0.0
    ],
    "Other causes of loss": [
        0.0004868639701754694,
        0.003732289721359627
    ],
    "Queue MN Avg": [
        0.24737120567952375,
        0.24763849371487412
    ],
    "Queue MN Var": [
        1.2368836079795844e-05,
        1.3512232166187261e-05
    ],
    "Queue BR Avg": [
        0.0,
        0.0
    ],
    "Queue BR Var": [
        0.0,
        0.0
    ],
    "Upstream Delay Avg": [
        0.48897815605402306,
        0.4895124092723039
    ],
    "Upstream Delay 95th Perc": [
        0.9278106305903534,
        0.9282790882173039
    ],
    "Upstream Delay Var": [
        0.07921537934633963,
        0.07925530183679314
    ],
    "Downstream Delay Avg": [
        0.0,
        0.0
    ],
    "Downstream Delay 95th Perc": [
        0.0,
        0.0
    ],
    "Downstream Delay Var": [
        0.0,
        0.0
    ],
    "RTT Avg": [
        0.0,
        0.0
    ],
    "RTT 95th Perc": [
        0.0,
        0.0
    ],
    "RTT Var": [
        0.0,
        0.0
    ]
}