{
    "Upstream PDR": [
        0.9000739433265665,
        0.9031059268033035
    ],
    "Downstream PDR": [
        0.0,
        0.0
    ],
    "TicToc PDR": [
        0.0,
        0.0
    ],
    "Packets retransmitted per node AVG": [
        0.0,
        0.0
    ],
    "Counter of retransmission per packet AVG": [
        0.0,
        0.0
    ],
    "Intertime of retransmissions AVG": [
        0.0,
        0.0
    ],
    "Packets delivered": [
        0.9001668233808969,
        0.9031767167024832
    ],
    "Packets lost due to noise": [
        0.09142324788415095,
        0.092594719479841
    ],
    "Packets collided": [
        0.0,
        0.0
    ],
    "Destinatary out of range": [
        0.0,
        0.0
    ],
    "Packets dropped": [
        0.0,
        0.0
    ],
    "Other causes of loss": [
        0.0047405196104695286,
        0.007897972942158316
    ],
    "Queue MN Avg": [
        0.3824618967320262,
        0.3825099586589384
    ],
    "Queue MN Var": [
        4.831275584511972e-07,
        5.250961449632612e-07
    ],
    "Queue BR Avg": [
        0.0,
        0.0
    ],
    "Queue BR Var": [
        0.0,
        0.0
    ],
    "Upstream Delay Avg": [
        0.758812783835808,
        0.7593637581904208
    ],
    "Upstream Delay 95th Perc": [
        1.4406026761497883,
        1.440962517349754
    ],
    "Upstream Delay Var": [
        0.191194756516165,
        0.1913038950276699
    ],
    "Downstream Delay Avg": [
        0.0,
        0.0
    ],
    "Downstream Delay 95th Perc": [
        0.0,
        0.0
    ],
    "Downstream Delay Var": [
        0.0,
        0.0
    ],
    "RTT Avg": [
        0.0,
        0.0
    ],
    "RTT 95th Perc": [
        0.0,
        0.0
    ],
    "RTT Var": [
        0.0,
        0.0
    ]
}