{
    "Upstream PDR": [
        0.9394839603924017,
        0.9427067631697508
    ],
    "Downstream PDR": [
        0.9695768806175998,
        0.9708997872613888
    ],
    "TicToc PDR": [
        0.9112944309896268,
        0.9148829345020247
    ],
    "Packets retransmitted per node AVG": [
        0.0,
        0.0
    ],
    "Counter of retransmission per packet AVG": [
        0.0,
        0.0
    ],
    "Intertime of retransmissions AVG": [
        0.0,
        0.0
    ],
    "Packets delivered": [
        0.9817735277527984,
        0.9837739932793856
    ],
    "Packets lost due to noise": [
        0.01444652327206919,
        0.015145356816755693
    ],
    "Packets collided": [
        -5.362261083917243e-07,
        1.1342826910371366e-05
    ],
    "Destinatary out of range": [
        0.0,
        0.0
    ],
    "Packets dropped": [
        0.0,
        0.0
    ],
    "Other causes of loss": [
        0.0015670934862702928,
        0.00328269879191933
    ],
    "Queue MN Avg": [
        35.74721440348576,
        35.77119622381915
    ],
    "Queue MN Var": [
        0.07819415112126654,
        0.08432095484710347
    ],
    "Queue BR Avg": [
        0.9214678725278619,
        0.9245100124714966
    ],
    "Queue BR Var": [
        0.07533806052811184,
        0.09464392690935708
    ],
    "Upstream Delay Avg": [
        71.47843265510824,
        71.52708823657042
    ],
    "Upstream Delay 95th Perc": [
        125.31638677476124,
        125.36378637333306
    ],
    "Upstream Delay Var": [
        1193.0895510633504,
        1193.2252685923131
    ],
    "Downstream Delay Avg": [
        1.0649804105040614,
        1.0652281418588754
    ],
    "Downstream Delay 95th Perc": [
        1.0650000163775113,
        1.0650000169869118
    ],
    "Downstream Delay Var": [
        -4.046566642368124e-05,
        0.000469732371171918
    ],
    "RTT Avg": [
        1299.9354316609458,
        1300.2406283767552
    ],
    "RTT 95th Perc": [
        2289.849941893113,
        2290.080972403412
    ],
    "RTT Var": [
        403549.5983884394,
        403677.46047490323
    ]
}