{
    "Upstream PDR": [
        0.9933772244457159,
        0.9969526456841545
    ],
    "Downstream PDR": [
        0.971449878557549,
        0.9729350005172216
    ],
    "TicToc PDR": [
        0.9655105747146469,
        0.9694764382723664
    ],
    "Packets retransmitted per node AVG": [
        0.0,
        0.0
    ],
    "Counter of retransmission per packet AVG": [
        0.0,
        0.0
    ],
    "Intertime of retransmissions AVG": [
        0.0,
        0.0
    ],
    "Packets delivered": [
        0.982559265413347,
        0.984637612890074
    ],
    "Packets lost due to noise": [
        0.013717522995450652,
        0.014518776333311806
    ],
    "Packets collided": [
        -1.21615621736344e-06,
        7.388661398157048e-06
    ],
    "Destinatary out of range": [
        0.0,
        0.0
    ],
    "Packets dropped": [
        0.0,
        0.0
    ],
    "Other causes of loss": [
        0.0013799480611393035,
        0.0031807018014966583
    ],
    "Queue MN Avg": [
        0.457486732308837,
        0.4575112254733667
    ],
    "Queue MN Var": [
        1.1632832614874252e-07,
        1.3032010579829356e-07
    ],
    "Queue BR Avg": [
        0.7176685568059652,
        0.7202395170760495
    ],
    "Queue BR Var": [
        0.04994817235564882,
        0.061885771622323595
    ],
    "Upstream Delay Avg": [
        0.9083049580963867,
        0.9092017248092914
    ],
    "Upstream Delay 95th Perc": [
        1.7257087666195579,
        1.7259120975755853
    ],
    "Upstream Delay Var": [
        0.27450135638903606,
        0.27453451718356536
    ],
    "Downstream Delay Avg": [
        0.9149967769333962,
        0.9150206528545504
    ],
    "Downstream Delay 95th Perc": [
        0.9150000158292135,
        0.9150000159768603
    ],
    "Downstream Delay Var": [
        -5.828273617674151e-06,
        3.7340316397515594e-05
    ],
    "RTT Avg": [
        1299.888598344614,
        1300.1079520210078
    ],
    "RTT 95th Perc": [
        2290.063434002545,
        2290.2863884581734
    ],
    "RTT Var": [
        403796.5612143945,
        403977.3396674921
    ]
}