{
    "Upstream PDR": [
        0.9966972375639099,
        0.9973884767218041
    ],
    "Downstream PDR": [
        0.9739143258714067,
        0.9761847394926102
    ],
    "TicToc PDR": [
        0.9708667031062956,
        0.973468361828769
    ],
    "Packets retransmitted per node AVG": [
        0.0,
        0.0
    ],
    "Counter of retransmission per packet AVG": [
        0.0,
        0.0
    ],
    "Intertime of retransmissions AVG": [
        0.0,
        0.0
    ],
    "Packets delivered": [
        0.9853489652267421,
        0.9866495432108681
    ],
    "Packets lost due to noise": [
        0.012308528464404472,
        0.013507923031841246
    ],
    "Packets collided": [
        0.0,
        0.0
    ],
    "Destinatary out of range": [
        0.0,
        0.0
    ],
    "Packets dropped": [
        0.0,
        0.0
    ],
    "Other causes of loss": [
        0.0010225753738872631,
        0.001162464692257152
    ],
    "Queue MN Avg": [
        0.15748708701597997,
        0.15750727334782455
    ],
    "Queue MN Var": [
        2.016986796767e-08,
        2.4157765016580824e-08
    ],
    "Queue BR Avg": [
        0.08262566514276434,
        0.08268287846745218
    ],
    "Queue BR Var": [
        0.0017703085316595022,
        0.0023474703312602336
    ],
    "Upstream Delay Avg": [
        0.3091112295635792,
        0.3093151641918152
    ],
    "Upstream Delay 95th Perc": [
        0.5857644054899883,
        0.5860350251384118
    ],
    "Upstream Delay Var": [
        0.031513284903800245,
        0.031520324905671845
    ],
    "Downstream Delay Avg": [
        0.31500000001747663,
        0.3150000000212688
    ],
    "Downstream Delay 95th Perc": [
        0.3150000030690826,
        0.3150000031116661
    ],
    "Downstream Delay Var": [
        3.3623462767367918e-18,
        3.544811819281567e-18
    ],
    "RTT Avg": [
        1299.8967586305216,
        1300.4397586039986
    ],
    "RTT 95th Perc": [
        2290.108963101695,
        2290.478173639238
    ],
    "RTT Var": [
        403807.78223094327,
        404042.8829497733
    ]
}