{
    "Upstream PDR": [
        0.7317578609293508,
        0.734082831711342
    ],
    "Downstream PDR": [
        0.9738509670629367,
        0.9750742755005879
    ],
    "TicToc PDR": [
        0.7129311416528585,
        0.7154775163557994
    ],
    "Packets retransmitted per node AVG": [
        0.0,
        0.0
    ],
    "Counter of retransmission per packet AVG": [
        0.0,
        0.0
    ],
    "Intertime of retransmissions AVG": [
        0.0,
        0.0
    ],
    "Packets delivered": [
        0.9839492126569137,
        0.9857476016293963
    ],
    "Packets lost due to noise": [
        0.012450131614063631,
        0.013108535872532205
    ],
    "Packets collided": [
        -2.674066389550099e-06,
        8.245247043439572e-06
    ],
    "Destinatary out of range": [
        0.0,
        0.0
    ],
    "Packets dropped": [
        0.0,
        0.0
    ],
    "Other causes of loss": [
        0.0015780772943812709,
        0.003160869752059023
    ],
    "Queue MN Avg": [
        171.32876992639635,
        171.34605466477828
    ],
    "Queue MN Var": [
        0.08496281390328937,
        0.09064265213973034
    ],
    "Queue BR Avg": [
        1.1829180426726407,
        1.1865117055906824
    ],
    "Queue BR Var": [
        0.1307135035349956,
        0.15988800337621578
    ],
    "Upstream Delay Avg": [
        342.70180057445725,
        342.743883070115
    ],
    "Upstream Delay 95th Perc": [
        603.5277390959684,
        603.5692942123248
    ],
    "Upstream Delay Var": [
        27989.291307318017,
        27992.824847192845
    ],
    "Downstream Delay Avg": [
        1.3646608184348636,
        1.3660458364607608
    ],
    "Downstream Delay 95th Perc": [
        1.3641726049186191,
        1.3675512094961424
    ],
    "Downstream Delay Var": [
        -0.0007228677377045377,
        0.0022288986916697414
    ],
    "RTT Avg": [
        1299.5995313552496,
        1299.9577356368375
    ],
    "RTT 95th Perc": [
        2288.7915144575754,
        2289.2507127611234
    ],
    "RTT Var": [
        402960.65019017947,
        403352.52169898234
    ]
}