{
    "Upstream PDR": [
        0.9692084915055579,
        0.9723265734295063
    ],
    "Downstream PDR": [
        0.9136244196972233,
        0.9196502594772055
    ],
    "TicToc PDR": [
        0.8859952100971454,
        0.8937320626301269
    ],
    "Packets retransmitted per node AVG": [
        0.0,
        0.0
    ],
    "Counter of retransmission per packet AVG": [
        0.0,
        0.0
    ],
    "Intertime of retransmissions AVG": [
        0.0,
        0.0
    ],
    "Packets delivered": [
        0.9421158707508059,
        0.9460902763753929
    ],
    "Packets lost due to noise": [
        0.047198941183976564,
        0.050557229335739015
    ],
    "Packets collided": [
        0.0,
        0.0
    ],
    "Destinatary out of range": [
        0.0,
        0.0
    ],
    "Packets dropped": [
        0.0,
        0.0
    ],
    "Other causes of loss": [
        0.006682716640630396,
        0.00735496571345487
    ],
    "Queue MN Avg": [
        0.15748708701597997,
        0.15750727334782455
    ],
    "Queue MN Var": [
        2.016986796767e-08,
        2.4157765016580824e-08
    ],
    "Queue BR Avg": [
        0.12212701213580189,
        0.12251990768775657
    ],
    "Queue BR Var": [
        0.0033078414477852374,
        0.004394765850729071
    ],
    "Upstream Delay Avg": [
        0.3090948087586754,
        0.3093276555872369
    ],
    "Upstream Delay 95th Perc": [
        0.5856643381321844,
        0.5859441586169014
    ],
    "Upstream Delay Var": [
        0.03150368694840512,
        0.031526059455136576
    ],
    "Downstream Delay Avg": [
        0.31499999999999084,
        0.3150000000013442
    ],
    "Downstream Delay 95th Perc": [
        0.3150000007670544,
        0.31500000077916274
    ],
    "Downstream Delay Var": [
        2.1073006151347946e-19,
        2.219700181905931e-19
    ],
    "RTT Avg": [
        1299.709601943407,
        1301.2678162995567
    ],
    "RTT 95th Perc": [
        2288.5684424901197,
        2290.570808564906
    ],
    "RTT Var": [
        403220.68979451107,
        404766.8040342954
    ]
}