{
    "Upstream PDR": [
        0.9669713820176898,
        0.970267579021271
    ],
    "Downstream PDR": [
        0.0,
        0.0
    ],
    "TicToc PDR": [
        0.0,
        0.0
    ],
    "Packets retransmitted per node AVG": [
        0.0,
        0.0
    ],
    "Counter of retransmission per packet AVG": [
        0.0,
        0.0
    ],
    "Intertime of retransmissions AVG": [
        0.0,
        0.0
    ],
    "Packets delivered": [
        0.966888450670281,
        0.9702690650620832
    ],
    "Packets lost due to noise": [
        0.027467401155164977,
        0.028784234579061294
    ],
    "Packets collided": [
        0.0,
        0.0
    ],
    "Destinatary out of range": [
        0.0,
        0.0
    ],
    "Packets dropped": [
        0.0,
        0.0
    ],
    "Other causes of loss": [
        0.001824821649093209,
        0.004766026884316686
    ],
    "Queue MN Avg": [
        0.48000944951041546,
        0.4800606261322432
    ],
    "Queue MN Var": [
        6.168186727807376e-07,
        6.708063585332075e-07
    ],
    "Queue BR Avg": [
        0.0,
        0.0
    ],
    "Queue BR Var": [
        0.0,
        0.0
    ],
    "Upstream Delay Avg": [
        0.9536674472629478,
        0.9541355265097748
    ],
    "Upstream Delay 95th Perc": [
        1.8111745892679005,
        1.8114003476699851
    ],
    "Upstream Delay Var": [
        0.30238909734773445,
        0.30247754655108006
    ],
    "Downstream Delay Avg": [
        0.0,
        0.0
    ],
    "Downstream Delay 95th Perc": [
        0.0,
        0.0
    ],
    "Downstream Delay Var": [
        0.0,
        0.0
    ],
    "RTT Avg": [
        0.0,
        0.0
    ],
    "RTT 95th Perc": [
        0.0,
        0.0
    ],
    "RTT Var": [
        0.0,
        0.0
    ]
}