{
    "Upstream PDR": [
        0.9966067617792995,
        0.997575056402519
    ],
    "Downstream PDR": [
        0.9739160516110772,
        0.9766826498147076
    ],
    "TicToc PDR": [
        0.9708091273126943,
        0.9741207428171755
    ],
    "Packets retransmitted per node AVG": [
        0.0,
        0.0
    ],
    "Counter of retransmission per packet AVG": [
        0.0,
        0.0
    ],
    "Intertime of retransmissions AVG": [
        0.0,
        0.0
    ],
    "Packets delivered": [
        0.9850785444550978,
        0.9868109974884645
    ],
    "Packets lost due to noise": [
        0.012186405407281931,
        0.013764640307565471
    ],
    "Packets collided": [
        0.0,
        0.0
    ],
    "Destinatary out of range": [
        0.0,
        0.0
    ],
    "Packets dropped": [
        0.0,
        0.0
    ],
    "Other causes of loss": [
        0.0009783303774175795,
        0.0011810819641734133
    ],
    "Queue MN Avg": [
        0.08249465373446083,
        0.08251260279198969
    ],
    "Queue MN Var": [
        6.124113971529138e-09,
        8.449306589342764e-09
    ],
    "Queue BR Avg": [
        0.021637397600061024,
        0.021658315261519123
    ],
    "Queue BR Var": [
        0.0002518389262496764,
        0.000311987661665433
    ],
    "Upstream Delay Avg": [
        0.15920112438505105,
        0.15951828672117072
    ],
    "Upstream Delay 95th Perc": [
        0.3007530970104002,
        0.3010639626548569
    ],
    "Upstream Delay Var": [
        0.008268423593946684,
        0.008271286753748185
    ],
    "Downstream Delay Avg": [
        0.16499999999924203,
        0.16500000000055037
    ],
    "Downstream Delay 95th Perc": [
        0.1650000005407317,
        0.16500000059519973
    ],
    "Downstream Delay Var": [
        1.0595047022708214e-19,
        1.185544168488871e-19
    ],
    "RTT Avg": [
        1299.6613392930724,
        1300.4478305280606
    ],
    "RTT 95th Perc": [
        2289.730034046339,
        2290.511374123971
    ],
    "RTT Var": [
        403142.4821244326,
        403851.9722488811
    ]
}