{
    "Upstream PDR": [
        0.9659705160663772,
        0.9703403064444449
    ],
    "Downstream PDR": [
        0.9140558693951744,
        0.9169325962406756
    ],
    "TicToc PDR": [
        0.883492479527722,
        0.8892114165761743
    ],
    "Packets retransmitted per node AVG": [
        0.0,
        0.0
    ],
    "Counter of retransmission per packet AVG": [
        0.0,
        0.0
    ],
    "Intertime of retransmissions AVG": [
        0.0,
        0.0
    ],
    "Packets delivered": [
        0.9407078105744358,
        0.9437669453342405
    ],
    "Packets lost due to noise": [
        0.04866471861274845,
        0.05054982440442255
    ],
    "Packets collided": [
        -2.3846444701644775e-06,
        9.048810898732448e-06
    ],
    "Destinatary out of range": [
        -3.047454688738862e-07,
        1.972880453008026e-06
    ],
    "Packets dropped": [
        0.0,
        0.0
    ],
    "Other causes of loss": [
        0.0071905883743849115,
        0.009111780398355434
    ],
    "Queue MN Avg": [
        0.457486732308837,
        0.4575112254733667
    ],
    "Queue MN Var": [
        1.1632832614874252e-07,
        1.3032010579829356e-07
    ],
    "Queue BR Avg": [
        1.060795287343805,
        1.0655464453792387
    ],
    "Queue BR Var": [
        0.0911026155323952,
        0.12034575035995713
    ],
    "Upstream Delay Avg": [
        0.9082553857288946,
        0.909200970053097
    ],
    "Upstream Delay 95th Perc": [
        1.725558880379137,
        1.7259011749234339
    ],
    "Upstream Delay Var": [
        0.2744724924555279,
        0.27456618538656813
    ],
    "Downstream Delay Avg": [
        0.9149928774369629,
        0.9150982261900786
    ],
    "Downstream Delay 95th Perc": [
        0.9150000062432707,
        0.9150000064863545
    ],
    "Downstream Delay Var": [
        -1.2534925942266125e-05,
        0.00017513702871506268
    ],
    "RTT Avg": [
        1299.5980324023335,
        1300.1213559024718
    ],
    "RTT 95th Perc": [
        2289.235717356846,
        2289.8332337075044
    ],
    "RTT Var": [
        403414.9419655229,
        403802.40541500744
    ]
}