{
    "Upstream PDR": [
        0.996766631174534,
        0.9974480874401848
    ],
    "Downstream PDR": [
        0.9732055010359323,
        0.9749825170705048
    ],
    "TicToc PDR": [
        0.9701601698737067,
        0.9723956742821379
    ],
    "Packets retransmitted per node AVG": [
        0.0,
        0.0
    ],
    "Counter of retransmission per packet AVG": [
        0.0,
        0.0
    ],
    "Intertime of retransmissions AVG": [
        0.0,
        0.0
    ],
    "Packets delivered": [
        0.9851132190870061,
        0.9862296282902304
    ],
    "Packets lost due to noise": [
        0.012628884774516033,
        0.01363999946439067
    ],
    "Packets collided": [
        0.0,
        0.0
    ],
    "Destinatary out of range": [
        0.0,
        0.0
    ],
    "Packets dropped": [
        0.0,
        0.0
    ],
    "Other causes of loss": [
        0.0011269781866488668,
        0.0012612901972077137
    ],
    "Queue MN Avg": [
        0.2324832628043281,
        0.2325058507822408
    ],
    "Queue MN Var": [
        3.112562700858488e-08,
        3.639729782985205e-08
    ],
    "Queue BR Avg": [
        0.1829324368153045,
        0.18305485219028986
    ],
    "Queue BR Var": [
        0.005661055134774508,
        0.0071764546634721154
    ],
    "Upstream Delay Avg": [
        0.4591154285319191,
        0.4593457781480057
    ],
    "Upstream Delay 95th Perc": [
        0.8707893314866886,
        0.8710122325535399
    ],
    "Upstream Delay Var": [
        0.06976314368716884,
        0.06977833018527745
    ],
    "Downstream Delay Avg": [
        0.4650000001756765,
        0.4650000001824826
    ],
    "Downstream Delay 95th Perc": [
        0.46500000791664353,
        0.4650000079747849
    ],
    "Downstream Delay Var": [
        3.125972708061009e-17,
        3.2286847230311534e-17
    ],
    "RTT Avg": [
        1299.7655859243664,
        1300.1131128674729
    ],
    "RTT 95th Perc": [
        2289.705146774634,
        2289.972261398887
    ],
    "RTT Var": [
        403568.10120183305,
        403787.22776616673
    ]
}