{
    "Upstream PDR": [
        0.8907727022190439,
        0.8968766484303068
    ],
    "Downstream PDR": [
        0.8450643587068956,
        0.8522884920668106
    ],
    "TicToc PDR": [
        0.7532356529627866,
        0.7640431349160015
    ],
    "Packets retransmitted per node AVG": [
        0.0,
        0.0
    ],
    "Counter of retransmission per packet AVG": [
        0.0,
        0.0
    ],
    "Intertime of retransmissions AVG": [
        0.0,
        0.0
    ],
    "Packets delivered": [
        0.8692777644866929,
        0.8754154655687874
    ],
    "Packets lost due to noise": [
        0.10318037279161779,
        0.10833089667276052
    ],
    "Packets collided": [
        -1.030272440158272e-06,
        5.344214268759655e-06
    ],
    "Destinatary out of range": [
        -5.164639317265778e-07,
        4.414861358453891e-06
    ],
    "Packets dropped": [
        0.0,
        0.0
    ],
    "Other causes of loss": [
        0.02092096073073907,
        0.02286632741014718
    ],
    "Queue MN Avg": [
        0.457486732308837,
        0.4575112254733667
    ],
    "Queue MN Var": [
        1.1632832614874252e-07,
        1.3032010579829356e-07
    ],
    "Queue BR Avg": [
        1.2871058100342618,
        1.2959058489055035
    ],
    "Queue BR Var": [
        0.12158935935932767,
        0.15409296949551893
    ],
    "Upstream Delay Avg": [
        0.9084958881679887,
        0.9091920525078491
    ],
    "Upstream Delay 95th Perc": [
        1.7256981809449852,
        1.7260254119943865
    ],
    "Upstream Delay Var": [
        0.27439511316806375,
        0.274625270212541
    ],
    "Downstream Delay Avg": [
        0.9149951280299714,
        0.915079094804346
    ],
    "Downstream Delay 95th Perc": [
        0.9150000154957231,
        0.9150000157375827
    ],
    "Downstream Delay Var": [
        -8.666586384720933e-06,
        0.00014156447947922884
    ],
    "RTT Avg": [
        1299.6186119056406,
        1300.3887018328596
    ],
    "RTT 95th Perc": [
        2289.707372165644,
        2290.540464629927
    ],
    "RTT Var": [
        403694.7162749406,
        404238.68332742
    ]
}