{
    "Upstream PDR": [
        0.994592847225911,
        0.9974707891377251
    ],
    "Downstream PDR": [
        0.9722970863287524,
        0.9742785393262318
    ],
    "TicToc PDR": [
        0.967503355118544,
        0.9713550864398975
    ],
    "Packets retransmitted per node AVG": [
        0.0,
        0.0
    ],
    "Counter of retransmission per packet AVG": [
        0.0,
        0.0
    ],
    "Intertime of retransmissions AVG": [
        0.0,
        0.0
    ],
    "Packets delivered": [
        0.9836713433833176,
        0.9856580407318613
    ],
    "Packets lost due to noise": [
        0.013255802644546675,
        0.01428580375936161
    ],
    "Packets collided": [
        0.0,
        0.0
    ],
    "Destinatary out of range": [
        0.0,
        0.0
    ],
    "Packets dropped": [
        0.0,
        0.0
    ],
    "Other causes of loss": [
        0.0008491756834594125,
        0.0022798337974535726
    ],
    "Queue MN Avg": [
        0.307468757961982,
        0.3074982418875662
    ],
    "Queue MN Var": [
        6.435141246015331e-08,
        7.156453739791929e-08
    ],
    "Queue BR Avg": [
        0.3219609904132141,
        0.3228920842774497
    ],
    "Queue BR Var": [
        0.014480327112085628,
        0.018077345355951697
    ],
    "Upstream Delay Avg": [
        0.6090213540657484,
        0.6092842209771078
    ],
    "Upstream Delay 95th Perc": [
        1.1558208725774022,
        1.1560333076561413
    ],
    "Upstream Delay Var": [
        0.1230127100301756,
        0.12303049050982366
    ],
    "Downstream Delay Avg": [
        0.6150000003323346,
        0.615000000347182
    ],
    "Downstream Delay 95th Perc": [
        0.6150000126441384,
        0.6150000129691173
    ],
    "Downstream Delay Var": [
        5.628898175827172e-17,
        5.833890940614724e-17
    ],
    "RTT Avg": [
        1299.9737782732711,
        1300.3002848250592
    ],
    "RTT 95th Perc": [
        2289.9238970148112,
        2290.145418302954
    ],
    "RTT Var": [
        403644.9938665363,
        403859.1946638628
    ]
}