{
    "Upstream PDR": [
        0.9940829802164268,
        0.99712013666669
    ],
    "Downstream PDR": [
        0.9715489394699599,
        0.9732629186520751
    ],
    "TicToc PDR": [
        0.9663003306850644,
        0.9699614874967539
    ],
    "Packets retransmitted per node AVG": [
        0.0,
        0.0
    ],
    "Counter of retransmission per packet AVG": [
        0.0,
        0.0
    ],
    "Intertime of retransmissions AVG": [
        0.0,
        0.0
    ],
    "Packets delivered": [
        0.9830351309657231,
        0.9849232367537325
    ],
    "Packets lost due to noise": [
        0.013732995096501976,
        0.014623512058949685
    ],
    "Packets collided": [
        -5.300139353308344e-07,
        2.508567649774727e-06
    ],
    "Destinatary out of range": [
        0.0,
        0.0
    ],
    "Packets dropped": [
        0.0,
        0.0
    ],
    "Other causes of loss": [
        0.001038732446770963,
        0.002644414124607773
    ],
    "Queue MN Avg": [
        0.3824671238827403,
        0.3825479872243215
    ],
    "Queue MN Var": [
        4.711661425869667e-07,
        5.285377550187145e-07
    ],
    "Queue BR Avg": [
        0.5004536483326695,
        0.5019134198429221
    ],
    "Queue BR Var": [
        0.03259026342582513,
        0.04041311026079496
    ],
    "Upstream Delay Avg": [
        0.7591238033598907,
        0.7594195960987903
    ],
    "Upstream Delay 95th Perc": [
        1.440834398049475,
        1.4411494524245818
    ],
    "Upstream Delay Var": [
        0.19126727194510934,
        0.1913062242200415
    ],
    "Downstream Delay Avg": [
        0.7649861447412526,
        0.7650842509200274
    ],
    "Downstream Delay 95th Perc": [
        0.76500001526856,
        0.7650000154217572
    ],
    "Downstream Delay Var": [
        -2.050933887001506e-05,
        0.00012500024043736707
    ],
    "RTT Avg": [
        1299.6148933047268,
        1299.9313670848453
    ],
    "RTT 95th Perc": [
        2289.784233617066,
        2290.042231701377
    ],
    "RTT Var": [
        403804.1175267764,
        404075.3494268954
    ]
}