{
    "Upstream PDR": [
        0.9662234391723832,
        0.969762015373071
    ],
    "Downstream PDR": [
        0.0,
        0.0
    ],
    "TicToc PDR": [
        0.0,
        0.0
    ],
    "Packets retransmitted per node AVG": [
        0.0,
        0.0
    ],
    "Counter of retransmission per packet AVG": [
        0.0,
        0.0
    ],
    "Intertime of retransmissions AVG": [
        0.0,
        0.0
    ],
    "Packets delivered": [
        0.9663759256260132,
        0.9699296764281768
    ],
    "Packets lost due to noise": [
        0.027831022925627547,
        0.029141950223539204
    ],
    "Packets collided": [
        0.0,
        0.0
    ],
    "Destinatary out of range": [
        0.0,
        0.0
    ],
    "Packets dropped": [
        0.0,
        0.0
    ],
    "Other causes of loss": [
        0.001876870273554687,
        0.004844554523088424
    ],
    "Queue MN Avg": [
        0.48000944951041546,
        0.4800606261322432
    ],
    "Queue MN Var": [
        6.168186727807376e-07,
        6.708063585332075e-07
    ],
    "Queue BR Avg": [
        0.0,
        0.0
    ],
    "Queue BR Var": [
        0.0,
        0.0
    ],
    "Upstream Delay Avg": [
        0.9537141552989568,
        0.9543099857671948
    ],
    "Upstream Delay 95th Perc": [
        1.811167335294459,
        1.8114128532505682
    ],
    "Upstream Delay Var": [
        0.30226167816175137,
        0.3024650916590847
    ],
    "Downstream Delay Avg": [
        0.0,
        0.0
    ],
    "Downstream Delay 95th Perc": [
        0.0,
        0.0
    ],
    "Downstream Delay Var": [
        0.0,
        0.0
    ],
    "RTT Avg": [
        0.0,
        0.0
    ],
    "RTT 95th Perc": [
        0.0,
        0.0
    ],
    "RTT Var": [
        0.0,
        0.0
    ]
}