{
    "Upstream PDR": [
        0.9936461061141362,
        0.9972508635828337
    ],
    "Downstream PDR": [
        0.0,
        0.0
    ],
    "TicToc PDR": [
        0.0,
        0.0
    ],
    "Packets retransmitted per node AVG": [
        0.0,
        0.0
    ],
    "Counter of retransmission per packet AVG": [
        0.0,
        0.0
    ],
    "Intertime of retransmissions AVG": [
        0.0,
        0.0
    ],
    "Packets delivered": [
        0.9935252380278653,
        0.9971487188795122
    ],
    "Packets lost due to noise": [
        0.002533826407577683,
        0.0029306365163693253
    ],
    "Packets collided": [
        0.0,
        0.0
    ],
    "Destinatary out of range": [
        0.0,
        0.0
    ],
    "Packets dropped": [
        0.0,
        0.0
    ],
    "Other causes of loss": [
        0.00014770836290350377,
        0.0037138718057722064
    ],
    "Queue MN Avg": [
        0.2925007867106228,
        0.2925213400129107
    ],
    "Queue MN Var": [
        6.168369687908759e-08,
        6.640387320996038e-08
    ],
    "Queue BR Avg": [
        0.0,
        0.0
    ],
    "Queue BR Var": [
        0.0,
        0.0
    ],
    "Upstream Delay Avg": [
        0.5788674724999691,
        0.5791994030196491
    ],
    "Upstream Delay 95th Perc": [
        1.0987351353437012,
        1.0989819418463562
    ],
    "Upstream Delay Var": [
        0.11117239110137923,
        0.11118589755549012
    ],
    "Downstream Delay Avg": [
        0.0,
        0.0
    ],
    "Downstream Delay 95th Perc": [
        0.0,
        0.0
    ],
    "Downstream Delay Var": [
        0.0,
        0.0
    ],
    "RTT Avg": [
        0.0,
        0.0
    ],
    "RTT 95th Perc": [
        0.0,
        0.0
    ],
    "RTT Var": [
        0.0,
        0.0
    ]
}