{
    "Upstream PDR": [
        0.9689282255257019,
        0.9716449346474585
    ],
    "Downstream PDR": [
        0.9136862140228378,
        0.9180362195884982
    ],
    "TicToc PDR": [
        0.8856214562802369,
        0.8917066822479014
    ],
    "Packets retransmitted per node AVG": [
        0.0,
        0.0
    ],
    "Counter of retransmission per packet AVG": [
        0.0,
        0.0
    ],
    "Intertime of retransmissions AVG": [
        0.0,
        0.0
    ],
    "Packets delivered": [
        0.9418083674654776,
        0.9449595103076642
    ],
    "Packets lost due to noise": [
        0.04815968554873294,
        0.050748502736012155
    ],
    "Packets collided": [
        0.0,
        0.0
    ],
    "Destinatary out of range": [
        0.0,
        0.0
    ],
    "Packets dropped": [
        0.0,
        0.0
    ],
    "Other causes of loss": [
        0.0068548780039114745,
        0.007469055938201955
    ],
    "Queue MN Avg": [
        0.2324832628043281,
        0.2325058507822408
    ],
    "Queue MN Var": [
        3.112562700858488e-08,
        3.639729782985205e-08
    ],
    "Queue BR Avg": [
        0.2702917720845777,
        0.2710453223044967
    ],
    "Queue BR Var": [
        0.010667581496470097,
        0.013669685610767434
    ],
    "Upstream Delay Avg": [
        0.45909283654861405,
        0.45935545271614514
    ],
    "Upstream Delay 95th Perc": [
        0.870760837907594,
        0.8710223301768631
    ],
    "Upstream Delay Var": [
        0.06976115087235878,
        0.06979550189645838
    ],
    "Downstream Delay Avg": [
        0.46499999999976743,
        0.4650000000013363
    ],
    "Downstream Delay 95th Perc": [
        0.46500000078539355,
        0.4650000007936617
    ],
    "Downstream Delay Var": [
        3.1474239177030343e-19,
        3.2457194028214035e-19
    ],
    "RTT Avg": [
        1299.3152445128485,
        1300.5864217879985
    ],
    "RTT 95th Perc": [
        2288.356481223497,
        2290.048641263522
    ],
    "RTT Var": [
        404012.7298031229,
        404824.6879207673
    ]
}