{
    "Upstream PDR": [
        0.9671649532370491,
        0.9706573844252894
    ],
    "Downstream PDR": [
        0.9151421218914143,
        0.9181813789870169
    ],
    "TicToc PDR": [
        0.8855481893879299,
        0.890800901521161
    ],
    "Packets retransmitted per node AVG": [
        0.0,
        0.0
    ],
    "Counter of retransmission per packet AVG": [
        0.0,
        0.0
    ],
    "Intertime of retransmissions AVG": [
        0.0,
        0.0
    ],
    "Packets delivered": [
        0.9418667257902489,
        0.9446018598034587
    ],
    "Packets lost due to noise": [
        0.048097287128216155,
        0.05019897011390847
    ],
    "Packets collided": [
        -3.3286626991097584e-07,
        1.8345976143499402e-06
    ],
    "Destinatary out of range": [
        -5.369970268939593e-07,
        2.540424187356899e-06
    ],
    "Packets dropped": [
        0.0,
        0.0
    ],
    "Other causes of loss": [
        0.006789834765906501,
        0.008441817239755966
    ],
    "Queue MN Avg": [
        0.3824671238827403,
        0.3825479872243215
    ],
    "Queue MN Var": [
        4.711661425869667e-07,
        5.285377550187145e-07
    ],
    "Queue BR Avg": [
        0.740048330003045,
        0.7426767577089745
    ],
    "Queue BR Var": [
        0.06191297606476092,
        0.08039809956347294
    ],
    "Upstream Delay Avg": [
        0.759176489996646,
        0.7595249871442851
    ],
    "Upstream Delay 95th Perc": [
        1.440804729517516,
        1.4411961865804266
    ],
    "Upstream Delay Var": [
        0.1912210012373094,
        0.19130666601685847
    ],
    "Downstream Delay Avg": [
        0.7649905809140984,
        0.7650559512422648
    ],
    "Downstream Delay 95th Perc": [
        0.7650000015221452,
        0.7650000015365532
    ],
    "Downstream Delay Var": [
        -1.4047516144127217e-05,
        8.361594738826123e-05
    ],
    "RTT Avg": [
        1298.846083100618,
        1300.0422938897561
    ],
    "RTT 95th Perc": [
        2287.327663189482,
        2289.190042155567
    ],
    "RTT Var": [
        404044.31421399757,
        405010.45234597137
    ]
}