{
    "Upstream PDR": [
        0.7121095519967839,
        0.7148214725342403
    ],
    "Downstream PDR": [
        0.9150373194793849,
        0.9175123519777016
    ],
    "TicToc PDR": [
        0.6519439210100244,
        0.6555290948629908
    ],
    "Packets retransmitted per node AVG": [
        0.0,
        0.0
    ],
    "Counter of retransmission per packet AVG": [
        0.0,
        0.0
    ],
    "Intertime of retransmissions AVG": [
        0.0,
        0.0
    ],
    "Packets delivered": [
        0.9416002672441666,
        0.9442142198066747
    ],
    "Packets lost due to noise": [
        0.04797733748929585,
        0.04962530025585486
    ],
    "Packets collided": [
        -1.0827231334055803e-06,
        3.3384809552458275e-06
    ],
    "Destinatary out of range": [
        -1.8045385556759613e-07,
        5.564134925409706e-07
    ],
    "Packets dropped": [
        0.0,
        0.0
    ],
    "Other causes of loss": [
        0.007458255664627922,
        0.0091219878219219
    ],
    "Queue MN Avg": [
        171.32876992639635,
        171.34605466477828
    ],
    "Queue MN Var": [
        0.08496281390328937,
        0.09064265213973034
    ],
    "Queue BR Avg": [
        1.7495756782217189,
        1.7561181840243245
    ],
    "Queue BR Var": [
        0.2056160110045271,
        0.24871089105781535
    ],
    "Upstream Delay Avg": [
        342.6524714830788,
        342.7506946811766
    ],
    "Upstream Delay 95th Perc": [
        603.4635473565453,
        603.5488274342102
    ],
    "Upstream Delay Var": [
        28011.609960780894,
        28030.25650881807
    ],
    "Downstream Delay Avg": [
        1.3647190420171305,
        1.3658663091825505
    ],
    "Downstream Delay 95th Perc": [
        1.364172604966881,
        1.3675512095376887
    ],
    "Downstream Delay Var": [
        -0.0006598733501122288,
        0.0020346610728587317
    ],
    "RTT Avg": [
        1299.161968070791,
        1299.9980834034147
    ],
    "RTT 95th Perc": [
        2287.587824965831,
        2288.3789356154666
    ],
    "RTT Var": [
        403892.1811577375,
        404607.49381692
    ]
}