{
    "Upstream PDR": [
        0.9669081225575187,
        0.9711161198667237
    ],
    "Downstream PDR": [
        0.0,
        0.0
    ],
    "TicToc PDR": [
        0.0,
        0.0
    ],
    "Packets retransmitted per node AVG": [
        0.0,
        0.0
    ],
    "Counter of retransmission per packet AVG": [
        0.0,
        0.0
    ],
    "Intertime of retransmissions AVG": [
        0.0,
        0.0
    ],
    "Packets delivered": [
        0.9667520828857435,
        0.9709119045486488
    ],
    "Packets lost due to noise": [
        0.027687410107871766,
        0.029379757954631904
    ],
    "Packets collided": [
        0.0,
        0.0
    ],
    "Destinatary out of range": [
        0.0,
        0.0
    ],
    "Packets dropped": [
        0.0,
        0.0
    ],
    "Other causes of loss": [
        0.0008359162338138365,
        0.004432928269290214
    ],
    "Queue MN Avg": [
        0.2925007867106228,
        0.2925213400129107
    ],
    "Queue MN Var": [
        6.168369687908759e-08,
        6.640387320996038e-08
    ],
    "Queue BR Avg": [
        0.0,
        0.0
    ],
    "Queue BR Var": [
        0.0,
        0.0
    ],
    "Upstream Delay Avg": [
        0.5787789417001408,
        0.5791876036587698
    ],
    "Upstream Delay 95th Perc": [
        1.098709528070006,
        1.0989783679330791
    ],
    "Upstream Delay Var": [
        0.1111272769351353,
        0.11116985220953132
    ],
    "Downstream Delay Avg": [
        0.0,
        0.0
    ],
    "Downstream Delay 95th Perc": [
        0.0,
        0.0
    ],
    "Downstream Delay Var": [
        0.0,
        0.0
    ],
    "RTT Avg": [
        0.0,
        0.0
    ],
    "RTT 95th Perc": [
        0.0,
        0.0
    ],
    "RTT Var": [
        0.0,
        0.0
    ]
}