{
    "Upstream PDR": [
        0.7316857932501436,
        0.7340308012664508
    ],
    "Downstream PDR": [
        0.9663672391807807,
        0.9675996188466367
    ],
    "TicToc PDR": [
        0.7073911228002177,
        0.709934129725035
    ],
    "Packets retransmitted per node AVG": [
        0.0,
        0.0
    ],
    "Counter of retransmission per packet AVG": [
        0.0,
        0.0
    ],
    "Intertime of retransmissions AVG": [
        0.0,
        0.0
    ],
    "Packets delivered": [
        0.9801734445634082,
        0.9819802037821129
    ],
    "Packets lost due to noise": [
        0.015645045341987445,
        0.016321855201385186
    ],
    "Packets collided": [
        -2.674535749687646e-06,
        8.246694273882888e-06
    ],
    "Destinatary out of range": [
        0.0,
        0.0
    ],
    "Packets dropped": [
        0.0,
        0.0
    ],
    "Other causes of loss": [
        0.00214779247040068,
        0.00372608648218204
    ],
    "Queue MN Avg": [
        171.32876992639635,
        171.34605466477828
    ],
    "Queue MN Var": [
        0.08496281390328937,
        0.09064265213973034
    ],
    "Queue BR Avg": [
        1.1824602733638643,
        1.186209074997349
    ],
    "Queue BR Var": [
        0.10530994068992632,
        0.12752578119716784
    ],
    "Upstream Delay Avg": [
        342.70666038735374,
        342.75307456206815
    ],
    "Upstream Delay 95th Perc": [
        603.5285463259628,
        603.571540193118
    ],
    "Upstream Delay Var": [
        27992.87773024416,
        27996.391794643132
    ],
    "Downstream Delay Avg": [
        1.3649752105417778,
        1.3650764421893082
    ],
    "Downstream Delay 95th Perc": [
        1.3650000236434003,
        1.3650000240411244
    ],
    "Downstream Delay Var": [
        -6.537230661109328e-05,
        0.00020156972164832348
    ],
    "RTT Avg": [
        1299.7784819434999,
        1300.0706725566145
    ],
    "RTT 95th Perc": [
        2289.1451635712747,
        2289.527977938139
    ],
    "RTT Var": [
        403355.65938552836,
        403621.01390678255
    ]
}