{
    "Upstream PDR": [
        0.800710048642753,
        0.8039957955130912
    ],
    "Downstream PDR": [
        0.9158681517288082,
        0.9183851923130203
    ],
    "TicToc PDR": [
        0.7336851016098666,
        0.7380512620264975
    ],
    "Packets retransmitted per node AVG": [
        0.0,
        0.0
    ],
    "Counter of retransmission per packet AVG": [
        0.0,
        0.0
    ],
    "Intertime of retransmissions AVG": [
        0.0,
        0.0
    ],
    "Packets delivered": [
        0.9418561416339137,
        0.9447022602861819
    ],
    "Packets lost due to noise": [
        0.04784278846430529,
        0.049439406869909004
    ],
    "Packets collided": [
        -1.1795591540872875e-06,
        7.59377884993104e-06
    ],
    "Destinatary out of range": [
        -4.037794041618722e-07,
        1.9123832064500087e-06
    ],
    "Packets dropped": [
        0.0,
        0.0
    ],
    "Other causes of loss": [
        0.007196837546332823,
        0.008954642375859273
    ],
    "Queue MN Avg": [
        111.93155921880259,
        111.9532565044095
    ],
    "Queue MN Var": [
        0.08659461756104915,
        0.09210420331404885
    ],
    "Queue BR Avg": [
        1.5576284095245214,
        1.5633995276165293
    ],
    "Queue BR Var": [
        0.17536491115113503,
        0.21830312298185542
    ],
    "Upstream Delay Avg": [
        223.84971543263424,
        223.9254913209304
    ],
    "Upstream Delay 95th Perc": [
        393.97653062805006,
        394.0507900554963
    ],
    "Upstream Delay Var": [
        11916.212826608285,
        11923.493970499052
    ],
    "Downstream Delay Avg": [
        1.214732617968445,
        1.2164010788241497
    ],
    "Downstream Delay 95th Perc": [
        1.2138522342422942,
        1.2213227704638703
    ],
    "Downstream Delay Var": [
        -0.0005156697381915765,
        0.002704507128474914
    ],
    "RTT Avg": [
        1299.0607258889447,
        1299.9192696602233
    ],
    "RTT 95th Perc": [
        2288.127029155916,
        2289.3108147577923
    ],
    "RTT Var": [
        404133.13067467336,
        404824.31807766086
    ]
}