{
    "Upstream PDR": [
        0.9943290833007619,
        0.9973966309849518
    ],
    "Downstream PDR": [
        0.9743350127728264,
        0.9759705818928409
    ],
    "TicToc PDR": [
        0.9694155831544983,
        0.9728212999623843
    ],
    "Packets retransmitted per node AVG": [
        0.0,
        0.0
    ],
    "Counter of retransmission per packet AVG": [
        0.0,
        0.0
    ],
    "Intertime of retransmissions AVG": [
        0.0,
        0.0
    ],
    "Packets delivered": [
        0.9845640471658329,
        0.9863409169694514
    ],
    "Packets lost due to noise": [
        0.01246551616189094,
        0.013301282028990386
    ],
    "Packets collided": [
        -1.807131364520503e-07,
        1.1699172178999777e-06
    ],
    "Destinatary out of range": [
        -2.3742062113544522e-07,
        7.320654723153587e-07
    ],
    "Packets dropped": [
        0.0,
        0.0
    ],
    "Other causes of loss": [
        0.0008784192214099384,
        0.0024483346034916385
    ],
    "Queue MN Avg": [
        0.3824671238827403,
        0.3825479872243215
    ],
    "Queue MN Var": [
        4.711661425869667e-07,
        5.285377550187145e-07
    ],
    "Queue BR Avg": [
        0.5005694222948709,
        0.5020537133468221
    ],
    "Queue BR Var": [
        0.03836066610756911,
        0.0473940181852191
    ],
    "Upstream Delay Avg": [
        0.7591559460804149,
        0.7594305400435204
    ],
    "Upstream Delay 95th Perc": [
        1.4408311270735659,
        1.4411315615057487
    ],
    "Upstream Delay Var": [
        0.1912559618042827,
        0.19129286156836875
    ],
    "Downstream Delay Avg": [
        0.7649861488744232,
        0.7650812198199846
    ],
    "Downstream Delay 95th Perc": [
        0.7650000015111222,
        0.7650000015278711
    ],
    "Downstream Delay Var": [
        -2.0486130105285608e-05,
        0.0001205289570214632
    ],
    "RTT Avg": [
        1299.5116684566208,
        1299.8723481660006
    ],
    "RTT 95th Perc": [
        2289.398391927574,
        2289.863627672445
    ],
    "RTT Var": [
        403355.9788313184,
        403654.45880913053
    ]
}