{
    "Upstream PDR": [
        0.9666018588917903,
        0.9709172505701761
    ],
    "Downstream PDR": [
        0.0,
        0.0
    ],
    "TicToc PDR": [
        0.0,
        0.0
    ],
    "Packets retransmitted per node AVG": [
        0.0,
        0.0
    ],
    "Counter of retransmission per packet AVG": [
        0.0,
        0.0
    ],
    "Intertime of retransmissions AVG": [
        0.0,
        0.0
    ],
    "Packets delivered": [
        0.9664841242684843,
        0.9708636449808061
    ],
    "Packets lost due to noise": [
        0.02774041245171313,
        0.029396599871946823
    ],
    "Packets collided": [
        0.0,
        0.0
    ],
    "Destinatary out of range": [
        0.0,
        0.0
    ],
    "Packets dropped": [
        0.0,
        0.0
    ],
    "Other causes of loss": [
        0.001048614687914238,
        0.0044666037391353185
    ],
    "Queue MN Avg": [
        0.33742941094702317,
        0.3376152010363308
    ],
    "Queue MN Var": [
        5.9485003110116635e-06,
        6.252824785569066e-06
    ],
    "Queue BR Avg": [
        0.0,
        0.0
    ],
    "Queue BR Var": [
        0.0,
        0.0
    ],
    "Upstream Delay Avg": [
        0.6688644217065371,
        0.6693684733915213
    ],
    "Upstream Delay 95th Perc": [
        1.2695855655612394,
        1.2699952016307612
    ],
    "Upstream Delay Var": [
        0.14844682722036864,
        0.14854035054225764
    ],
    "Downstream Delay Avg": [
        0.0,
        0.0
    ],
    "Downstream Delay 95th Perc": [
        0.0,
        0.0
    ],
    "Downstream Delay Var": [
        0.0,
        0.0
    ],
    "RTT Avg": [
        0.0,
        0.0
    ],
    "RTT 95th Perc": [
        0.0,
        0.0
    ],
    "RTT Var": [
        0.0,
        0.0
    ]
}