{
    "Upstream PDR": [
        0.9661513582624551,
        0.9697938076827103
    ],
    "Downstream PDR": [
        0.0,
        0.0
    ],
    "TicToc PDR": [
        0.0,
        0.0
    ],
    "Packets retransmitted per node AVG": [
        0.0,
        0.0
    ],
    "Counter of retransmission per packet AVG": [
        0.0,
        0.0
    ],
    "Intertime of retransmissions AVG": [
        0.0,
        0.0
    ],
    "Packets delivered": [
        0.9661739482025622,
        0.9698787477118502
    ],
    "Packets lost due to noise": [
        0.027896867681892378,
        0.029455935844375798
    ],
    "Packets collided": [
        0.0,
        0.0
    ],
    "Destinatary out of range": [
        0.0,
        0.0
    ],
    "Packets dropped": [
        0.0,
        0.0
    ],
    "Other causes of loss": [
        0.0017225107263255778,
        0.004871989832993409
    ],
    "Queue MN Avg": [
        0.43484496634911063,
        0.4350558751908302
    ],
    "Queue MN Var": [
        1.241413835000856e-05,
        1.2996247193406592e-05
    ],
    "Queue BR Avg": [
        0.0,
        0.0
    ],
    "Queue BR Var": [
        0.0,
        0.0
    ],
    "Upstream Delay Avg": [
        0.8635835833919753,
        0.8642533654163308
    ],
    "Upstream Delay 95th Perc": [
        1.6399972006937722,
        1.6407141273314274
    ],
    "Upstream Delay Var": [
        0.24793118902622516,
        0.24800447011252227
    ],
    "Downstream Delay Avg": [
        0.0,
        0.0
    ],
    "Downstream Delay 95th Perc": [
        0.0,
        0.0
    ],
    "Downstream Delay Var": [
        0.0,
        0.0
    ],
    "RTT Avg": [
        0.0,
        0.0
    ],
    "RTT 95th Perc": [
        0.0,
        0.0
    ],
    "RTT Var": [
        0.0,
        0.0
    ]
}