{
    "Upstream PDR": [
        0.993615293394652,
        0.9972176070382481
    ],
    "Downstream PDR": [
        0.0,
        0.0
    ],
    "TicToc PDR": [
        0.0,
        0.0
    ],
    "Packets retransmitted per node AVG": [
        0.0,
        0.0
    ],
    "Counter of retransmission per packet AVG": [
        0.0,
        0.0
    ],
    "Intertime of retransmissions AVG": [
        0.0,
        0.0
    ],
    "Packets delivered": [
        0.993505285110666,
        0.9971279292607502
    ],
    "Packets lost due to noise": [
        0.0025568759575579692,
        0.002954848613041771
    ],
    "Packets collided": [
        0.0,
        0.0
    ],
    "Destinatary out of range": [
        0.0,
        0.0
    ],
    "Packets dropped": [
        0.0,
        0.0
    ],
    "Other causes of loss": [
        0.00014406766640817485,
        0.0037109933915755837
    ],
    "Queue MN Avg": [
        0.2925007867106228,
        0.2925213400129107
    ],
    "Queue MN Var": [
        6.168369687908759e-08,
        6.640387320996038e-08
    ],
    "Queue BR Avg": [
        0.0,
        0.0
    ],
    "Queue BR Var": [
        0.0,
        0.0
    ],
    "Upstream Delay Avg": [
        0.578848040199487,
        0.5791943621640955
    ],
    "Upstream Delay 95th Perc": [
        1.0987290930832996,
        1.0989839369271002
    ],
    "Upstream Delay Var": [
        0.11116593762130461,
        0.11118042973613881
    ],
    "Downstream Delay Avg": [
        0.0,
        0.0
    ],
    "Downstream Delay 95th Perc": [
        0.0,
        0.0
    ],
    "Downstream Delay Var": [
        0.0,
        0.0
    ],
    "RTT Avg": [
        0.0,
        0.0
    ],
    "RTT 95th Perc": [
        0.0,
        0.0
    ],
    "RTT Var": [
        0.0,
        0.0
    ]
}