{
    "Upstream PDR": [
        0.8919152319923765,
        0.8979782745011297
    ],
    "Downstream PDR": [
        0.848746623468737,
        0.8560690377065076
    ],
    "TicToc PDR": [
        0.7574606690284184,
        0.7684059976382484
    ],
    "Packets retransmitted per node AVG": [
        0.0,
        0.0
    ],
    "Counter of retransmission per packet AVG": [
        0.0,
        0.0
    ],
    "Intertime of retransmissions AVG": [
        0.0,
        0.0
    ],
    "Packets delivered": [
        0.8714190729193017,
        0.8774581386154776
    ],
    "Packets lost due to noise": [
        0.10204430600798614,
        0.10711690434680399
    ],
    "Packets collided": [
        -1.2523105737909966e-06,
        4.7019870453876924e-06
    ],
    "Destinatary out of range": [
        -5.194184829211708e-07,
        6.999265593385097e-06
    ],
    "Packets dropped": [
        0.0,
        0.0
    ],
    "Other causes of loss": [
        0.019981836064515996,
        0.02196981252233274
    ],
    "Queue MN Avg": [
        0.457486732308837,
        0.4575112254733667
    ],
    "Queue MN Var": [
        1.1632832614874252e-07,
        1.3032010579829356e-07
    ],
    "Queue BR Avg": [
        1.2887336450127038,
        1.2974792724973891
    ],
    "Queue BR Var": [
        0.12126152656794367,
        0.15422301794859725
    ],
    "Upstream Delay Avg": [
        0.9085268304942096,
        0.9092458974020634
    ],
    "Upstream Delay 95th Perc": [
        1.7255357204352224,
        1.725936859579464
    ],
    "Upstream Delay Var": [
        0.27440766155024726,
        0.27462197847181974
    ],
    "Downstream Delay Avg": [
        0.9149935290855412,
        0.9150395635076968
    ],
    "Downstream Delay 95th Perc": [
        0.9150000061552837,
        0.9150000064201238
    ],
    "Downstream Delay Var": [
        -1.1552563332732733e-05,
        7.11026886712907e-05
    ],
    "RTT Avg": [
        1299.6282409960925,
        1300.4068519476507
    ],
    "RTT 95th Perc": [
        2289.748794184204,
        2290.887971181189
    ],
    "RTT Var": [
        404131.28785545676,
        404704.15680357517
    ]
}