{
    "Upstream PDR": [
        0.5927441729069046,
        0.596479203716472
    ],
    "Downstream PDR": [
        0.8508393557626563,
        0.8571775472428618
    ],
    "TicToc PDR": [
        0.5045594270111534,
        0.511129404157678
    ],
    "Packets retransmitted per node AVG": [
        0.0,
        0.0
    ],
    "Counter of retransmission per packet AVG": [
        0.0,
        0.0
    ],
    "Intertime of retransmissions AVG": [
        0.0,
        0.0
    ],
    "Packets delivered": [
        0.8736877766221153,
        0.8792232263838778
    ],
    "Packets lost due to noise": [
        0.10038578099503478,
        0.10478774682945016
    ],
    "Packets collided": [
        0.0,
        0.0
    ],
    "Destinatary out of range": [
        0.0,
        0.0
    ],
    "Packets dropped": [
        0.0,
        0.0
    ],
    "Other causes of loss": [
        0.020030205354500286,
        0.021885263815021386
    ],
    "Queue MN Avg": [
        218.89186141462648,
        218.90912733140374
    ],
    "Queue MN Var": [
        0.08318183922198714,
        0.08909751879107107
    ],
    "Queue BR Avg": [
        2.3618605003974933,
        2.3767436566223044
    ],
    "Queue BR Var": [
        0.42922357129566746,
        0.5635385680753348
    ],
    "Upstream Delay Avg": [
        437.64376849863186,
        437.88337863180084
    ],
    "Upstream Delay 95th Perc": [
        771.0067230898815,
        771.277678682507
    ],
    "Upstream Delay Var": [
        45584.906499668075,
        45658.76170737859
    ],
    "Downstream Delay Avg": [
        1.5150000000039916,
        1.5150000000204473
    ],
    "Downstream Delay 95th Perc": [
        1.5150000023247832,
        1.5150000024870005
    ],
    "Downstream Delay Var": [
        2.9895134571319095e-18,
        5.332123412896949e-18
    ],
    "RTT Avg": [
        1298.804720022468,
        1300.2210675645008
    ],
    "RTT 95th Perc": [
        2283.4114321280026,
        2285.6811360934994
    ],
    "RTT Var": [
        399267.7139758032,
        400958.52967580326
    ]
}