{
    "Upstream PDR": [
        0.9685285116905095,
        0.9727390207770229
    ],
    "Downstream PDR": [
        0.9126301650206496,
        0.9192797554993559
    ],
    "TicToc PDR": [
        0.8845159612260262,
        0.8936658569557921
    ],
    "Packets retransmitted per node AVG": [
        0.0,
        0.0
    ],
    "Counter of retransmission per packet AVG": [
        0.0,
        0.0
    ],
    "Intertime of retransmissions AVG": [
        0.0,
        0.0
    ],
    "Packets delivered": [
        0.9412262113929579,
        0.946069175566997
    ],
    "Packets lost due to noise": [
        0.04716999966736815,
        0.05141233434872994
    ],
    "Packets collided": [
        0.0,
        0.0
    ],
    "Destinatary out of range": [
        0.0,
        0.0
    ],
    "Packets dropped": [
        0.0,
        0.0
    ],
    "Other causes of loss": [
        0.006705333733395906,
        0.0074169452905516135
    ],
    "Queue MN Avg": [
        0.08249465373446083,
        0.08251260279198969
    ],
    "Queue MN Var": [
        6.124113971529138e-09,
        8.449306589342764e-09
    ],
    "Queue BR Avg": [
        0.03196220716463646,
        0.032101221695104314
    ],
    "Queue BR Var": [
        0.00041777051047027996,
        0.0005397797270354744
    ],
    "Upstream Delay Avg": [
        0.15918868204503356,
        0.15950567271777888
    ],
    "Upstream Delay 95th Perc": [
        0.3007179554731261,
        0.30104000242333107
    ],
    "Upstream Delay Var": [
        0.008268843440824158,
        0.0082738644330959
    ],
    "Downstream Delay Avg": [
        0.16499999999981407,
        0.16500000000114728
    ],
    "Downstream Delay 95th Perc": [
        0.16500000054715364,
        0.16500000060546915
    ],
    "Downstream Delay Var": [
        1.0452992651431862e-19,
        1.1920284955885654e-19
    ],
    "RTT Avg": [
        1298.9344760350002,
        1300.7232028939045
    ],
    "RTT 95th Perc": [
        2287.5354849107302,
        2290.502723290389
    ],
    "RTT Var": [
        402780.97096104326,
        404660.07810397504
    ]
}