{
    "Upstream PDR": [
        0.9676936005705765,
        0.9710544513774759
    ],
    "Downstream PDR": [
        0.0,
        0.0
    ],
    "TicToc PDR": [
        0.0,
        0.0
    ],
    "Packets retransmitted per node AVG": [
        0.0,
        0.0
    ],
    "Counter of retransmission per packet AVG": [
        0.0,
        0.0
    ],
    "Intertime of retransmissions AVG": [
        0.0,
        0.0
    ],
    "Packets delivered": [
        0.9676791122662577,
        0.9710184311511673
    ],
    "Packets lost due to noise": [
        0.027991532858820996,
        0.030130673525319198
    ],
    "Packets collided": [
        0.0,
        0.0
    ],
    "Destinatary out of range": [
        0.0,
        0.0
    ],
    "Packets dropped": [
        0.0,
        0.0
    ],
    "Other causes of loss": [
        0.00019737746746794943,
        0.002982872730966861
    ],
    "Queue MN Avg": [
        0.19499138609246475,
        0.1950104645650489
    ],
    "Queue MN Var": [
        3.0982608822260384e-08,
        3.4632818304098504e-08
    ],
    "Queue BR Avg": [
        0.0,
        0.0
    ],
    "Queue BR Var": [
        0.0,
        0.0
    ],
    "Upstream Delay Avg": [
        0.383945462999867,
        0.3843166148363656
    ],
    "Upstream Delay 95th Perc": [
        0.7283314060957645,
        0.7285995011832641
    ],
    "Upstream Delay Var": [
        0.04876395647440751,
        0.04878857034298556
    ],
    "Downstream Delay Avg": [
        0.0,
        0.0
    ],
    "Downstream Delay 95th Perc": [
        0.0,
        0.0
    ],
    "Downstream Delay Var": [
        0.0,
        0.0
    ],
    "RTT Avg": [
        0.0,
        0.0
    ],
    "RTT 95th Perc": [
        0.0,
        0.0
    ],
    "RTT Var": [
        0.0,
        0.0
    ]
}