{
    "Upstream PDR": [
        0.6410890164455729,
        0.6434133212167648
    ],
    "Downstream PDR": [
        0.9126214070183879,
        0.9146120866662216
    ],
    "TicToc PDR": [
        0.5853191472403496,
        0.5882325410713385
    ],
    "Packets retransmitted per node AVG": [
        0.0,
        0.0
    ],
    "Counter of retransmission per packet AVG": [
        0.0,
        0.0
    ],
    "Intertime of retransmissions AVG": [
        0.0,
        0.0
    ],
    "Packets delivered": [
        0.9404705300558756,
        0.9428256570577986
    ],
    "Packets lost due to noise": [
        0.04906075233993613,
        0.05030198462383451
    ],
    "Packets collided": [
        0.0,
        0.0
    ],
    "Destinatary out of range": [
        0.0,
        0.0
    ],
    "Packets dropped": [
        0.0,
        0.0
    ],
    "Other causes of loss": [
        0.007885277945286455,
        0.009455797977268995
    ],
    "Queue MN Avg": [
        218.89186141462648,
        218.90912733140374
    ],
    "Queue MN Var": [
        0.08318183922198714,
        0.08909751879107107
    ],
    "Queue BR Avg": [
        1.9414097851590246,
        1.9484467635408715
    ],
    "Queue BR Var": [
        0.21629658571074437,
        0.2685206064883489
    ],
    "Upstream Delay Avg": [
        437.8387346674261,
        437.93288231724256
    ],
    "Upstream Delay 95th Perc": [
        771.1906216564447,
        771.2794376374796
    ],
    "Upstream Delay Var": [
        45730.60168676501,
        45750.454988644655
    ],
    "Downstream Delay Avg": [
        1.515000000150925,
        1.5150000001816457
    ],
    "Downstream Delay 95th Perc": [
        1.5150000095115081,
        1.515000009742987
    ],
    "Downstream Delay Var": [
        5.009303527487765e-17,
        5.461803674464201e-17
    ],
    "RTT Avg": [
        1299.6938262387862,
        1300.2270479157783
    ],
    "RTT 95th Perc": [
        2288.2855773730685,
        2288.873407975993
    ],
    "RTT Var": [
        403074.83474759693,
        403352.9937234008
    ]
}