{
    "Upstream PDR": [
        0.6591310849360568,
        0.6611265774016055
    ],
    "Downstream PDR": [
        0.9743148708983939,
        0.9755117348995636
    ],
    "TicToc PDR": [
        0.6423903789781922,
        0.644750400242587
    ],
    "Packets retransmitted per node AVG": [
        0.0,
        0.0
    ],
    "Counter of retransmission per packet AVG": [
        0.0,
        0.0
    ],
    "Intertime of retransmissions AVG": [
        0.0,
        0.0
    ],
    "Packets delivered": [
        0.9842107399291098,
        0.9860247673980076
    ],
    "Packets lost due to noise": [
        0.012187375636052213,
        0.0128148026505542
    ],
    "Packets collided": [
        0.0,
        0.0
    ],
    "Destinatary out of range": [
        0.0,
        0.0
    ],
    "Packets dropped": [
        0.0,
        0.0
    ],
    "Other causes of loss": [
        0.0016274628235783913,
        0.00313485156269785
    ],
    "Queue MN Avg": [
        218.89186141462648,
        218.90912733140374
    ],
    "Queue MN Var": [
        0.08318183922198714,
        0.08909751879107107
    ],
    "Queue BR Avg": [
        1.3131890605367487,
        1.317161265390178
    ],
    "Queue BR Var": [
        0.1551664600556219,
        0.192818638027353
    ],
    "Upstream Delay Avg": [
        437.8340177012777,
        437.87995541577544
    ],
    "Upstream Delay 95th Perc": [
        771.2745159319319,
        771.3208873894702
    ],
    "Upstream Delay Var": [
        45747.375828772274,
        45753.55845143208
    ],
    "Downstream Delay Avg": [
        1.5150000000195014,
        1.5150000000518093
    ],
    "Downstream Delay 95th Perc": [
        1.5150000023821901,
        1.515000002575921
    ],
    "Downstream Delay Var": [
        3.3615459195193174e-18,
        7.0102198636188e-18
    ],
    "RTT Avg": [
        1299.604286330233,
        1299.9128671113638
    ],
    "RTT 95th Perc": [
        2288.8372084706075,
        2289.4192368437684
    ],
    "RTT Var": [
        403172.25536488916,
        403424.92328881053
    ]
}