{
    "Upstream PDR": [
        0.8935082314908899,
        0.9001939330112748
    ],
    "Downstream PDR": [
        0.8494415062809523,
        0.8562482594893236
    ],
    "TicToc PDR": [
        0.7593604372200322,
        0.770549519489925
    ],
    "Packets retransmitted per node AVG": [
        0.0,
        0.0
    ],
    "Counter of retransmission per packet AVG": [
        0.0,
        0.0
    ],
    "Intertime of retransmissions AVG": [
        0.0,
        0.0
    ],
    "Packets delivered": [
        0.8727606171024346,
        0.879252330757032
    ],
    "Packets lost due to noise": [
        0.10135898557220215,
        0.10652173453215201
    ],
    "Packets collided": [
        0.0,
        0.0
    ],
    "Destinatary out of range": [
        0.0,
        0.0
    ],
    "Packets dropped": [
        0.0,
        0.0
    ],
    "Other causes of loss": [
        0.019345221061237396,
        0.020761110974941443
    ],
    "Queue MN Avg": [
        0.2324832628043281,
        0.2325058507822408
    ],
    "Queue MN Var": [
        3.112562700858488e-08,
        3.639729782985205e-08
    ],
    "Queue BR Avg": [
        0.32796193698904835,
        0.3304132634173444
    ],
    "Queue BR Var": [
        0.012008030785661618,
        0.016465496271748387
    ],
    "Upstream Delay Avg": [
        0.45912227138056855,
        0.459502011740114
    ],
    "Upstream Delay 95th Perc": [
        0.8707941369012445,
        0.871088844970641
    ],
    "Upstream Delay Var": [
        0.06971947423768636,
        0.06978824874580543
    ],
    "Downstream Delay Avg": [
        0.4650000000051547,
        0.4650000000089523
    ],
    "Downstream Delay 95th Perc": [
        0.4650000031105669,
        0.46500000314350753
    ],
    "Downstream Delay Var": [
        4.967233723686597e-18,
        5.1382948904108175e-18
    ],
    "RTT Avg": [
        1299.5306909873689,
        1300.9861494395532
    ],
    "RTT 95th Perc": [
        2289.294293012903,
        2290.9774294976896
    ],
    "RTT Var": [
        403531.93754581315,
        404319.23243255715
    ]
}