{
    "Upstream PDR": [
        0.9662851815470227,
        0.9697657275438859
    ],
    "Downstream PDR": [
        0.0,
        0.0
    ],
    "TicToc PDR": [
        0.0,
        0.0
    ],
    "Packets retransmitted per node AVG": [
        0.0,
        0.0
    ],
    "Counter of retransmission per packet AVG": [
        0.0,
        0.0
    ],
    "Intertime of retransmissions AVG": [
        0.0,
        0.0
    ],
    "Packets delivered": [
        0.9663290501116135,
        0.9698491981785251
    ],
    "Packets lost due to noise": [
        0.02870201627268143,
        0.030951300014814477
    ],
    "Packets collided": [
        0.0,
        0.0
    ],
    "Destinatary out of range": [
        0.0,
        0.0
    ],
    "Packets dropped": [
        0.0,
        0.0
    ],
    "Other causes of loss": [
        0.0005493066439726877,
        0.0036191287783924756
    ],
    "Queue MN Avg": [
        0.24723216604707185,
        0.2476151663755283
    ],
    "Queue MN Var": [
        1.2265358261018503e-05,
        1.3387054249554595e-05
    ],
    "Queue BR Avg": [
        0.0,
        0.0
    ],
    "Queue BR Var": [
        0.0,
        0.0
    ],
    "Upstream Delay Avg": [
        0.4887035747325243,
        0.48946980962203074
    ],
    "Upstream Delay 95th Perc": [
        0.9280553224480098,
        0.9285685335323325
    ],
    "Upstream Delay Var": [
        0.07920391636866218,
        0.07925760052523236
    ],
    "Downstream Delay Avg": [
        0.0,
        0.0
    ],
    "Downstream Delay 95th Perc": [
        0.0,
        0.0
    ],
    "Downstream Delay Var": [
        0.0,
        0.0
    ],
    "RTT Avg": [
        0.0,
        0.0
    ],
    "RTT 95th Perc": [
        0.0,
        0.0
    ],
    "RTT Var": [
        0.0,
        0.0
    ]
}