{
    "Upstream PDR": [
        0.9968964407626536,
        0.99759360252739
    ],
    "Downstream PDR": [
        0.9741197805176055,
        0.9761032261626047
    ],
    "TicToc PDR": [
        0.9712113927080795,
        0.9736422869456002
    ],
    "Packets retransmitted per node AVG": [
        0.0,
        0.0
    ],
    "Counter of retransmission per packet AVG": [
        0.0,
        0.0
    ],
    "Intertime of retransmissions AVG": [
        0.0,
        0.0
    ],
    "Packets delivered": [
        0.9856277840062957,
        0.9868150292227207
    ],
    "Packets lost due to noise": [
        0.012180595014544725,
        0.013234146166150332
    ],
    "Packets collided": [
        0.0,
        0.0
    ],
    "Destinatary out of range": [
        0.0,
        0.0
    ],
    "Packets dropped": [
        0.0,
        0.0
    ],
    "Other causes of loss": [
        0.000993269965522653,
        0.001149175624766127
    ],
    "Queue MN Avg": [
        0.2324832628043281,
        0.2325058507822408
    ],
    "Queue MN Var": [
        3.112562700858488e-08,
        3.639729782985205e-08
    ],
    "Queue BR Avg": [
        0.1829563465723516,
        0.1830815510023106
    ],
    "Queue BR Var": [
        0.006668424285990785,
        0.008302650594890713
    ],
    "Upstream Delay Avg": [
        0.4591518023697919,
        0.45935855688982086
    ],
    "Upstream Delay 95th Perc": [
        0.8707922755406511,
        0.8710234806155203
    ],
    "Upstream Delay Var": [
        0.06975994222545177,
        0.06977623361162606
    ],
    "Downstream Delay Avg": [
        0.46500000000045083,
        0.46500000000171826
    ],
    "Downstream Delay 95th Perc": [
        0.46500000078825693,
        0.46500000079396214
    ],
    "Downstream Delay Var": [
        3.1480285286200435e-19,
        3.2526298680657284e-19
    ],
    "RTT Avg": [
        1299.6348692180188,
        1300.07634120116
    ],
    "RTT 95th Perc": [
        2289.4105241539964,
        2289.9775697341247
    ],
    "RTT Var": [
        403051.59906361817,
        403473.1157329082
    ]
}