{
    "Upstream PDR": [
        0.9672517123125841,
        0.9714443915835196
    ],
    "Downstream PDR": [
        0.0,
        0.0
    ],
    "TicToc PDR": [
        0.0,
        0.0
    ],
    "Packets retransmitted per node AVG": [
        0.0,
        0.0
    ],
    "Counter of retransmission per packet AVG": [
        0.0,
        0.0
    ],
    "Intertime of retransmissions AVG": [
        0.0,
        0.0
    ],
    "Packets delivered": [
        0.9672440001839655,
        0.9715086363149397
    ],
    "Packets lost due to noise": [
        0.02775024754988071,
        0.03179592670633478
    ],
    "Packets collided": [
        0.0,
        0.0
    ],
    "Destinatary out of range": [
        0.0,
        0.0
    ],
    "Packets dropped": [
        0.0,
        0.0
    ],
    "Other causes of loss": [
        0.0006873548610702507,
        0.0010138343838092627
    ],
    "Queue MN Avg": [
        0.05964703963311557,
        0.060311856283943185
    ],
    "Queue MN Var": [
        1.0989150246787918e-05,
        1.4003985670191027e-05
    ],
    "Queue BR Avg": [
        0.0,
        0.0
    ],
    "Queue BR Var": [
        0.0,
        0.0
    ],
    "Upstream Delay Avg": [
        0.11363680520207876,
        0.11503374897416342
    ],
    "Upstream Delay 95th Perc": [
        0.21425859750445997,
        0.21660506153074016
    ],
    "Upstream Delay Var": [
        0.004210064311688523,
        0.004223002204697932
    ],
    "Downstream Delay Avg": [
        0.0,
        0.0
    ],
    "Downstream Delay 95th Perc": [
        0.0,
        0.0
    ],
    "Downstream Delay Var": [
        0.0,
        0.0
    ],
    "RTT Avg": [
        0.0,
        0.0
    ],
    "RTT 95th Perc": [
        0.0,
        0.0
    ],
    "RTT Var": [
        0.0,
        0.0
    ]
}