{
    "Upstream PDR": [
        0.9671519563595473,
        0.9711181735105822
    ],
    "Downstream PDR": [
        0.910832523031719,
        0.9172808819764332
    ],
    "TicToc PDR": [
        0.8814956282782892,
        0.8902550210723602
    ],
    "Packets retransmitted per node AVG": [
        0.0,
        0.0
    ],
    "Counter of retransmission per packet AVG": [
        0.0,
        0.0
    ],
    "Intertime of retransmissions AVG": [
        0.0,
        0.0
    ],
    "Packets delivered": [
        0.939924194410189,
        0.9444509076113445
    ],
    "Packets lost due to noise": [
        0.04868241476116793,
        0.05251213553510431
    ],
    "Packets collided": [
        0.0,
        0.0
    ],
    "Destinatary out of range": [
        0.0,
        0.0
    ],
    "Packets dropped": [
        0.0,
        0.0
    ],
    "Other causes of loss": [
        0.006803486257312362,
        0.007626861424882102
    ],
    "Queue MN Avg": [
        0.08249465373446083,
        0.08251260279198969
    ],
    "Queue MN Var": [
        6.124113971529138e-09,
        8.449306589342764e-09
    ],
    "Queue BR Avg": [
        0.0319168170106051,
        0.032047650360350094
    ],
    "Queue BR Var": [
        0.0003828257952004888,
        0.0005072586443177457
    ],
    "Upstream Delay Avg": [
        0.15920117028650072,
        0.1595311542152406
    ],
    "Upstream Delay 95th Perc": [
        0.30075311626554607,
        0.3010639804369683
    ],
    "Upstream Delay Var": [
        0.008263018798637124,
        0.008271665553041681
    ],
    "Downstream Delay Avg": [
        0.16500000003113566,
        0.1650000000414484
    ],
    "Downstream Delay 95th Perc": [
        0.16500000548012075,
        0.1650000060564278
    ],
    "Downstream Delay Var": [
        1.0321679866872992e-17,
        1.1814002608744668e-17
    ],
    "RTT Avg": [
        1299.3896141370412,
        1300.5531410753108
    ],
    "RTT 95th Perc": [
        2288.957353906867,
        2289.9826543046793
    ],
    "RTT Var": [
        403314.2330558161,
        403995.2158586259
    ]
}