{
    "Upstream PDR": [
        0.8899514118739286,
        0.8990459907234741
    ],
    "Downstream PDR": [
        0.8453876100011538,
        0.8553606016163419
    ],
    "TicToc PDR": [
        0.7528279508454206,
        0.7688317894143198
    ],
    "Packets retransmitted per node AVG": [
        0.0,
        0.0
    ],
    "Counter of retransmission per packet AVG": [
        0.0,
        0.0
    ],
    "Intertime of retransmissions AVG": [
        0.0,
        0.0
    ],
    "Packets delivered": [
        0.8691102465202311,
        0.8781030380691105
    ],
    "Packets lost due to noise": [
        0.10221005200544594,
        0.10951861777827343
    ],
    "Packets collided": [
        0.0,
        0.0
    ],
    "Destinatary out of range": [
        0.0,
        0.0
    ],
    "Packets dropped": [
        0.0,
        0.0
    ],
    "Other causes of loss": [
        0.019648598569098046,
        0.02140944705784036
    ],
    "Queue MN Avg": [
        0.15748708701597997,
        0.15750727334782455
    ],
    "Queue MN Var": [
        2.016986796767e-08,
        2.4157765016580824e-08
    ],
    "Queue BR Avg": [
        0.14755263879000785,
        0.14906057548044227
    ],
    "Queue BR Var": [
        0.003971119663502128,
        0.005368442060557701
    ],
    "Upstream Delay Avg": [
        0.3090225263049742,
        0.309315633615561
    ],
    "Upstream Delay 95th Perc": [
        0.5856383749961488,
        0.5859697753179086
    ],
    "Upstream Delay Var": [
        0.03148372252220541,
        0.0315187354048294
    ],
    "Downstream Delay Avg": [
        0.3150000000295378,
        0.31500000004001255
    ],
    "Downstream Delay 95th Perc": [
        0.31500000758099833,
        0.31500000770647285
    ],
    "Downstream Delay Var": [
        2.0572853973346215e-17,
        2.1604213959427704e-17
    ],
    "RTT Avg": [
        1299.5133484983937,
        1300.9196912904542
    ],
    "RTT 95th Perc": [
        2289.0200985030388,
        2290.4108382904633
    ],
    "RTT Var": [
        403280.6135234867,
        404089.53214441
    ]
}