{
    "Upstream PDR": [
        0.8453541778415139,
        0.8506606644590426
    ],
    "Downstream PDR": [
        0.8471795596477057,
        0.8521733944901776
    ],
    "TicToc PDR": [
        0.716511749686809,
        0.724637786491299
    ],
    "Packets retransmitted per node AVG": [
        0.0,
        0.0
    ],
    "Counter of retransmission per packet AVG": [
        0.0,
        0.0
    ],
    "Intertime of retransmissions AVG": [
        0.0,
        0.0
    ],
    "Packets delivered": [
        0.871971506083311,
        0.8768820336757369
    ],
    "Packets lost due to noise": [
        0.10191930025542971,
        0.10549731189232146
    ],
    "Packets collided": [
        -5.699697371188271e-07,
        6.8290478720406425e-06
    ],
    "Destinatary out of range": [
        -8.301375890405227e-07,
        1.2980071479230976e-05
    ],
    "Packets dropped": [
        0.0,
        0.0
    ],
    "Other causes of loss": [
        0.020814416223066717,
        0.02289702285810882
    ],
    "Queue MN Avg": [
        35.74721440348576,
        35.77119622381915
    ],
    "Queue MN Var": [
        0.07819415112126654,
        0.08432095484710347
    ],
    "Queue BR Avg": [
        1.6581974206670382,
        1.6685226221832214
    ],
    "Queue BR Var": [
        0.18744601088482948,
        0.23787049502784186
    ],
    "Upstream Delay Avg": [
        71.46972136565397,
        71.51937019556685
    ],
    "Upstream Delay 95th Perc": [
        125.31363442240341,
        125.36995891719666
    ],
    "Upstream Delay Var": [
        1192.8964089674741,
        1193.7743944945541
    ],
    "Downstream Delay Avg": [
        1.0649825486316205,
        1.0652007111152633
    ],
    "Downstream Delay 95th Perc": [
        1.0650000160055764,
        1.0650000164611764
    ],
    "Downstream Delay Var": [
        -3.579218728880682e-05,
        0.00041286172293940207
    ],
    "RTT Avg": [
        1299.6559523855165,
        1300.4094187849257
    ],
    "RTT 95th Perc": [
        2289.553817720032,
        2290.2959496877106
    ],
    "RTT Var": [
        403389.39978098695,
        403850.16380134097
    ]
}