{
    "Upstream PDR": [
        0.892829798724429,
        0.8980086428340123
    ],
    "Downstream PDR": [
        0.8477269500440276,
        0.8543984307309878
    ],
    "TicToc PDR": [
        0.7571463549766062,
        0.7670967619065108
    ],
    "Packets retransmitted per node AVG": [
        0.0,
        0.0
    ],
    "Counter of retransmission per packet AVG": [
        0.0,
        0.0
    ],
    "Intertime of retransmissions AVG": [
        0.0,
        0.0
    ],
    "Packets delivered": [
        0.8715604958007749,
        0.8771301161645461
    ],
    "Packets lost due to noise": [
        0.10215932664010947,
        0.10695393893315767
    ],
    "Packets collided": [
        -5.53168048222661e-07,
        2.620947365465523e-06
    ],
    "Destinatary out of range": [
        -2.266839789955472e-06,
        1.210150379442323e-05
    ],
    "Packets dropped": [
        0.0,
        0.0
    ],
    "Other causes of loss": [
        0.020216590387295844,
        0.021967629630794894
    ],
    "Queue MN Avg": [
        0.3824671238827403,
        0.3825479872243215
    ],
    "Queue MN Var": [
        4.711661425869667e-07,
        5.285377550187145e-07
    ],
    "Queue BR Avg": [
        0.8988858965353453,
        0.9040812051272155
    ],
    "Queue BR Var": [
        0.0736332557549623,
        0.09417231786312946
    ],
    "Upstream Delay Avg": [
        0.7590197602848925,
        0.7594154253172092
    ],
    "Upstream Delay 95th Perc": [
        1.4407040864080534,
        1.4411316270308614
    ],
    "Upstream Delay Var": [
        0.19128657224431778,
        0.19143497562727058
    ],
    "Downstream Delay Avg": [
        0.7649884978752498,
        0.7650564864462205
    ],
    "Downstream Delay 95th Perc": [
        0.7650000150841827,
        0.7650000152093206
    ],
    "Downstream Delay Var": [
        -1.708009022342163e-05,
        8.425454929838415e-05
    ],
    "RTT Avg": [
        1299.3584298666315,
        1300.2553416339515
    ],
    "RTT 95th Perc": [
        2289.3468953423417,
        2290.337592882569
    ],
    "RTT Var": [
        403429.8699639715,
        404039.58338796644
    ]
}