{
    "Upstream PDR": [
        0.497431970291346,
        0.5010719258125501
    ],
    "Downstream PDR": [
        0.4978432656241328,
        0.5017293071015504
    ],
    "TicToc PDR": [
        0.24835515669846375,
        0.2506682199249129
    ],
    "Packets retransmitted per node AVG": [
        0.0,
        0.0
    ],
    "Counter of retransmission per packet AVG": [
        0.0,
        0.0
    ],
    "Intertime of retransmissions AVG": [
        0.0,
        0.0
    ],
    "Packets delivered": [
        0.4981086638515614,
        0.5005120865230972
    ],
    "Packets lost due to noise": [
        0.3810765215523093,
        0.38345223589118305
    ],
    "Packets collided": [
        0.0,
        0.0
    ],
    "Destinatary out of range": [
        0.0,
        0.0
    ],
    "Packets dropped": [
        0.0,
        0.0
    ],
    "Other causes of loss": [
        0.11766122186649984,
        0.11918927031534922
    ],
    "Queue MN Avg": [
        0.08248485340088492,
        0.08250245498294421
    ],
    "Queue MN Var": [
        5.699652918396329e-09,
        7.384793067418498e-09
    ],
    "Queue BR Avg": [
        0.41038858771444137,
        0.4133929489543032
    ],
    "Queue BR Var": [
        0.0,
        0.0
    ],
    "Upstream Delay Avg": [
        0.15907397292248374,
        0.1597421828367749
    ],
    "Upstream Delay 95th Perc": [
        0.3004483472010607,
        0.30107542674659654
    ],
    "Upstream Delay Var": [
        0.008239920639908522,
        0.008286415861302575
    ],
    "Downstream Delay Avg": [
        0.1649999999999992,
        0.16499999999999926
    ],
    "Downstream Delay 95th Perc": [
        0.165,
        0.165
    ],
    "Downstream Delay Var": [
        4.951106040507446e-31,
        4.986447664585185e-31
    ],
    "RTT Avg": [
        1296.263268391419,
        1303.118411618987
    ],
    "RTT 95th Perc": [
        2285.2196986671674,
        2289.9853097076316
    ],
    "RTT Var": [
        401969.2652942173,
        405156.1636412131
    ]
}