{
    "Upstream PDR": [
        0.33058825706708356,
        0.3318507039718774
    ],
    "Downstream PDR": [
        0.4987173393010884,
        0.5008129275564646
    ],
    "TicToc PDR": [
        0.16513933485595303,
        0.16592092488430668
    ],
    "Packets retransmitted per node AVG": [
        0.0,
        0.0
    ],
    "Counter of retransmission per packet AVG": [
        0.0,
        0.0
    ],
    "Intertime of retransmissions AVG": [
        0.0,
        0.0
    ],
    "Packets delivered": [
        0.49870383212992153,
        0.5000443611433593
    ],
    "Packets lost due to noise": [
        0.3810477434806287,
        0.38198073834375873
    ],
    "Packets collided": [
        0.0,
        0.0
    ],
    "Destinatary out of range": [
        0.0,
        0.0
    ],
    "Packets dropped": [
        0.0,
        0.0
    ],
    "Other causes of loss": [
        0.11854295402565992,
        0.11968037087667194
    ],
    "Queue MN Avg": [
        218.88683009832582,
        218.90672802301984
    ],
    "Queue MN Var": [
        0.08186158328004223,
        0.086290415050153
    ],
    "Queue BR Avg": [
        25.028402002793815,
        25.1236706364918
    ],
    "Queue BR Var": [
        0.0,
        0.0
    ],
    "Upstream Delay Avg": [
        437.6245438913422,
        438.20366518848346
    ],
    "Upstream Delay 95th Perc": [
        771.0779545973824,
        771.5482037505951
    ],
    "Upstream Delay Var": [
        45709.6080808907,
        45807.97123866297
    ],
    "Downstream Delay Avg": [
        1.5149999999999901,
        1.5149999999999901
    ],
    "Downstream Delay 95th Perc": [
        1.5149999999999988,
        1.5149999999999992
    ],
    "Downstream Delay Var": [
        4.8670073172344317e-29,
        4.9130557728720403e-29
    ],
    "RTT Avg": [
        1298.3309834269646,
        1301.0703796468385
    ],
    "RTT 95th Perc": [
        2284.1398202025316,
        2286.513108172268
    ],
    "RTT Var": [
        402783.9613575664,
        404169.6556486463
    ]
}