{
    "Upstream PDR": [
        0.4985047829570402,
        0.5003714075191502
    ],
    "Downstream PDR": [
        0.0,
        0.0
    ],
    "TicToc PDR": [
        0.0,
        0.0
    ],
    "Packets retransmitted per node AVG": [
        0.0,
        0.0
    ],
    "Counter of retransmission per packet AVG": [
        0.0,
        0.0
    ],
    "Intertime of retransmissions AVG": [
        0.0,
        0.0
    ],
    "Packets delivered": [
        0.49862485210875124,
        0.5003868361822766
    ],
    "Packets lost due to noise": [
        0.37962240467510966,
        0.3827010357737748
    ],
    "Packets collided": [
        0.0,
        0.0
    ],
    "Destinatary out of range": [
        0.0,
        0.0
    ],
    "Packets dropped": [
        0.0,
        0.0
    ],
    "Other causes of loss": [
        0.11765878847883672,
        0.12100608278125073
    ],
    "Queue MN Avg": [
        0.14999417595274295,
        0.1500095643238366
    ],
    "Queue MN Var": [
        1.3461201077743008e-08,
        1.5318178534225426e-08
    ],
    "Queue BR Avg": [
        0.0,
        0.0
    ],
    "Queue BR Var": [
        0.0,
        0.0
    ],
    "Upstream Delay Avg": [
        0.2942566169030353,
        0.29491137488144537
    ],
    "Upstream Delay 95th Perc": [
        0.5572977132409629,
        0.5579096721881229
    ],
    "Upstream Delay Var": [
        0.02848513319645531,
        0.028587012738096013
    ],
    "Downstream Delay Avg": [
        0.0,
        0.0
    ],
    "Downstream Delay 95th Perc": [
        0.0,
        0.0
    ],
    "Downstream Delay Var": [
        0.0,
        0.0
    ],
    "RTT Avg": [
        0.0,
        0.0
    ],
    "RTT 95th Perc": [
        0.0,
        0.0
    ],
    "RTT Var": [
        0.0,
        0.0
    ]
}