{
    "Upstream PDR": [
        0.7471380717972237,
        0.749684265865114
    ],
    "Downstream PDR": [
        0.0,
        0.0
    ],
    "TicToc PDR": [
        0.0,
        0.0
    ],
    "Packets retransmitted per node AVG": [
        0.0,
        0.0
    ],
    "Counter of retransmission per packet AVG": [
        0.0,
        0.0
    ],
    "Intertime of retransmissions AVG": [
        0.0,
        0.0
    ],
    "Packets delivered": [
        0.7471877687411719,
        0.7497382225255005
    ],
    "Packets lost due to noise": [
        0.2197128347922007,
        0.2206146527151052
    ],
    "Packets collided": [
        -1.247006359147798e-06,
        6.626659857049406e-06
    ],
    "Destinatary out of range": [
        0.0,
        0.0
    ],
    "Packets dropped": [
        0.0,
        0.0
    ],
    "Other causes of loss": [
        0.030358713974304376,
        0.032382427598219486
    ],
    "Queue MN Avg": [
        0.4799800590721784,
        0.48002369678850715
    ],
    "Queue MN Var": [
        6.697603393512508e-07,
        7.160037729301542e-07
    ],
    "Queue BR Avg": [
        0.0,
        0.0
    ],
    "Queue BR Var": [
        0.0,
        0.0
    ],
    "Upstream Delay Avg": [
        0.9537158809187675,
        0.9543342416369981
    ],
    "Upstream Delay 95th Perc": [
        1.8112205258263587,
        1.8116628455026131
    ],
    "Upstream Delay Var": [
        0.30214670579480823,
        0.3025036982477792
    ],
    "Downstream Delay Avg": [
        0.0,
        0.0
    ],
    "Downstream Delay 95th Perc": [
        0.0,
        0.0
    ],
    "Downstream Delay Var": [
        0.0,
        0.0
    ],
    "RTT Avg": [
        0.0,
        0.0
    ],
    "RTT 95th Perc": [
        0.0,
        0.0
    ],
    "RTT Var": [
        0.0,
        0.0
    ]
}