{
    "Upstream PDR": [
        0.7469090569262351,
        0.7496818521646742
    ],
    "Downstream PDR": [
        0.0,
        0.0
    ],
    "TicToc PDR": [
        0.0,
        0.0
    ],
    "Packets retransmitted per node AVG": [
        0.0,
        0.0
    ],
    "Counter of retransmission per packet AVG": [
        0.0,
        0.0
    ],
    "Intertime of retransmissions AVG": [
        0.0,
        0.0
    ],
    "Packets delivered": [
        0.7469589144761832,
        0.7497760088280332
    ],
    "Packets lost due to noise": [
        0.21952968146168422,
        0.22045103522586357
    ],
    "Packets collided": [
        -6.021126207026288e-07,
        3.658259540771122e-06
    ],
    "Destinatary out of range": [
        0.0,
        0.0
    ],
    "Packets dropped": [
        0.0,
        0.0
    ],
    "Other causes of loss": [
        0.030402373651109024,
        0.032878930210206714
    ],
    "Queue MN Avg": [
        0.38246885723851565,
        0.3825126313131191
    ],
    "Queue MN Var": [
        4.7015039517800515e-07,
        5.076519543101831e-07
    ],
    "Queue BR Avg": [
        0.0,
        0.0
    ],
    "Queue BR Var": [
        0.0,
        0.0
    ],
    "Upstream Delay Avg": [
        0.7586030141615185,
        0.7592852170968099
    ],
    "Upstream Delay 95th Perc": [
        1.4406537964614625,
        1.4410636045337941
    ],
    "Upstream Delay Var": [
        0.19119883393254447,
        0.19142744733053632
    ],
    "Downstream Delay Avg": [
        0.0,
        0.0
    ],
    "Downstream Delay 95th Perc": [
        0.0,
        0.0
    ],
    "Downstream Delay Var": [
        0.0,
        0.0
    ],
    "RTT Avg": [
        0.0,
        0.0
    ],
    "RTT 95th Perc": [
        0.0,
        0.0
    ],
    "RTT Var": [
        0.0,
        0.0
    ]
}