{
    "Upstream PDR": [
        0.6183068367340427,
        0.6208223840451781
    ],
    "Downstream PDR": [
        0.749689860583519,
        0.751219655699653
    ],
    "TicToc PDR": [
        0.4642872557896118,
        0.46561014680779095
    ],
    "Packets retransmitted per node AVG": [
        0.0,
        0.0
    ],
    "Counter of retransmission per packet AVG": [
        0.0,
        0.0
    ],
    "Intertime of retransmissions AVG": [
        0.0,
        0.0
    ],
    "Packets delivered": [
        0.7481573875567742,
        0.7497980439779406
    ],
    "Packets lost due to noise": [
        0.2196656171175654,
        0.220341586744401
    ],
    "Packets collided": [
        0.0,
        0.0
    ],
    "Destinatary out of range": [
        0.0,
        0.0
    ],
    "Packets dropped": [
        0.0,
        0.0
    ],
    "Other causes of loss": [
        0.03031581567902477,
        0.03172154892429392
    ],
    "Queue MN Avg": [
        111.92925277838032,
        111.9508346457421
    ],
    "Queue MN Var": [
        0.08032863048586943,
        0.085477486069663
    ],
    "Queue BR Avg": [
        30.0507647490808,
        30.172802890505075
    ],
    "Queue BR Var": [
        0.0,
        0.0
    ],
    "Upstream Delay Avg": [
        223.85760658216685,
        224.03685472878323
    ],
    "Upstream Delay 95th Perc": [
        393.93724106220077,
        394.08219241584777
    ],
    "Upstream Delay Var": [
        11899.608640164459,
        11916.985511141704
    ],
    "Downstream Delay Avg": [
        1.2149999999999963,
        1.2149999999999967
    ],
    "Downstream Delay 95th Perc": [
        1.2150000000000025,
        1.215000000000003
    ],
    "Downstream Delay Var": [
        1.3535754041240158e-29,
        1.4021506590468323e-29
    ],
    "RTT Avg": [
        1299.0236468818366,
        1300.4082045177443
    ],
    "RTT 95th Perc": [
        2288.2711235493,
        2289.3376347655003
    ],
    "RTT Var": [
        403555.87800110073,
        404485.59300214413
    ]
}