{
    "Upstream PDR": [
        0.7489906787817953,
        0.7512326978415815
    ],
    "Downstream PDR": [
        0.7490009449218137,
        0.7511296503727257
    ],
    "TicToc PDR": [
        0.5613557650224503,
        0.5639143648476794
    ],
    "Packets retransmitted per node AVG": [
        0.0,
        0.0
    ],
    "Counter of retransmission per packet AVG": [
        0.0,
        0.0
    ],
    "Intertime of retransmissions AVG": [
        0.0,
        0.0
    ],
    "Packets delivered": [
        0.7492477098732094,
        0.7507803965390288
    ],
    "Packets lost due to noise": [
        0.21902132500438012,
        0.22037837583087302
    ],
    "Packets collided": [
        0.0,
        0.0
    ],
    "Destinatary out of range": [
        0.0,
        0.0
    ],
    "Packets dropped": [
        0.0,
        0.0
    ],
    "Other causes of loss": [
        0.030026956898518507,
        0.030545235853990296
    ],
    "Queue MN Avg": [
        0.1574910126084755,
        0.15751038025482725
    ],
    "Queue MN Var": [
        2.0703437025172016e-08,
        2.5017879013563334e-08
    ],
    "Queue BR Avg": [
        2.3594518928679498,
        2.3665081601996163
    ],
    "Queue BR Var": [
        0.0,
        0.0
    ],
    "Upstream Delay Avg": [
        0.3091166383937192,
        0.30965211232799567
    ],
    "Upstream Delay 95th Perc": [
        0.5858238396383917,
        0.5861663525868082
    ],
    "Upstream Delay Var": [
        0.03148791869311394,
        0.03156785140576262
    ],
    "Downstream Delay Avg": [
        0.31499999999999817,
        0.3149999999999983
    ],
    "Downstream Delay 95th Perc": [
        0.31499999999999995,
        0.31500000000000006
    ],
    "Downstream Delay Var": [
        3.1482784922652894e-30,
        3.1545111239150886e-30
    ],
    "RTT Avg": [
        1298.130618683425,
        1300.1527472684393
    ],
    "RTT 95th Perc": [
        2288.073013846515,
        2289.9996516111414
    ],
    "RTT Var": [
        403110.2282814633,
        404590.92104504985
    ]
}