{
    "Upstream PDR": [
        0.2494267480828623,
        0.2508641610080467
    ],
    "Downstream PDR": [
        0.24858927766216538,
        0.25266695072580075
    ],
    "TicToc PDR": [
        0.06217420913569298,
        0.06320934064785681
    ],
    "Packets retransmitted per node AVG": [
        0.0,
        0.0
    ],
    "Counter of retransmission per packet AVG": [
        0.0,
        0.0
    ],
    "Intertime of retransmissions AVG": [
        0.0,
        0.0
    ],
    "Packets delivered": [
        0.2493656267078429,
        0.250697543730921
    ],
    "Packets lost due to noise": [
        0.43664447944182966,
        0.43886772982701466
    ],
    "Packets collided": [
        0.0,
        0.0
    ],
    "Destinatary out of range": [
        0.0,
        0.0
    ],
    "Packets dropped": [
        0.0,
        0.0
    ],
    "Other causes of loss": [
        0.31110311667072843,
        0.3133215036216632
    ],
    "Queue MN Avg": [
        0.23249522389272376,
        0.23251425342277088
    ],
    "Queue MN Var": [
        3.093661919021314e-08,
        3.5737649559630555e-08
    ],
    "Queue BR Avg": [
        1.7395406525818304,
        1.7495632589305299
    ],
    "Queue BR Var": [
        0.0,
        0.0
    ],
    "Upstream Delay Avg": [
        0.4582517092296001,
        0.45977243649156674
    ],
    "Upstream Delay 95th Perc": [
        0.8706903200863456,
        0.8720405316043975
    ],
    "Upstream Delay Var": [
        0.0696023706724691,
        0.07001356885436313
    ],
    "Downstream Delay Avg": [
        0.46499999999999997,
        0.46499999999999997
    ],
    "Downstream Delay 95th Perc": [
        0.46499999999999997,
        0.46499999999999997
    ],
    "Downstream Delay Var": [
        3.728968401236262e-32,
        5.248273039884828e-32
    ],
    "RTT Avg": [
        1300.8516392337146,
        1309.7891636821532
    ],
    "RTT 95th Perc": [
        2272.6967509679325,
        2278.9792574778667
    ],
    "RTT Var": [
        401781.76124619757,
        406795.5516379531
    ]
}