{
    "Upstream PDR": [
        0.4992426225068355,
        0.5010569445927314
    ],
    "Downstream PDR": [
        0.49836372580819743,
        0.5018537569722297
    ],
    "TicToc PDR": [
        0.24934471077743198,
        0.2509011766684555
    ],
    "Packets retransmitted per node AVG": [
        0.0,
        0.0
    ],
    "Counter of retransmission per packet AVG": [
        0.0,
        0.0
    ],
    "Intertime of retransmissions AVG": [
        0.0,
        0.0
    ],
    "Packets delivered": [
        0.49926399001101,
        0.5004633882622449
    ],
    "Packets lost due to noise": [
        0.38017936650282447,
        0.38219906504945333
    ],
    "Packets collided": [
        0.0,
        0.0
    ],
    "Destinatary out of range": [
        0.0,
        0.0
    ],
    "Packets dropped": [
        0.0,
        0.0
    ],
    "Other causes of loss": [
        0.11791838502441994,
        0.11997580515004778
    ],
    "Queue MN Avg": [
        0.23249522389272376,
        0.23251425342277088
    ],
    "Queue MN Var": [
        3.093661919021314e-08,
        3.5737649559630555e-08
    ],
    "Queue BR Avg": [
        3.4817961718520087,
        3.494400473200064
    ],
    "Queue BR Var": [
        0.0,
        0.0
    ],
    "Upstream Delay Avg": [
        0.4590757919585937,
        0.4600602779413838
    ],
    "Upstream Delay 95th Perc": [
        0.8706374204193874,
        0.871416439666898
    ],
    "Upstream Delay Var": [
        0.0696802316024537,
        0.06988409459534146
    ],
    "Downstream Delay Avg": [
        0.46500000000000247,
        0.4650000000000026
    ],
    "Downstream Delay 95th Perc": [
        0.46499999999999997,
        0.46499999999999997
    ],
    "Downstream Delay Var": [
        6.168984462674467e-30,
        6.18819997211727e-30
    ],
    "RTT Avg": [
        1299.2422596975523,
        1304.1113919099537
    ],
    "RTT 95th Perc": [
        2284.657943719101,
        2287.9340932271275
    ],
    "RTT Var": [
        401959.11321907083,
        404571.31268274586
    ]
}