{
    "Upstream PDR": [
        0.7497732498628887,
        0.751574802085163
    ],
    "Downstream PDR": [
        0.0,
        0.0
    ],
    "TicToc PDR": [
        0.0,
        0.0
    ],
    "Packets retransmitted per node AVG": [
        0.0,
        0.0
    ],
    "Counter of retransmission per packet AVG": [
        0.0,
        0.0
    ],
    "Intertime of retransmissions AVG": [
        0.0,
        0.0
    ],
    "Packets delivered": [
        0.7495100396298702,
        0.751165811029272
    ],
    "Packets lost due to noise": [
        0.21852959018215842,
        0.22015544777061216
    ],
    "Packets collided": [
        0.0,
        0.0
    ],
    "Destinatary out of range": [
        0.0,
        0.0
    ],
    "Packets dropped": [
        0.0,
        0.0
    ],
    "Other causes of loss": [
        0.029895510303865936,
        0.030743601084221982
    ],
    "Queue MN Avg": [
        0.10498746957403711,
        0.10500504987240496
    ],
    "Queue MN Var": [
        9.597712898712577e-09,
        1.1397768623402028e-08
    ],
    "Queue BR Avg": [
        0.0,
        0.0
    ],
    "Queue BR Var": [
        0.0,
        0.0
    ],
    "Upstream Delay Avg": [
        0.20400127575625387,
        0.20434987891786216
    ],
    "Upstream Delay 95th Perc": [
        0.3863441172101383,
        0.38661470819969024
    ],
    "Upstream Delay Var": [
        0.01365850491596116,
        0.013684225436110455
    ],
    "Downstream Delay Avg": [
        0.0,
        0.0
    ],
    "Downstream Delay 95th Perc": [
        0.0,
        0.0
    ],
    "Downstream Delay Var": [
        0.0,
        0.0
    ],
    "RTT Avg": [
        0.0,
        0.0
    ],
    "RTT 95th Perc": [
        0.0,
        0.0
    ],
    "RTT Var": [
        0.0,
        0.0
    ]
}