{
    "Upstream PDR": [
        0.4988609423893933,
        0.5008793173508662
    ],
    "Downstream PDR": [
        0.49813844691559944,
        0.5008082024992311
    ],
    "TicToc PDR": [
        0.2490767372490922,
        0.2502544315820767
    ],
    "Packets retransmitted per node AVG": [
        0.0,
        0.0
    ],
    "Counter of retransmission per packet AVG": [
        0.0,
        0.0
    ],
    "Intertime of retransmissions AVG": [
        0.0,
        0.0
    ],
    "Packets delivered": [
        0.4991125486071687,
        0.5002209525183138
    ],
    "Packets lost due to noise": [
        0.38079568928365565,
        0.38218948493131827
    ],
    "Packets collided": [
        -1.2963276087555242e-05,
        3.997111449883961e-05
    ],
    "Destinatary out of range": [
        -1.9641327405386703e-06,
        6.0562294695211495e-06
    ],
    "Packets dropped": [
        0.0,
        0.0
    ],
    "Other causes of loss": [
        0.11798378913665154,
        0.11966643558775196
    ],
    "Queue MN Avg": [
        0.30747010668852,
        0.30749519834812983
    ],
    "Queue MN Var": [
        6.08508121168871e-08,
        6.879877321836129e-08
    ],
    "Queue BR Avg": [
        6.136555850968735,
        6.1613992696112785
    ],
    "Queue BR Var": [
        0.0,
        0.0
    ],
    "Upstream Delay Avg": [
        0.6086519678051417,
        0.6096567104982348
    ],
    "Upstream Delay 95th Perc": [
        1.155681236124661,
        1.1564534370916821
    ],
    "Upstream Delay Var": [
        0.12295916467245945,
        0.12331108495439898
    ],
    "Downstream Delay Avg": [
        0.6150000000000007,
        0.6150000000000009
    ],
    "Downstream Delay 95th Perc": [
        0.6149999999999994,
        0.6149999999999994
    ],
    "Downstream Delay Var": [
        4.2417713468473064e-31,
        4.791346925347332e-31
    ],
    "RTT Avg": [
        1297.5175817178413,
        1301.0183360464682
    ],
    "RTT 95th Perc": [
        2284.6382587726875,
        2287.4466638878275
    ],
    "RTT Var": [
        402133.91469798173,
        404491.92649182474
    ]
}