{
    "Upstream PDR": [
        0.2494378186873433,
        0.2506754280659033
    ],
    "Downstream PDR": [
        0.0,
        0.0
    ],
    "TicToc PDR": [
        0.0,
        0.0
    ],
    "Packets retransmitted per node AVG": [
        0.0,
        0.0
    ],
    "Counter of retransmission per packet AVG": [
        0.0,
        0.0
    ],
    "Intertime of retransmissions AVG": [
        0.0,
        0.0
    ],
    "Packets delivered": [
        0.24948051190592072,
        0.25070525178519326
    ],
    "Packets lost due to noise": [
        0.43700207662215523,
        0.43876010379517266
    ],
    "Packets collided": [
        -4.7402152360685196e-05,
        0.00014616034146795027
    ],
    "Destinatary out of range": [
        -1.9242457888991022e-05,
        5.933241584342536e-05
    ],
    "Packets dropped": [
        0.0,
        0.0
    ],
    "Other causes of loss": [
        0.3110289233867179,
        0.3128842843577782
    ],
    "Queue MN Avg": [
        0.24728946879879218,
        0.24763937828004326
    ],
    "Queue MN Var": [
        1.1921284287285002e-05,
        1.3189997321591977e-05
    ],
    "Queue BR Avg": [
        0.0,
        0.0
    ],
    "Queue BR Var": [
        0.0,
        0.0
    ],
    "Upstream Delay Avg": [
        0.48811171698835165,
        0.4898543758511048
    ],
    "Upstream Delay 95th Perc": [
        0.9269804315919169,
        0.9283007559657973
    ],
    "Upstream Delay Var": [
        0.0790464899470408,
        0.07934629540990773
    ],
    "Downstream Delay Avg": [
        0.0,
        0.0
    ],
    "Downstream Delay 95th Perc": [
        0.0,
        0.0
    ],
    "Downstream Delay Var": [
        0.0,
        0.0
    ],
    "RTT Avg": [
        0.0,
        0.0
    ],
    "RTT 95th Perc": [
        0.0,
        0.0
    ],
    "RTT Var": [
        0.0,
        0.0
    ]
}