{
    "Upstream PDR": [
        0.9683080412974288,
        0.97113917814979
    ],
    "Downstream PDR": [
        0.0,
        0.0
    ],
    "TicToc PDR": [
        0.0,
        0.0
    ],
    "Packets retransmitted per node AVG": [
        0.0,
        0.0
    ],
    "Counter of retransmission per packet AVG": [
        0.0,
        0.0
    ],
    "Intertime of retransmissions AVG": [
        0.0,
        0.0
    ],
    "Packets delivered": [
        0.9684610313000582,
        0.9712379404679404
    ],
    "Packets lost due to noise": [
        0.028051050144987936,
        0.030640014940555644
    ],
    "Packets collided": [
        0.0,
        0.0
    ],
    "Destinatary out of range": [
        0.0,
        0.0
    ],
    "Packets dropped": [
        0.0,
        0.0
    ],
    "Other causes of loss": [
        0.0006875189958608626,
        0.0009224441505968223
    ],
    "Queue MN Avg": [
        0.17550679791487445,
        0.175535005521684
    ],
    "Queue MN Var": [
        6.776044130046332e-08,
        7.800970283669539e-08
    ],
    "Queue BR Avg": [
        0.0,
        0.0
    ],
    "Queue BR Var": [
        0.0,
        0.0
    ],
    "Upstream Delay Avg": [
        0.2941761522057568,
        0.2942922793479024
    ],
    "Upstream Delay 95th Perc": [
        0.5574564779207635,
        0.5575139387767222
    ],
    "Upstream Delay Var": [
        0.02851285483269341,
        0.028528219989378566
    ],
    "Downstream Delay Avg": [
        0.0,
        0.0
    ],
    "Downstream Delay 95th Perc": [
        0.0,
        0.0
    ],
    "Downstream Delay Var": [
        0.0,
        0.0
    ],
    "RTT Avg": [
        0.0,
        0.0
    ],
    "RTT 95th Perc": [
        0.0,
        0.0
    ],
    "RTT Var": [
        0.0,
        0.0
    ]
}