{
    "Upstream PDR": [
        0.1508016565861051,
        0.15185079384412306
    ],
    "Downstream PDR": [
        0.8466000955292633,
        0.8547911677374745
    ],
    "TicToc PDR": [
        0.1277217364601465,
        0.1297758585374485
    ],
    "Packets retransmitted per node AVG": [
        0.0,
        0.0
    ],
    "Counter of retransmission per packet AVG": [
        0.0,
        0.0
    ],
    "Intertime of retransmissions AVG": [
        0.0,
        0.0
    ],
    "Packets delivered": [
        0.869585613960406,
        0.876377150416613
    ],
    "Packets lost due to noise": [
        0.10321519334722508,
        0.1090358181324911
    ],
    "Packets collided": [
        -7.529970875490429e-07,
        2.3217998753115968e-06
    ],
    "Destinatary out of range": [
        -2.070741990759865e-06,
        6.384949657106888e-06
    ],
    "Packets dropped": [
        0.0,
        0.0
    ],
    "Other causes of loss": [
        0.020022851398563093,
        0.021757489734247834
    ],
    "Queue MN Avg": [
        5243.482464855783,
        5243.73312549429
    ],
    "Queue MN Var": [
        5.197061685854409,
        5.835064641791067
    ],
    "Queue BR Avg": [
        0.9490377442866156,
        0.9556454656549291
    ],
    "Queue BR Var": [
        0.08497937352034926,
        0.11159537239164136
    ],
    "Upstream Delay Avg": [
        1078.6416221093955,
        1079.0963777973602
    ],
    "Upstream Delay 95th Perc": [
        1901.2974110950545,
        1901.664179320072
    ],
    "Upstream Delay Var": [
        278293.65658985503,
        278514.0537213904
    ],
    "Downstream Delay Avg": [
        0.6149471585048856,
        0.6151629321320071
    ],
    "Downstream Delay 95th Perc": [
        0.6141668934100335,
        0.6175688308889005
    ],
    "Downstream Delay Var": [
        -6.017985858505412e-05,
        0.00018555926771758683
    ],
    "RTT Avg": [
        1299.6287798354524,
        1300.634106899569
    ],
    "RTT 95th Perc": [
        2289.8107541742734,
        2290.9840897632726
    ],
    "RTT Var": [
        403768.0857221989,
        404504.0308399597
    ]
}