{
    "Upstream PDR": [
        0.5887224805831134,
        0.5947481138630911
    ],
    "Downstream PDR": [
        0.846351390901753,
        0.8559619085020638
    ],
    "TicToc PDR": [
        0.498552684115499,
        0.5089892861093981
    ],
    "Packets retransmitted per node AVG": [
        0.0,
        0.0
    ],
    "Counter of retransmission per packet AVG": [
        0.0,
        0.0
    ],
    "Intertime of retransmissions AVG": [
        0.0,
        0.0
    ],
    "Packets delivered": [
        0.8693930380354226,
        0.8784015087250568
    ],
    "Packets lost due to noise": [
        0.1021968848584683,
        0.10939914591001952
    ],
    "Packets collided": [
        0.0,
        0.0
    ],
    "Destinatary out of range": [
        0.0,
        0.0
    ],
    "Packets dropped": [
        0.0,
        0.0
    ],
    "Other causes of loss": [
        0.019387057935335197,
        0.02122236453569771
    ],
    "Queue MN Avg": [
        1083.4777900498952,
        1083.5590420331105
    ],
    "Queue MN Var": [
        0.2904643417793213,
        0.3515066734417314
    ],
    "Queue BR Avg": [
        0.4802379115527353,
        0.4851526146584235
    ],
    "Queue BR Var": [
        0.04210412884205177,
        0.05713554906563476
    ],
    "Upstream Delay Avg": [
        440.3316317725317,
        440.54369126331204
    ],
    "Upstream Delay 95th Perc": [
        776.0813956161088,
        776.3379593454459
    ],
    "Upstream Delay Var": [
        46366.79329791127,
        46411.39601459917
    ],
    "Downstream Delay Avg": [
        0.31500000000350437,
        0.31500000000644657
    ],
    "Downstream Delay 95th Perc": [
        0.3150000030357441,
        0.3150000030861158
    ],
    "Downstream Delay Var": [
        3.324022065446852e-18,
        3.4573826234624227e-18
    ],
    "RTT Avg": [
        1299.4858320892831,
        1300.4509153932845
    ],
    "RTT 95th Perc": [
        2289.7948149077124,
        2291.5478933177205
    ],
    "RTT Var": [
        403592.3200511605,
        404536.6085095934
    ]
}