{
    "Upstream PDR": [
        0.07534543359213006,
        0.07567100033966437
    ],
    "Downstream PDR": [
        0.9748379947410645,
        0.9764943704417594
    ],
    "TicToc PDR": [
        0.07349044692212067,
        0.07385152509212264
    ],
    "Packets retransmitted per node AVG": [
        0.0,
        0.0
    ],
    "Counter of retransmission per packet AVG": [
        0.0,
        0.0
    ],
    "Intertime of retransmissions AVG": [
        0.0,
        0.0
    ],
    "Packets delivered": [
        0.9839382193567205,
        0.9864357900843077
    ],
    "Packets lost due to noise": [
        0.012101196062531926,
        0.013018910286709925
    ],
    "Packets collided": [
        -6.059931407080725e-06,
        2.7673478611307878e-05
    ],
    "Destinatary out of range": [
        -6.484102216745924e-07,
        1.999315530867548e-06
    ],
    "Packets dropped": [
        0.0,
        0.0
    ],
    "Other causes of loss": [
        0.0011625790371975618,
        0.0033203407200193126
    ],
    "Queue MN Avg": [
        8714.514034021278,
        8714.869066332925
    ],
    "Queue MN Var": [
        14.333863498617815,
        15.40057289115344
    ],
    "Queue BR Avg": [
        0.7905661451055003,
        0.7937966538053846
    ],
    "Queue BR Var": [
        0.05940563221772315,
        0.07650299151613002
    ],
    "Upstream Delay Avg": [
        1200.300586753584,
        1200.4001217943028
    ],
    "Upstream Delay 95th Perc": [
        2115.0858773467144,
        2115.159275198471
    ],
    "Upstream Delay Var": [
        344385.47931612056,
        344413.0820409974
    ],
    "Downstream Delay Avg": [
        0.9149511738704885,
        0.9152885039981626
    ],
    "Downstream Delay 95th Perc": [
        0.9139986646728034,
        0.9180875552561195
    ],
    "Downstream Delay Var": [
        -8.2231592087469e-05,
        0.0004910079492832887
    ],
    "RTT Avg": [
        1299.753404349098,
        1300.0639743589438
    ],
    "RTT 95th Perc": [
        2289.9008490915203,
        2290.216334942076
    ],
    "RTT Var": [
        403679.2872889061,
        403909.0073535549
    ]
}