{
    "Upstream PDR": [
        0.2736676193048409,
        0.27452627833295445
    ],
    "Downstream PDR": [
        0.0,
        0.0
    ],
    "TicToc PDR": [
        0.0,
        0.0
    ],
    "Packets retransmitted per node AVG": [
        0.0,
        0.0
    ],
    "Counter of retransmission per packet AVG": [
        0.0,
        0.0
    ],
    "Intertime of retransmissions AVG": [
        0.0,
        0.0
    ],
    "Packets delivered": [
        0.9931577177105114,
        0.9962814945936832
    ],
    "Packets lost due to noise": [
        0.002566695413507734,
        0.002945618939746017
    ],
    "Packets collided": [
        0.0,
        0.0
    ],
    "Destinatary out of range": [
        0.0,
        0.0
    ],
    "Packets dropped": [
        0.0,
        0.0
    ],
    "Other causes of loss": [
        0.0010000533225202903,
        0.004048420020031017
    ],
    "Queue MN Avg": [
        1792.4539559913735,
        1792.5129369873946
    ],
    "Queue MN Var": [
        0.6720632023142485,
        0.7213158016281549
    ],
    "Queue BR Avg": [
        0.0,
        0.0
    ],
    "Queue BR Var": [
        0.0,
        0.0
    ],
    "Upstream Delay Avg": [
        941.0315802971134,
        941.0880389737947
    ],
    "Upstream Delay 95th Perc": [
        1658.138445811391,
        1658.211497181884
    ],
    "Upstream Delay Var": [
        211661.4868734752,
        211681.36567489523
    ],
    "Downstream Delay Avg": [
        0.0,
        0.0
    ],
    "Downstream Delay 95th Perc": [
        0.0,
        0.0
    ],
    "Downstream Delay Var": [
        0.0,
        0.0
    ],
    "RTT Avg": [
        0.0,
        0.0
    ],
    "RTT 95th Perc": [
        0.0,
        0.0
    ],
    "RTT Var": [
        0.0,
        0.0
    ]
}