{
    "Upstream PDR": [
        0.1684873015330781,
        0.1689670034212268
    ],
    "Downstream PDR": [
        0.9739768414378629,
        0.9757261267296251
    ],
    "TicToc PDR": [
        0.16417389342951413,
        0.1647950285949635
    ],
    "Packets retransmitted per node AVG": [
        0.0,
        0.0
    ],
    "Counter of retransmission per packet AVG": [
        0.0,
        0.0
    ],
    "Intertime of retransmissions AVG": [
        0.0,
        0.0
    ],
    "Packets delivered": [
        0.9845926513079729,
        0.9865001750867094
    ],
    "Packets lost due to noise": [
        0.012484853082538645,
        0.013467594810876905
    ],
    "Packets collided": [
        -2.1675568938197157e-06,
        6.683469842071116e-06
    ],
    "Destinatary out of range": [
        0.0,
        0.0
    ],
    "Packets dropped": [
        0.0,
        0.0
    ],
    "Other causes of loss": [
        0.0007597850271911414,
        0.0021904247717625604
    ],
    "Queue MN Avg": [
        5243.482464855783,
        5243.73312549429
    ],
    "Queue MN Var": [
        5.197061685854409,
        5.835064641791067
    ],
    "Queue BR Avg": [
        0.530345076959069,
        0.5315774498931669
    ],
    "Queue BR Var": [
        0.0393646737873602,
        0.04897152172167584
    ],
    "Upstream Delay Avg": [
        1078.7900361081065,
        1078.8842559362379
    ],
    "Upstream Delay 95th Perc": [
        1901.1804924432993,
        1901.2725457061981
    ],
    "Upstream Delay Var": [
        278311.03721517127,
        278348.08563574706
    ],
    "Downstream Delay Avg": [
        0.6149214943915299,
        0.6152420653077187
    ],
    "Downstream Delay 95th Perc": [
        0.6141668935412673,
        0.6175688310111783
    ],
    "Downstream Delay Var": [
        -8.644550068843283e-05,
        0.00026654705049786604
    ],
    "RTT Avg": [
        1299.679952632529,
        1300.3498013131311
    ],
    "RTT 95th Perc": [
        2289.9677670177243,
        2290.2351982937616
    ],
    "RTT Var": [
        403522.8329404114,
        403697.0812202769
    ]
}