{
    "Upstream PDR": [
        0.2997596534024955,
        0.3015341124130095
    ],
    "Downstream PDR": [
        0.0,
        0.0
    ],
    "TicToc PDR": [
        0.0,
        0.0
    ],
    "Packets retransmitted per node AVG": [
        0.0,
        0.0
    ],
    "Counter of retransmission per packet AVG": [
        0.0,
        0.0
    ],
    "Intertime of retransmissions AVG": [
        0.0,
        0.0
    ],
    "Packets delivered": [
        0.8917270173935368,
        0.8969649042317271
    ],
    "Packets lost due to noise": [
        0.09453692711538514,
        0.09868687670628745
    ],
    "Packets collided": [
        -2.2481223599146008e-07,
        6.931886326313278e-07
    ],
    "Destinatary out of range": [
        0.0,
        0.0
    ],
    "Packets dropped": [
        0.0,
        0.0
    ],
    "Other causes of loss": [
        0.007478231286729973,
        0.010605574889936504
    ],
    "Queue MN Avg": [
        1487.5170921739716,
        1487.5627324615868
    ],
    "Queue MN Var": [
        0.5330589580380003,
        0.5627308025602742
    ],
    "Queue BR Avg": [
        0.0,
        0.0
    ],
    "Queue BR Var": [
        0.0,
        0.0
    ],
    "Upstream Delay Avg": [
        862.2241337689842,
        862.5413679865834
    ],
    "Upstream Delay 95th Perc": [
        1519.7229596738887,
        1519.95125970302
    ],
    "Upstream Delay Var": [
        177789.3980921002,
        177892.25671793832
    ],
    "Downstream Delay Avg": [
        0.0,
        0.0
    ],
    "Downstream Delay 95th Perc": [
        0.0,
        0.0
    ],
    "Downstream Delay Var": [
        0.0,
        0.0
    ],
    "RTT Avg": [
        0.0,
        0.0
    ],
    "RTT 95th Perc": [
        0.0,
        0.0
    ],
    "RTT Var": [
        0.0,
        0.0
    ]
}