{
    "Upstream PDR": [
        0.09340052745382374,
        0.09406103121318929
    ],
    "Downstream PDR": [
        0.850878664685816,
        0.8583787489589303
    ],
    "TicToc PDR": [
        0.0795077221342474,
        0.08071652708782714
    ],
    "Packets retransmitted per node AVG": [
        0.0,
        0.0
    ],
    "Counter of retransmission per packet AVG": [
        0.0,
        0.0
    ],
    "Intertime of retransmissions AVG": [
        0.0,
        0.0
    ],
    "Packets delivered": [
        0.8729344852383555,
        0.8795374554052059
    ],
    "Packets lost due to noise": [
        0.10044979780527341,
        0.10599225377836613
    ],
    "Packets collided": [
        -9.59422324865995e-07,
        3.896658784129619e-06
    ],
    "Destinatary out of range": [
        -3.1329707057697957e-06,
        1.4896074327954874e-05
    ],
    "Packets dropped": [
        0.0,
        0.0
    ],
    "Other causes of loss": [
        0.019478414347952853,
        0.021592893084764947
    ],
    "Queue MN Avg": [
        7342.037662889659,
        7342.399150297149
    ],
    "Queue MN Var": [
        10.594332633307209,
        11.635256953439027
    ],
    "Queue BR Avg": [
        1.1872187982204223,
        1.195573022057697
    ],
    "Queue BR Var": [
        0.12826072152507403,
        0.1709982926376554
    ],
    "Upstream Delay Avg": [
        1163.0382620205517,
        1163.5849171062785
    ],
    "Upstream Delay 95th Perc": [
        2049.930064303196,
        2050.3863493712183
    ],
    "Upstream Delay Var": [
        323413.14100945607,
        323709.2046345657
    ],
    "Downstream Delay Avg": [
        0.7649799886214161,
        0.76512390746669
    ],
    "Downstream Delay 95th Perc": [
        0.7650000058522487,
        0.7650000059328298
    ],
    "Downstream Delay Var": [
        -2.9506340491161414e-05,
        0.00018316356144251753
    ],
    "RTT Avg": [
        1299.2801514334326,
        1300.244771161864
    ],
    "RTT 95th Perc": [
        2289.616289415698,
        2290.872661662662
    ],
    "RTT Var": [
        403999.26997308264,
        404671.48248122184
    ]
}