{
    "Upstream PDR": [
        0.05392007132017288,
        0.05415062388451742
    ],
    "Downstream PDR": [
        0.9737724404590636,
        0.9753661799446572
    ],
    "TicToc PDR": [
        0.052531019776901916,
        0.05279166282210919
    ],
    "Packets retransmitted per node AVG": [
        0.0,
        0.0
    ],
    "Counter of retransmission per packet AVG": [
        0.0,
        0.0
    ],
    "Intertime of retransmissions AVG": [
        0.0,
        0.0
    ],
    "Packets delivered": [
        0.983661936435493,
        0.986189109261534
    ],
    "Packets lost due to noise": [
        0.012413449259224404,
        0.013229595047304627
    ],
    "Packets collided": [
        -2.2993278757684916e-06,
        2.0540425489440437e-05
    ],
    "Destinatary out of range": [
        -2.502056414470914e-07,
        7.714869509057407e-07
    ],
    "Packets dropped": [
        0.0,
        0.0
    ],
    "Other causes of loss": [
        0.0011661317459202292,
        0.003321015871600514
    ],
    "Queue MN Avg": [
        10698.024036630968,
        10698.451387904084
    ],
    "Queue MN Var": [
        22.020172225632358,
        24.474689942657925
    ],
    "Queue BR Avg": [
        0.9215594763460251,
        0.9250235009457848
    ],
    "Queue BR Var": [
        0.0745460553090771,
        0.0985028691546258
    ],
    "Upstream Delay Avg": [
        1228.2037750800466,
        1228.2879794001908
    ],
    "Upstream Delay 95th Perc": [
        2164.6240420678437,
        2164.7335215104526
    ],
    "Upstream Delay Var": [
        360868.14553130954,
        360905.401428442
    ],
    "Downstream Delay Avg": [
        1.0648390745002616,
        1.0661371596883713
    ],
    "Downstream Delay 95th Perc": [
        1.0632755024961718,
        1.0763930824692114
    ],
    "Downstream Delay Var": [
        -0.00029189493955571687,
        0.0021283025970397296
    ],
    "RTT Avg": [
        1299.7669578174496,
        1300.3328689788045
    ],
    "RTT 95th Perc": [
        2289.874608098468,
        2290.1712343591994
    ],
    "RTT Var": [
        403589.81863165426,
        403803.05623843044
    ]
}