{
    "Upstream PDR": [
        0.7242728787942659,
        0.7275147563699927
    ],
    "Downstream PDR": [
        0.0,
        0.0
    ],
    "TicToc PDR": [
        0.0,
        0.0
    ],
    "Packets retransmitted per node AVG": [
        0.0,
        0.0
    ],
    "Counter of retransmission per packet AVG": [
        0.0,
        0.0
    ],
    "Intertime of retransmissions AVG": [
        0.0,
        0.0
    ],
    "Packets delivered": [
        0.9661997568926363,
        0.9704815270707671
    ],
    "Packets lost due to noise": [
        0.028115554289668932,
        0.029877369376576365
    ],
    "Packets collided": [
        0.0,
        0.0
    ],
    "Destinatary out of range": [
        0.0,
        0.0
    ],
    "Packets dropped": [
        0.0,
        0.0
    ],
    "Other causes of loss": [
        0.0008654927932658491,
        0.004460299577085602
    ],
    "Queue MN Avg": [
        375.9064327303348,
        375.934431994364
    ],
    "Queue MN Var": [
        0.11022169507783013,
        0.12012556909508608
    ],
    "Queue BR Avg": [
        0.0,
        0.0
    ],
    "Queue BR Var": [
        0.0,
        0.0
    ],
    "Upstream Delay Avg": [
        325.4501972539476,
        325.5106238702136
    ],
    "Upstream Delay 95th Perc": [
        573.3238311911088,
        573.3797020300723
    ],
    "Upstream Delay Var": [
        25282.744878677146,
        25290.812269460494
    ],
    "Downstream Delay Avg": [
        0.0,
        0.0
    ],
    "Downstream Delay 95th Perc": [
        0.0,
        0.0
    ],
    "Downstream Delay Var": [
        0.0,
        0.0
    ],
    "RTT Avg": [
        0.0,
        0.0
    ],
    "RTT 95th Perc": [
        0.0,
        0.0
    ],
    "RTT Var": [
        0.0,
        0.0
    ]
}