{
    "Upstream PDR": [
        0.33367478666550093,
        0.3347261586050097
    ],
    "Downstream PDR": [
        0.0,
        0.0
    ],
    "TicToc PDR": [
        0.0,
        0.0
    ],
    "Packets retransmitted per node AVG": [
        0.0,
        0.0
    ],
    "Counter of retransmission per packet AVG": [
        0.0,
        0.0
    ],
    "Intertime of retransmissions AVG": [
        0.0,
        0.0
    ],
    "Packets delivered": [
        0.9929779780385714,
        0.996133803691137
    ],
    "Packets lost due to noise": [
        0.002720731828399208,
        0.0030299338964035094
    ],
    "Packets collided": [
        0.0,
        0.0
    ],
    "Destinatary out of range": [
        0.0,
        0.0
    ],
    "Packets dropped": [
        0.0,
        0.0
    ],
    "Other causes of loss": [
        0.001000887933220966,
        0.004136664612267542
    ],
    "Queue MN Avg": [
        1487.5170921739716,
        1487.5627324615868
    ],
    "Queue MN Var": [
        0.5330589580380003,
        0.5627308025602742
    ],
    "Queue BR Avg": [
        0.0,
        0.0
    ],
    "Queue BR Var": [
        0.0,
        0.0
    ],
    "Upstream Delay Avg": [
        862.3191500356606,
        862.3736467518299
    ],
    "Upstream Delay 95th Perc": [
        1519.5285928342682,
        1519.6082846348972
    ],
    "Upstream Delay Var": [
        177736.31172914465,
        177753.2471816694
    ],
    "Downstream Delay Avg": [
        0.0,
        0.0
    ],
    "Downstream Delay 95th Perc": [
        0.0,
        0.0
    ],
    "Downstream Delay Var": [
        0.0,
        0.0
    ],
    "RTT Avg": [
        0.0,
        0.0
    ],
    "RTT 95th Perc": [
        0.0,
        0.0
    ],
    "RTT Var": [
        0.0,
        0.0
    ]
}