{
    "Upstream PDR": [
        0.6588133870798408,
        0.6592348654806072
    ],
    "Downstream PDR": [
        0.9742142656093421,
        0.9765285681261223
    ],
    "TicToc PDR": [
        0.6418944922070592,
        0.6436946747235718
    ],
    "Packets retransmitted per node AVG": [
        0.0,
        0.0
    ],
    "Counter of retransmission per packet AVG": [
        0.0,
        0.0
    ],
    "Intertime of retransmissions AVG": [
        0.0,
        0.0
    ],
    "Packets delivered": [
        0.9853815581102119,
        0.9867604976591948
    ],
    "Packets lost due to noise": [
        0.012242666990005698,
        0.013510322827478528
    ],
    "Packets collided": [
        0.0,
        0.0
    ],
    "Destinatary out of range": [
        0.0,
        0.0
    ],
    "Packets dropped": [
        0.0,
        0.0
    ],
    "Other causes of loss": [
        0.0009885780937882811,
        0.001116376319321801
    ],
    "Queue MN Avg": [
        1083.4777900498952,
        1083.5590420331105
    ],
    "Queue MN Var": [
        0.2904643417793213,
        0.3515066734417314
    ],
    "Queue BR Avg": [
        0.2687058483627035,
        0.26887781187717896
    ],
    "Queue BR Var": [
        0.01873690423947795,
        0.024826802975577933
    ],
    "Upstream Delay Avg": [
        440.413337970496,
        440.45370890216424
    ],
    "Upstream Delay 95th Perc": [
        776.0278563555985,
        776.0734423931167
    ],
    "Upstream Delay Var": [
        46348.258693062155,
        46354.596345825405
    ],
    "Downstream Delay Avg": [
        0.31500000001896616,
        0.3150000000218936
    ],
    "Downstream Delay 95th Perc": [
        0.3150000030763445,
        0.3150000031191669
    ],
    "Downstream Delay Var": [
        3.3752076135553654e-18,
        3.542074470042098e-18
    ],
    "RTT Avg": [
        1299.8940969369041,
        1300.147126603129
    ],
    "RTT 95th Perc": [
        2290.093447227979,
        2290.3583895122106
    ],
    "RTT Var": [
        403550.05804710306,
        403720.6238521202
    ]
}