{
    "Upstream PDR": [
        0.8904315169802045,
        0.896494041121824
    ],
    "Downstream PDR": [
        0.0,
        0.0
    ],
    "TicToc PDR": [
        0.0,
        0.0
    ],
    "Packets retransmitted per node AVG": [
        0.0,
        0.0
    ],
    "Counter of retransmission per packet AVG": [
        0.0,
        0.0
    ],
    "Intertime of retransmissions AVG": [
        0.0,
        0.0
    ],
    "Packets delivered": [
        0.8899673171865072,
        0.8960338525290537
    ],
    "Packets lost due to noise": [
        0.09625904008208291,
        0.10215028789762812
    ],
    "Packets collided": [
        0.0,
        0.0
    ],
    "Destinatary out of range": [
        0.0,
        0.0
    ],
    "Packets dropped": [
        0.0,
        0.0
    ],
    "Other causes of loss": [
        0.006403638351208447,
        0.009185863953519818
    ],
    "Queue MN Avg": [
        0.2983348336572646,
        0.2983627844483569
    ],
    "Queue MN Var": [
        6.546230439493205e-08,
        7.325744558684039e-08
    ],
    "Queue BR Avg": [
        0.0,
        0.0
    ],
    "Queue BR Var": [
        0.0,
        0.0
    ],
    "Upstream Delay Avg": [
        0.38398140225912847,
        0.3842773801505879
    ],
    "Upstream Delay 95th Perc": [
        0.7283097798319006,
        0.7284614392500423
    ],
    "Upstream Delay Var": [
        0.04874888112995406,
        0.04878229104119607
    ],
    "Downstream Delay Avg": [
        0.0,
        0.0
    ],
    "Downstream Delay 95th Perc": [
        0.0,
        0.0
    ],
    "Downstream Delay Var": [
        0.0,
        0.0
    ],
    "RTT Avg": [
        0.0,
        0.0
    ],
    "RTT 95th Perc": [
        0.0,
        0.0
    ],
    "RTT Var": [
        0.0,
        0.0
    ]
}