{
    "Upstream PDR": [
        0.06757072687758961,
        0.06816785731140779
    ],
    "Downstream PDR": [
        0.8464745584396742,
        0.8557094720285126
    ],
    "TicToc PDR": [
        0.05724111097237967,
        0.0582982624182334
    ],
    "Packets retransmitted per node AVG": [
        0.0,
        0.0
    ],
    "Counter of retransmission per packet AVG": [
        0.0,
        0.0
    ],
    "Intertime of retransmissions AVG": [
        0.0,
        0.0
    ],
    "Packets delivered": [
        0.8696131479284331,
        0.8773710165495675
    ],
    "Packets lost due to noise": [
        0.10203749047837103,
        0.1084639053441492
    ],
    "Packets collided": [
        -1.2585195590979096e-06,
        3.880533674973104e-06
    ],
    "Destinatary out of range": [
        -1.5102234709174902e-06,
        4.656640409967723e-06
    ],
    "Packets dropped": [
        0.0,
        0.0
    ],
    "Other causes of loss": [
        0.020054135738723156,
        0.022454535529700646
    ],
    "Queue MN Avg": [
        8714.520729141223,
        8714.912469243929
    ],
    "Queue MN Var": [
        14.215329592817916,
        15.3516277505495
    ],
    "Queue BR Avg": [
        1.4176943879720556,
        1.4302514335713805
    ],
    "Queue BR Var": [
        0.14364315809677214,
        0.19142311609229656
    ],
    "Upstream Delay Avg": [
        1200.1072210281352,
        1200.7311760603045
    ],
    "Upstream Delay 95th Perc": [
        2115.286511028362,
        2115.628368133178
    ],
    "Upstream Delay Var": [
        344425.6924679131,
        344691.4870882007
    ],
    "Downstream Delay Avg": [
        0.9149439173246741,
        0.9151729261022514
    ],
    "Downstream Delay 95th Perc": [
        0.9138831251375507,
        0.9184438105079867
    ],
    "Downstream Delay Var": [
        -9.678226076784399e-05,
        0.0002984195353459197
    ],
    "RTT Avg": [
        1299.9618905308062,
        1300.8414143605378
    ],
    "RTT 95th Perc": [
        2289.8926764443286,
        2290.957154857303
    ],
    "RTT Var": [
        404207.3064832222,
        404831.111506548
    ]
}