{
    "Upstream PDR": [
        0.3891198250221099,
        0.39139451212589055
    ],
    "Downstream PDR": [
        0.0,
        0.0
    ],
    "TicToc PDR": [
        0.0,
        0.0
    ],
    "Packets retransmitted per node AVG": [
        0.0,
        0.0
    ],
    "Counter of retransmission per packet AVG": [
        0.0,
        0.0
    ],
    "Intertime of retransmissions AVG": [
        0.0,
        0.0
    ],
    "Packets delivered": [
        0.8927213146510683,
        0.8980224581974486
    ],
    "Packets lost due to noise": [
        0.09407261150649894,
        0.09771432417241764
    ],
    "Packets collided": [
        -2.2212493250158022e-07,
        6.849025701605733e-07
    ],
    "Destinatary out of range": [
        0.0,
        0.0
    ],
    "Packets dropped": [
        0.0,
        0.0
    ],
    "Other causes of loss": [
        0.007083359928263652,
        0.010385468766665011
    ],
    "Queue MN Avg": [
        1110.4749438547235,
        1110.5169455694343
    ],
    "Queue MN Var": [
        0.3226174242888919,
        0.3561852630031221
    ],
    "Queue BR Avg": [
        0.0,
        0.0
    ],
    "Queue BR Var": [
        0.0,
        0.0
    ],
    "Upstream Delay Avg": [
        732.9574306141596,
        733.1639483805448
    ],
    "Upstream Delay 95th Perc": [
        1291.7495950937923,
        1292.0240580552713
    ],
    "Upstream Delay Var": [
        128487.50026151296,
        128563.76082540609
    ],
    "Downstream Delay Avg": [
        0.0,
        0.0
    ],
    "Downstream Delay 95th Perc": [
        0.0,
        0.0
    ],
    "Downstream Delay Var": [
        0.0,
        0.0
    ],
    "RTT Avg": [
        0.0,
        0.0
    ],
    "RTT 95th Perc": [
        0.0,
        0.0
    ],
    "RTT Var": [
        0.0,
        0.0
    ]
}