{
    "Upstream PDR": [
        0.8889989461774185,
        0.9008588151089142
    ],
    "Downstream PDR": [
        0.8427685827363938,
        0.8591581070896299
    ],
    "TicToc PDR": [
        0.7500468229683266,
        0.7737956837313231
    ],
    "Packets retransmitted per node AVG": [
        0.0,
        0.0
    ],
    "Counter of retransmission per packet AVG": [
        0.0,
        0.0
    ],
    "Intertime of retransmissions AVG": [
        0.0,
        0.0
    ],
    "Packets delivered": [
        0.8669437724905129,
        0.8804497034631038
    ],
    "Packets lost due to noise": [
        0.10058218798718861,
        0.11136706197290845
    ],
    "Packets collided": [
        0.0,
        0.0
    ],
    "Destinatary out of range": [
        0.0,
        0.0
    ],
    "Packets dropped": [
        0.0,
        0.0
    ],
    "Other causes of loss": [
        0.0189368175012216,
        0.021720456585064746
    ],
    "Queue MN Avg": [
        0.25984167909065004,
        0.2599181639732092
    ],
    "Queue MN Var": [
        1.4430533505959996e-07,
        1.8675446323314576e-07
    ],
    "Queue BR Avg": [
        0.12159564714552515,
        0.12321776912860749
    ],
    "Queue BR Var": [
        0.004578095534014211,
        0.006087578324700243
    ],
    "Upstream Delay Avg": [
        0.15922716358273245,
        0.15936513245320735
    ],
    "Upstream Delay 95th Perc": [
        0.30092802830395965,
        0.3010102830416405
    ],
    "Upstream Delay Var": [
        0.008266684443424072,
        0.008278377059834943
    ],
    "Downstream Delay Avg": [
        0.16500000000195256,
        0.1650000000042617
    ],
    "Downstream Delay 95th Perc": [
        0.16500000272518028,
        0.16500000282793964
    ],
    "Downstream Delay Var": [
        1.6827298033308755e-18,
        1.7931761607320095e-18
    ],
    "RTT Avg": [
        1299.1756433656626,
        1300.5420800895274
    ],
    "RTT 95th Perc": [
        2289.7508094250065,
        2292.5065988015017
    ],
    "RTT Var": [
        403682.4947984079,
        404860.093499603
    ]
}