{
    "Upstream PDR": [
        0.10391746621803155,
        0.10428736099505997
    ],
    "Downstream PDR": [
        0.9737401197076312,
        0.9755124723591582
    ],
    "TicToc PDR": [
        0.10124979577257934,
        0.10167237890477457
    ],
    "Packets retransmitted per node AVG": [
        0.0,
        0.0
    ],
    "Counter of retransmission per packet AVG": [
        0.0,
        0.0
    ],
    "Intertime of retransmissions AVG": [
        0.0,
        0.0
    ],
    "Packets delivered": [
        0.9839707316332803,
        0.9860665238332452
    ],
    "Packets lost due to noise": [
        0.012749259568632697,
        0.013655713484673813
    ],
    "Packets collided": [
        -1.8963905509540013e-06,
        1.2379498055695903e-05
    ],
    "Destinatary out of range": [
        -2.096687076366073e-07,
        6.464949032299047e-07
    ],
    "Packets dropped": [
        0.0,
        0.0
    ],
    "Other causes of loss": [
        0.000856808274058187,
        0.0026900432724095724
    ],
    "Queue MN Avg": [
        7342.036734703725,
        7342.39095901306
    ],
    "Queue MN Var": [
        10.64339608197922,
        11.65681950745285
    ],
    "Queue BR Avg": [
        0.6607365327469444,
        0.6627038489201907
    ],
    "Queue BR Var": [
        0.058150705416006344,
        0.07411992939274287
    ],
    "Upstream Delay Avg": [
        1163.3311640498878,
        1163.4405780670404
    ],
    "Upstream Delay 95th Perc": [
        2049.7191550778866,
        2049.80513881462
    ],
    "Upstream Delay Var": [
        323310.0289068863,
        323356.8330367307
    ],
    "Downstream Delay Avg": [
        0.7649331529314473,
        0.7653665415938412
    ],
    "Downstream Delay 95th Perc": [
        0.7640304424554972,
        0.7679895696747291
    ],
    "Downstream Delay Var": [
        -9.057963625847074e-05,
        0.0005072170674363878
    ],
    "RTT Avg": [
        1299.2932957780654,
        1299.9722344125116
    ],
    "RTT 95th Perc": [
        2289.66140646468,
        2290.041981707088
    ],
    "RTT Var": [
        403644.44535124523,
        404083.2961530745
    ]
}