{
    "Upstream PDR": [
        0.05250408771542296,
        0.05273681658808596
    ],
    "Downstream PDR": [
        0.9113524038646882,
        0.9164056947073335
    ],
    "TicToc PDR": [
        0.047924216448008435,
        0.04825309273487844
    ],
    "Packets retransmitted per node AVG": [
        0.0,
        0.0
    ],
    "Counter of retransmission per packet AVG": [
        0.0,
        0.0
    ],
    "Intertime of retransmissions AVG": [
        0.0,
        0.0
    ],
    "Packets delivered": [
        0.9404830551278979,
        0.9437193992528085
    ],
    "Packets lost due to noise": [
        0.048694401129034115,
        0.05130607590650421
    ],
    "Packets collided": [
        -4.222953867073377e-06,
        1.3021104495811216e-05
    ],
    "Destinatary out of range": [
        0.0,
        0.0
    ],
    "Packets dropped": [
        0.0,
        0.0
    ],
    "Other causes of loss": [
        0.006933018444717025,
        0.008855251988409257
    ],
    "Queue MN Avg": [
        10698.105297407516,
        10698.54794100332
    ],
    "Queue MN Var": [
        21.03634378572177,
        23.630851385330438
    ],
    "Queue BR Avg": [
        1.3634024449151925,
        1.3691885577721528
    ],
    "Queue BR Var": [
        0.15155567373615159,
        0.21116263326358464
    ],
    "Upstream Delay Avg": [
        1228.0062788779592,
        1228.3918511814059
    ],
    "Upstream Delay 95th Perc": [
        2164.3715323794963,
        2164.731901481184
    ],
    "Upstream Delay Var": [
        360676.5092132426,
        360882.6157924546
    ],
    "Downstream Delay Avg": [
        1.0648296577247778,
        1.0655252356333977
    ],
    "Downstream Delay 95th Perc": [
        1.063066364844012,
        1.0709622194138242
    ],
    "Downstream Delay Var": [
        -0.00034374970491351804,
        0.0010599217914700112
    ],
    "RTT Avg": [
        1299.1905597582902,
        1300.036082969874
    ],
    "RTT 95th Perc": [
        2288.883662215269,
        2289.8418888513174
    ],
    "RTT Var": [
        403239.5884455794,
        403831.3501502996
    ]
}