{
    "Upstream PDR": [
        0.16375708910759992,
        0.16432999870171014
    ],
    "Downstream PDR": [
        0.9138005949217918,
        0.9179864634014931
    ],
    "TicToc PDR": [
        0.14973173150189717,
        0.15076583677344885
    ],
    "Packets retransmitted per node AVG": [
        0.0,
        0.0
    ],
    "Counter of retransmission per packet AVG": [
        0.0,
        0.0
    ],
    "Intertime of retransmissions AVG": [
        0.0,
        0.0
    ],
    "Packets delivered": [
        0.9412335723979435,
        0.9443648040543904
    ],
    "Packets lost due to noise": [
        0.048379498625555274,
        0.050846038930844585
    ],
    "Packets collided": [
        -7.316059807527464e-07,
        2.2558422907290637e-06
    ],
    "Destinatary out of range": [
        -1.829014951881866e-07,
        5.639605726822659e-07
    ],
    "Packets dropped": [
        0.0,
        0.0
    ],
    "Other causes of loss": [
        0.006837678760863937,
        0.008336501935014918
    ],
    "Queue MN Avg": [
        5243.482464855783,
        5243.73312549429
    ],
    "Queue MN Var": [
        5.197061685854409,
        5.835064641791067
    ],
    "Queue BR Avg": [
        0.7832563995586238,
        0.7859100524972716
    ],
    "Queue BR Var": [
        0.06494291151475264,
        0.08330287592911133
    ],
    "Upstream Delay Avg": [
        1078.6213170820363,
        1078.89875722285
    ],
    "Upstream Delay 95th Perc": [
        1900.9773928971983,
        1901.1954977138296
    ],
    "Upstream Delay Var": [
        278220.081517707,
        278324.23125535215
    ],
    "Downstream Delay Avg": [
        0.6149770607849968,
        0.6150707311554721
    ],
    "Downstream Delay 95th Perc": [
        0.6150000050560502,
        0.6150000051435154
    ],
    "Downstream Delay Var": [
        -2.712073544792239e-05,
        8.362438742802225e-05
    ],
    "RTT Avg": [
        1299.8480502869404,
        1300.3831146244017
    ],
    "RTT 95th Perc": [
        2289.1776199467768,
        2289.8884525426265
    ],
    "RTT Var": [
        403209.53686239576,
        403602.4510933533
    ]
}