{
    "Upstream PDR": [
        0.04854981838642321,
        0.04891291744365396
    ],
    "Downstream PDR": [
        0.8521646678262128,
        0.8580274780439875
    ],
    "TicToc PDR": [
        0.041398476609819,
        0.04194632207968604
    ],
    "Packets retransmitted per node AVG": [
        0.0,
        0.0
    ],
    "Counter of retransmission per packet AVG": [
        0.0,
        0.0
    ],
    "Intertime of retransmissions AVG": [
        0.0,
        0.0
    ],
    "Packets delivered": [
        0.8743871384433811,
        0.8801260224395481
    ],
    "Packets lost due to noise": [
        0.10000167333302651,
        0.10425567190770726
    ],
    "Packets collided": [
        -6.949091038955885e-07,
        3.8601940575127445e-06
    ],
    "Destinatary out of range": [
        -2.5878614161632944e-06,
        1.2617295645858487e-05
    ],
    "Packets dropped": [
        0.0,
        0.0
    ],
    "Other causes of loss": [
        0.019358724164275913,
        0.02185757499287755
    ],
    "Queue MN Avg": [
        10698.089125763805,
        10698.474642343232
    ],
    "Queue MN Var": [
        22.20596604805499,
        24.431401168721678
    ],
    "Queue BR Avg": [
        1.6589297688241147,
        1.6710410078200408
    ],
    "Queue BR Var": [
        0.18482087206488587,
        0.2459025605478086
    ],
    "Upstream Delay Avg": [
        1228.120774099892,
        1228.6352065766105
    ],
    "Upstream Delay 95th Perc": [
        2164.8492625188264,
        2165.2458104932957
    ],
    "Upstream Delay Var": [
        360945.12607548374,
        361201.5373672745
    ],
    "Downstream Delay Avg": [
        1.0648865786743178,
        1.0655393984830424
    ],
    "Downstream Delay 95th Perc": [
        1.0638844440331259,
        1.0684397449292715
    ],
    "Downstream Delay Var": [
        -0.00020172236248648152,
        0.0010063519216214566
    ],
    "RTT Avg": [
        1299.617984591303,
        1300.672767798656
    ],
    "RTT 95th Perc": [
        2289.5467437932803,
        2290.7499336600913
    ],
    "RTT Var": [
        404038.35304528964,
        404557.4978003086
    ]
}