{
    "Upstream PDR": [
        0.10105197469586005,
        0.101433574515611
    ],
    "Downstream PDR": [
        0.9133703604685564,
        0.9163906839511644
    ],
    "TicToc PDR": [
        0.09235737805476178,
        0.09289428497810116
    ],
    "Packets retransmitted per node AVG": [
        0.0,
        0.0
    ],
    "Counter of retransmission per packet AVG": [
        0.0,
        0.0
    ],
    "Intertime of retransmissions AVG": [
        0.0,
        0.0
    ],
    "Packets delivered": [
        0.9406572020377131,
        0.9434486519281966
    ],
    "Packets lost due to noise": [
        0.04905313951962874,
        0.05111995999397817
    ],
    "Packets collided": [
        -1.503036931352437e-06,
        9.383193707967999e-06
    ],
    "Destinatary out of range": [
        -5.490172956722688e-07,
        3.45221368739169e-06
    ],
    "Packets dropped": [
        0.0,
        0.0
    ],
    "Other causes of loss": [
        0.006963009739874253,
        0.008747253427440852
    ],
    "Queue MN Avg": [
        7342.066339096118,
        7342.392659146482
    ],
    "Queue MN Var": [
        10.548094116611914,
        11.549037953655137
    ],
    "Queue BR Avg": [
        0.9766081800034748,
        0.9798169969299403
    ],
    "Queue BR Var": [
        0.09614749068246307,
        0.12804562460546756
    ],
    "Upstream Delay Avg": [
        1163.214179630956,
        1163.4437442584363
    ],
    "Upstream Delay 95th Perc": [
        2049.404561071614,
        2049.673417878261
    ],
    "Upstream Delay Var": [
        323125.61403759004,
        323295.8694290559
    ],
    "Downstream Delay Avg": [
        0.7648998249130058,
        0.765473416590586
    ],
    "Downstream Delay 95th Perc": [
        0.7640910400820394,
        0.7678027219029776
    ],
    "Downstream Delay Var": [
        -0.00012654255902882296,
        0.0006225417420106672
    ],
    "RTT Avg": [
        1299.3461493848047,
        1299.8965066715398
    ],
    "RTT 95th Perc": [
        2288.737424763275,
        2289.4567084413893
    ],
    "RTT Var": [
        403254.30710750655,
        403714.8238850086
    ]
}