{
    "Upstream PDR": [
        0.42092884017637733,
        0.4226451600807912
    ],
    "Downstream PDR": [
        0.0,
        0.0
    ],
    "TicToc PDR": [
        0.0,
        0.0
    ],
    "Packets retransmitted per node AVG": [
        0.0,
        0.0
    ],
    "Counter of retransmission per packet AVG": [
        0.0,
        0.0
    ],
    "Intertime of retransmissions AVG": [
        0.0,
        0.0
    ],
    "Packets delivered": [
        0.9663674576510004,
        0.9703149336051322
    ],
    "Packets lost due to noise": [
        0.028034230491687125,
        0.029386088775453904
    ],
    "Packets collided": [
        0.0,
        0.0
    ],
    "Destinatary out of range": [
        0.0,
        0.0
    ],
    "Packets dropped": [
        0.0,
        0.0
    ],
    "Other causes of loss": [
        0.0013367798250332203,
        0.004560509651692921
    ],
    "Queue MN Avg": [
        1110.4749438547235,
        1110.5169455694343
    ],
    "Queue MN Var": [
        0.3226174242888919,
        0.3561852630031221
    ],
    "Queue BR Avg": [
        0.0,
        0.0
    ],
    "Queue BR Var": [
        0.0,
        0.0
    ],
    "Upstream Delay Avg": [
        732.9411597489834,
        733.0776367222429
    ],
    "Upstream Delay 95th Perc": [
        1291.4586745526021,
        1291.584243934804
    ],
    "Upstream Delay Var": [
        128381.78181431231,
        128410.1525546928
    ],
    "Downstream Delay Avg": [
        0.0,
        0.0
    ],
    "Downstream Delay 95th Perc": [
        0.0,
        0.0
    ],
    "Downstream Delay Var": [
        0.0,
        0.0
    ],
    "RTT Avg": [
        0.0,
        0.0
    ],
    "RTT 95th Perc": [
        0.0,
        0.0
    ],
    "RTT Var": [
        0.0,
        0.0
    ]
}