{
    "Upstream PDR": [
        0.9948349503993494,
        0.9976979415453073
    ],
    "Downstream PDR": [
        0.0,
        0.0
    ],
    "TicToc PDR": [
        0.0,
        0.0
    ],
    "Packets retransmitted per node AVG": [
        0.0,
        0.0
    ],
    "Counter of retransmission per packet AVG": [
        0.0,
        0.0
    ],
    "Intertime of retransmissions AVG": [
        0.0,
        0.0
    ],
    "Packets delivered": [
        0.9948043412050084,
        0.9976741339124514
    ],
    "Packets lost due to noise": [
        0.0027734109416029116,
        0.003250592548509469
    ],
    "Packets collided": [
        0.0,
        0.0
    ],
    "Destinatary out of range": [
        0.0,
        0.0
    ],
    "Packets dropped": [
        0.0,
        0.0
    ],
    "Other causes of loss": [
        -0.0006503141945719965,
        0.0021478355869994936
    ],
    "Queue MN Avg": [
        0.2983348336572646,
        0.2983627844483569
    ],
    "Queue MN Var": [
        6.546230439493205e-08,
        7.325744558684039e-08
    ],
    "Queue BR Avg": [
        0.0,
        0.0
    ],
    "Queue BR Var": [
        0.0,
        0.0
    ],
    "Upstream Delay Avg": [
        0.38406390204135493,
        0.3842546734667783
    ],
    "Upstream Delay 95th Perc": [
        0.7284149647708988,
        0.7284698334100725
    ],
    "Upstream Delay Var": [
        0.048768632877008285,
        0.048775472154759865
    ],
    "Downstream Delay Avg": [
        0.0,
        0.0
    ],
    "Downstream Delay 95th Perc": [
        0.0,
        0.0
    ],
    "Downstream Delay Var": [
        0.0,
        0.0
    ],
    "RTT Avg": [
        0.0,
        0.0
    ],
    "RTT 95th Perc": [
        0.0,
        0.0
    ],
    "RTT Var": [
        0.0,
        0.0
    ]
}