{
    "Upstream PDR": [
        0.9966425385277202,
        0.997527735642554
    ],
    "Downstream PDR": [
        0.9737823435450097,
        0.9765175070836827
    ],
    "TicToc PDR": [
        0.9706966062082569,
        0.9739234721261072
    ],
    "Packets retransmitted per node AVG": [
        0.0,
        0.0
    ],
    "Counter of retransmission per packet AVG": [
        0.0,
        0.0
    ],
    "Intertime of retransmissions AVG": [
        0.0,
        0.0
    ],
    "Packets delivered": [
        0.9851833642315141,
        0.9868752637487105
    ],
    "Packets lost due to noise": [
        0.012064637605037192,
        0.013606412500935005
    ],
    "Packets collided": [
        0.0,
        0.0
    ],
    "Destinatary out of range": [
        0.0,
        0.0
    ],
    "Packets dropped": [
        0.0,
        0.0
    ],
    "Other causes of loss": [
        0.001045303718015304,
        0.0012250181957875932
    ],
    "Queue MN Avg": [
        0.25984167909065004,
        0.2599181639732092
    ],
    "Queue MN Var": [
        1.4430533505959996e-07,
        1.8675446323314576e-07
    ],
    "Queue BR Avg": [
        0.0681592958868523,
        0.06821985785294021
    ],
    "Queue BR Var": [
        0.00223760752333857,
        0.002830362470207635
    ],
    "Upstream Delay Avg": [
        0.15918575173831992,
        0.15923547618243802
    ],
    "Upstream Delay 95th Perc": [
        0.30092700667537725,
        0.3009803741048512
    ],
    "Upstream Delay Var": [
        0.008266251378179242,
        0.00826972568123492
    ],
    "Downstream Delay Avg": [
        0.16500000000956053,
        0.16500000001160484
    ],
    "Downstream Delay 95th Perc": [
        0.16500000282642374,
        0.16500000289770195
    ],
    "Downstream Delay Var": [
        1.775838778781055e-18,
        1.8648491303391335e-18
    ],
    "RTT Avg": [
        1299.9006710000704,
        1300.243722759441
    ],
    "RTT 95th Perc": [
        2289.864363682757,
        2290.337444489753
    ],
    "RTT Var": [
        403381.5746404834,
        403687.84415530396
    ]
}