{
    "Upstream PDR": [
        0.0732796334026475,
        0.07364542900495287
    ],
    "Downstream PDR": [
        0.9136322424241645,
        0.9168261105281852
    ],
    "TicToc PDR": [
        0.06698813128445401,
        0.0674842922308914
    ],
    "Packets retransmitted per node AVG": [
        0.0,
        0.0
    ],
    "Counter of retransmission per packet AVG": [
        0.0,
        0.0
    ],
    "Intertime of retransmissions AVG": [
        0.0,
        0.0
    ],
    "Packets delivered": [
        0.9403157543670055,
        0.943798079385237
    ],
    "Packets lost due to noise": [
        0.048615029916754905,
        0.05064912554299853
    ],
    "Packets collided": [
        -5.7435493502210635e-06,
        2.621743251994893e-05
    ],
    "Destinatary out of range": [
        -4.5491829903658354e-07,
        2.1611747856467373e-06
    ],
    "Packets dropped": [
        0.0,
        0.0
    ],
    "Other causes of loss": [
        0.007223124748136273,
        0.009376705900211578
    ],
    "Queue MN Avg": [
        8714.522497614787,
        8714.858239343092
    ],
    "Queue MN Var": [
        14.280019114399538,
        15.349192981927109
    ],
    "Queue BR Avg": [
        1.168851651817971,
        1.1743264007518002
    ],
    "Queue BR Var": [
        0.10959416012806328,
        0.1477378755960858
    ],
    "Upstream Delay Avg": [
        1200.1996525630202,
        1200.4711612040842
    ],
    "Upstream Delay 95th Perc": [
        2114.91671348431,
        2115.0858047238444
    ],
    "Upstream Delay Var": [
        344211.70354777056,
        344382.6628763342
    ],
    "Downstream Delay Avg": [
        0.9148720163623307,
        0.9155869396208025
    ],
    "Downstream Delay 95th Perc": [
        0.9142923325680523,
        0.9196109060038951
    ],
    "Downstream Delay Var": [
        -0.00018505233970475944,
        0.0008927269796441898
    ],
    "RTT Avg": [
        1299.481255979317,
        1300.047544394048
    ],
    "RTT 95th Perc": [
        2289.1327891617166,
        2289.748102916792
    ],
    "RTT Var": [
        403293.5698943152,
        403672.19874773186
    ]
}