{
    "Upstream PDR": [
        0.9680702937854667,
        0.9716716150992991
    ],
    "Downstream PDR": [
        0.9123313652076691,
        0.9189369258885401
    ],
    "TicToc PDR": [
        0.8837655558771143,
        0.892384516272958
    ],
    "Packets retransmitted per node AVG": [
        0.0,
        0.0
    ],
    "Counter of retransmission per packet AVG": [
        0.0,
        0.0
    ],
    "Intertime of retransmissions AVG": [
        0.0,
        0.0
    ],
    "Packets delivered": [
        0.9411215917910913,
        0.9455924236895334
    ],
    "Packets lost due to noise": [
        0.047627642789794374,
        0.051352067509830034
    ],
    "Packets collided": [
        0.0,
        0.0
    ],
    "Destinatary out of range": [
        0.0,
        0.0
    ],
    "Packets dropped": [
        0.0,
        0.0
    ],
    "Other causes of loss": [
        0.006760058873672417,
        0.0075462153460782045
    ],
    "Queue MN Avg": [
        0.25984167909065004,
        0.2599181639732092
    ],
    "Queue MN Var": [
        1.4430533505959996e-07,
        1.8675446323314576e-07
    ],
    "Queue BR Avg": [
        0.100632389232135,
        0.10100670912732129
    ],
    "Queue BR Var": [
        0.0038381373266966152,
        0.005116784113035628
    ],
    "Upstream Delay Avg": [
        0.159164671833631,
        0.15925699024364123
    ],
    "Upstream Delay 95th Perc": [
        0.3009196699210146,
        0.30099235689121395
    ],
    "Upstream Delay Var": [
        0.008264692309648238,
        0.008270143524433341
    ],
    "Downstream Delay Avg": [
        0.16500000000435833,
        0.1650000000068228
    ],
    "Downstream Delay 95th Perc": [
        0.1650000028120365,
        0.16500000288921493
    ],
    "Downstream Delay Var": [
        1.7632579034210414e-18,
        1.8644080715913757e-18
    ],
    "RTT Avg": [
        1299.578116687044,
        1300.3787661971512
    ],
    "RTT 95th Perc": [
        2288.606856008698,
        2289.767952198158
    ],
    "RTT Var": [
        402936.8058584282,
        403417.757854912
    ]
}