{
    "Upstream PDR": [
        0.2699043514635033,
        0.27073914587996956
    ],
    "Downstream PDR": [
        0.9128073602877202,
        0.9169705977592464
    ],
    "TicToc PDR": [
        0.2464722037428986,
        0.24816570235484356
    ],
    "Packets retransmitted per node AVG": [
        0.0,
        0.0
    ],
    "Counter of retransmission per packet AVG": [
        0.0,
        0.0
    ],
    "Intertime of retransmissions AVG": [
        0.0,
        0.0
    ],
    "Packets delivered": [
        0.9413820670568918,
        0.9444889793860578
    ],
    "Packets lost due to noise": [
        0.048445980921115205,
        0.051138016670473165
    ],
    "Packets collided": [
        0.0,
        0.0
    ],
    "Destinatary out of range": [
        0.0,
        0.0
    ],
    "Packets dropped": [
        0.0,
        0.0
    ],
    "Other causes of loss": [
        0.007043852574027227,
        0.007501103391434834
    ],
    "Queue MN Avg": [
        3673.9832447979043,
        3674.1397703326893
    ],
    "Queue MN Var": [
        2.504990774591266,
        2.770220981001498
    ],
    "Queue BR Avg": [
        0.5905091766439424,
        0.5923341583584129
    ],
    "Queue BR Var": [
        0.04370031939562146,
        0.05858698134055867
    ],
    "Upstream Delay Avg": [
        936.7238062464664,
        936.9089832122318
    ],
    "Upstream Delay 95th Perc": [
        1650.8905034847535,
        1651.112831768652
    ],
    "Upstream Delay Var": [
        209842.80828432195,
        209938.8503602209
    ],
    "Downstream Delay Avg": [
        0.4650000000148596,
        0.46500000001724734
    ],
    "Downstream Delay 95th Perc": [
        0.46500000313736367,
        0.46500000317223833
    ],
    "Downstream Delay Var": [
        5.010545951702331e-18,
        5.171703737493375e-18
    ],
    "RTT Avg": [
        1299.626981274863,
        1300.1996930449484
    ],
    "RTT 95th Perc": [
        2289.231562935843,
        2289.9717881269366
    ],
    "RTT Var": [
        403203.2816684725,
        403574.8513726998
    ]
}