{
    "Upstream PDR": [
        0.2778567088578379,
        0.2780343325227795
    ],
    "Downstream PDR": [
        0.9742425561379624,
        0.976041213390602
    ],
    "TicToc PDR": [
        0.27072476637180903,
        0.27134876704306027
    ],
    "Packets retransmitted per node AVG": [
        0.0,
        0.0
    ],
    "Counter of retransmission per packet AVG": [
        0.0,
        0.0
    ],
    "Intertime of retransmissions AVG": [
        0.0,
        0.0
    ],
    "Packets delivered": [
        0.9856868927452139,
        0.9868249493579181
    ],
    "Packets lost due to noise": [
        0.01214647207712886,
        0.013162943810310399
    ],
    "Packets collided": [
        0.0,
        0.0
    ],
    "Destinatary out of range": [
        0.0,
        0.0
    ],
    "Packets dropped": [
        0.0,
        0.0
    ],
    "Other causes of loss": [
        0.0010227584743852803,
        0.0011559835350439336
    ],
    "Queue MN Avg": [
        3673.9832447979043,
        3674.1397703326893
    ],
    "Queue MN Var": [
        2.504990774591266,
        2.770220981001498
    ],
    "Queue BR Avg": [
        0.3999378552153627,
        0.40019328003529125
    ],
    "Queue BR Var": [
        0.027251923206072785,
        0.03470998512605508
    ],
    "Upstream Delay Avg": [
        936.8816031528773,
        936.9438334920111
    ],
    "Upstream Delay 95th Perc": [
        1651.0884246963901,
        1651.1788545429526
    ],
    "Upstream Delay Var": [
        209895.39231232906,
        209920.00341111844
    ],
    "Downstream Delay Avg": [
        0.465000000028596,
        0.46500000003077246
    ],
    "Downstream Delay 95th Perc": [
        0.4650000031611072,
        0.46500000318505846
    ],
    "Downstream Delay Var": [
        5.0315903182035465e-18,
        5.1976590577238426e-18
    ],
    "RTT Avg": [
        1299.8273228913567,
        1300.072808155814
    ],
    "RTT 95th Perc": [
        2289.8160683309857,
        2290.0582826942878
    ],
    "RTT Var": [
        403407.88822303247,
        403559.2595190605
    ]
}