{
    "Upstream PDR": [
        0.038340704398241415,
        0.03870776590615775
    ],
    "Downstream PDR": [
        0.8497098497422549,
        0.8592115869915046
    ],
    "TicToc PDR": [
        0.03260071361323193,
        0.03323758181992517
    ],
    "Packets retransmitted per node AVG": [
        0.0,
        0.0
    ],
    "Counter of retransmission per packet AVG": [
        0.0,
        0.0
    ],
    "Intertime of retransmissions AVG": [
        0.0,
        0.0
    ],
    "Packets delivered": [
        0.873426302755604,
        0.8816090100313803
    ],
    "Packets lost due to noise": [
        0.09939337835073606,
        0.10598381473314936
    ],
    "Packets collided": [
        0.0,
        0.0
    ],
    "Destinatary out of range": [
        0.0,
        0.0
    ],
    "Packets dropped": [
        0.0,
        0.0
    ],
    "Other causes of loss": [
        0.018937344412702856,
        0.02065014971642744
    ],
    "Queue MN Avg": [
        12009.660315157944,
        12010.471497274892
    ],
    "Queue MN Var": [
        25.675394426265782,
        29.891646442093133
    ],
    "Queue BR Avg": [
        1.894831000090689,
        1.9129890267567526
    ],
    "Queue BR Var": [
        0.19967665673729362,
        0.29328927017199674
    ],
    "Upstream Delay Avg": [
        1242.8403372311536,
        1243.6368118731402
    ],
    "Upstream Delay 95th Perc": [
        2190.8664161590714,
        2191.584246513493
    ],
    "Upstream Delay Var": [
        369586.0399367526,
        370038.10091868887
    ],
    "Downstream Delay Avg": [
        1.2150000000444379,
        1.2150000000627983
    ],
    "Downstream Delay 95th Perc": [
        1.2150000088118713,
        1.215000008976218
    ],
    "Downstream Delay Var": [
        3.263943157974883e-17,
        3.3921394366215245e-17
    ],
    "RTT Avg": [
        1298.5816182713513,
        1299.6623267597108
    ],
    "RTT 95th Perc": [
        2288.7152764805,
        2290.217961283192
    ],
    "RTT Var": [
        404183.842256595,
        405126.18295183725
    ]
}