{
    "Upstream PDR": [
        0.8902848704061299,
        0.9000341932462668
    ],
    "Downstream PDR": [
        0.0,
        0.0
    ],
    "TicToc PDR": [
        0.0,
        0.0
    ],
    "Packets retransmitted per node AVG": [
        0.0,
        0.0
    ],
    "Counter of retransmission per packet AVG": [
        0.0,
        0.0
    ],
    "Intertime of retransmissions AVG": [
        0.0,
        0.0
    ],
    "Packets delivered": [
        0.8898197182384808,
        0.8996870850253214
    ],
    "Packets lost due to noise": [
        0.0943196511868748,
        0.10308257747746541
    ],
    "Packets collided": [
        0.0,
        0.0
    ],
    "Destinatary out of range": [
        0.0,
        0.0
    ],
    "Packets dropped": [
        0.0,
        0.0
    ],
    "Other causes of loss": [
        0.005915278679201385,
        0.0071756893926568305
    ],
    "Queue MN Avg": [
        0.08504382545160916,
        0.08505805812833642
    ],
    "Queue MN Var": [
        7.132024803535795e-09,
        8.762147371429486e-09
    ],
    "Queue BR Avg": [
        0.0,
        0.0
    ],
    "Queue BR Var": [
        0.0,
        0.0
    ],
    "Upstream Delay Avg": [
        0.20410565745042228,
        0.2042949883530444
    ],
    "Upstream Delay 95th Perc": [
        0.3863581390884586,
        0.3864886942105127
    ],
    "Upstream Delay Var": [
        0.013655090974393269,
        0.013673945511696654
    ],
    "Downstream Delay Avg": [
        0.0,
        0.0
    ],
    "Downstream Delay 95th Perc": [
        0.0,
        0.0
    ],
    "Downstream Delay Var": [
        0.0,
        0.0
    ],
    "RTT Avg": [
        0.0,
        0.0
    ],
    "RTT 95th Perc": [
        0.0,
        0.0
    ],
    "RTT Var": [
        0.0,
        0.0
    ]
}