{
    "Upstream PDR": [
        0.5418485851228276,
        0.5443101357710458
    ],
    "Downstream PDR": [
        0.0,
        0.0
    ],
    "TicToc PDR": [
        0.0,
        0.0
    ],
    "Packets retransmitted per node AVG": [
        0.0,
        0.0
    ],
    "Counter of retransmission per packet AVG": [
        0.0,
        0.0
    ],
    "Intertime of retransmissions AVG": [
        0.0,
        0.0
    ],
    "Packets delivered": [
        0.9658516038286848,
        0.9702308251295655
    ],
    "Packets lost due to noise": [
        0.028293264582144987,
        0.029924871059531486
    ],
    "Packets collided": [
        0.0,
        0.0
    ],
    "Destinatary out of range": [
        0.0,
        0.0
    ],
    "Packets dropped": [
        0.0,
        0.0
    ],
    "Other causes of loss": [
        0.0011430757359601074,
        0.004556359664113649
    ],
    "Queue MN Avg": [
        761.2043556836664,
        761.2397943426107
    ],
    "Queue MN Var": [
        0.19255510679878257,
        0.2119489668006696
    ],
    "Queue BR Avg": [
        0.0,
        0.0
    ],
    "Queue BR Var": [
        0.0,
        0.0
    ],
    "Upstream Delay Avg": [
        570.1704698060776,
        570.2728654091056
    ],
    "Upstream Delay 95th Perc": [
        1004.5726300671165,
        1004.6819969767862
    ],
    "Upstream Delay Var": [
        77663.5813850038,
        77682.47766052817
    ],
    "Downstream Delay Avg": [
        0.0,
        0.0
    ],
    "Downstream Delay 95th Perc": [
        0.0,
        0.0
    ],
    "Downstream Delay Var": [
        0.0,
        0.0
    ],
    "RTT Avg": [
        0.0,
        0.0
    ],
    "RTT 95th Perc": [
        0.0,
        0.0
    ],
    "RTT Var": [
        0.0,
        0.0
    ]
}