{
    "Upstream PDR": [
        0.24900009109701837,
        0.2508048987790087
    ],
    "Downstream PDR": [
        0.8499140265559633,
        0.8569158201692393
    ],
    "TicToc PDR": [
        0.21170965036994874,
        0.21487931818502123
    ],
    "Packets retransmitted per node AVG": [
        0.0,
        0.0
    ],
    "Counter of retransmission per packet AVG": [
        0.0,
        0.0
    ],
    "Intertime of retransmissions AVG": [
        0.0,
        0.0
    ],
    "Packets delivered": [
        0.8727079223392428,
        0.8792709999196328
    ],
    "Packets lost due to noise": [
        0.10139682164533946,
        0.10660065123516067
    ],
    "Packets collided": [
        0.0,
        0.0
    ],
    "Destinatary out of range": [
        0.0,
        0.0
    ],
    "Packets dropped": [
        0.0,
        0.0
    ],
    "Other causes of loss": [
        0.019306652917639774,
        0.020716951942984525
    ],
    "Queue MN Avg": [
        3673.9832447979043,
        3674.1397703326893
    ],
    "Queue MN Var": [
        2.504990774591266,
        2.770220981001498
    ],
    "Queue BR Avg": [
        0.716804222676966,
        0.721999467032701
    ],
    "Queue BR Var": [
        0.05721043999633709,
        0.07841543993923271
    ],
    "Upstream Delay Avg": [
        936.5493454702969,
        936.8654898743193
    ],
    "Upstream Delay 95th Perc": [
        1651.0567364423478,
        1651.471354430476
    ],
    "Upstream Delay Var": [
        209960.19804455648,
        210137.58533735236
    ],
    "Downstream Delay Avg": [
        0.46500000000589403,
        0.4650000000093343
    ],
    "Downstream Delay 95th Perc": [
        0.46500000311130557,
        0.46500000314354967
    ],
    "Downstream Delay Var": [
        4.9621579217485544e-18,
        5.129171255548779e-18
    ],
    "RTT Avg": [
        1299.506433544704,
        1300.252756092537
    ],
    "RTT 95th Perc": [
        2289.006284847409,
        2290.7164376638093
    ],
    "RTT Var": [
        403206.65307735,
        404083.9384279117
    ]
}