{
    "Upstream PDR": [
        0.6402053636402684,
        0.6422848697036233
    ],
    "Downstream PDR": [
        0.913633837843007,
        0.919818026693764
    ],
    "TicToc PDR": [
        0.5851786710567581,
        0.5905493407688147
    ],
    "Packets retransmitted per node AVG": [
        0.0,
        0.0
    ],
    "Counter of retransmission per packet AVG": [
        0.0,
        0.0
    ],
    "Intertime of retransmissions AVG": [
        0.0,
        0.0
    ],
    "Packets delivered": [
        0.9418328554669966,
        0.9459736112599912
    ],
    "Packets lost due to noise": [
        0.04723654603317318,
        0.050790894402313824
    ],
    "Packets collided": [
        0.0,
        0.0
    ],
    "Destinatary out of range": [
        0.0,
        0.0
    ],
    "Packets dropped": [
        0.0,
        0.0
    ],
    "Other causes of loss": [
        0.006776610538244473,
        0.007389482299281001
    ],
    "Queue MN Avg": [
        1083.4777900498952,
        1083.5590420331105
    ],
    "Queue MN Var": [
        0.2904643417793213,
        0.3515066734417314
    ],
    "Queue BR Avg": [
        0.3968969849394918,
        0.39818598491795604
    ],
    "Queue BR Var": [
        0.03126344197907785,
        0.04281098850386028
    ],
    "Upstream Delay Avg": [
        440.38287208111495,
        440.4810707563873
    ],
    "Upstream Delay 95th Perc": [
        775.9576021266365,
        776.0614993263565
    ],
    "Upstream Delay Var": [
        46328.962832035744,
        46349.99742689835
    ],
    "Downstream Delay Avg": [
        0.31500000000925577,
        0.31500000001166006
    ],
    "Downstream Delay 95th Perc": [
        0.3150000030705388,
        0.31500000311858695
    ],
    "Downstream Delay Var": [
        3.3881487787736578e-18,
        3.542450749671207e-18
    ],
    "RTT Avg": [
        1299.751253647007,
        1300.2566282807932
    ],
    "RTT 95th Perc": [
        2289.2699558686354,
        2290.2330237616206
    ],
    "RTT Var": [
        403050.7287079617,
        403435.36260915984
    ]
}