{
    "Upstream PDR": [
        0.21715599176923953,
        0.2335401121268643
    ],
    "Downstream PDR": [
        0.7778246426322907,
        0.7899666140878293
    ],
    "TicToc PDR": [
        0.16994698212682027,
        0.18353873215889402
    ],
    "Packets retransmitted per node AVG": [
        0.0,
        0.0
    ],
    "Counter of retransmission per packet AVG": [
        0.0,
        0.0
    ],
    "Intertime of retransmissions AVG": [
        0.0,
        0.0
    ],
    "Packets delivered": [
        0.3539192346167073,
        0.3719638805459437
    ],
    "Packets lost due to noise": [
        0.11183501464537338,
        0.11966852633564104
    ],
    "Packets collided": [
        0.0,
        0.0
    ],
    "Destinatary out of range": [
        0.0,
        0.0
    ],
    "Packets dropped": [
        0.0,
        0.0
    ],
    "Other causes of loss": [
        0.5098617236119988,
        0.532751620244336
    ],
    "Queue MN Avg": [
        0.08249282620784931,
        0.08251178095590925
    ],
    "Queue MN Var": [
        6.183908284815014e-09,
        8.218731502728066e-09
    ],
    "Queue BR Avg": [
        0.005429006232599888,
        0.005838624676938654
    ],
    "Queue BR Var": [
        2.8067853208908402e-05,
        3.6268645802480935e-05
    ],
    "Upstream Delay Avg": [
        0.1586839627848555,
        0.1595470254885544
    ],
    "Upstream Delay 95th Perc": [
        0.3003935029186411,
        0.30092805502587316
    ],
    "Upstream Delay Var": [
        0.00824469129785153,
        0.008284733014793974
    ],
    "Downstream Delay Avg": [
        0.16499999999293835,
        0.16500000001334142
    ],
    "Downstream Delay 95th Perc": [
        0.165000001737886,
        0.1650000019939337
    ],
    "Downstream Delay Var": [
        1.2805513856940378e-18,
        1.4953782345397724e-18
    ],
    "RTT Avg": [
        1271.2348151326667,
        1332.12643300379
    ],
    "RTT 95th Perc": [
        2033.7564612032784,
        2101.7608422673457
    ],
    "RTT Var": [
        298978.7711781961,
        323784.4042393866
    ]
}