{
    "Upstream PDR": [
        0.2981463241834766,
        0.3043757537386012
    ],
    "Downstream PDR": [
        0.8493709441805215,
        0.8546736777957724
    ],
    "TicToc PDR": [
        0.2535398041672937,
        0.2599078148803253
    ],
    "Packets retransmitted per node AVG": [
        0.0,
        0.0
    ],
    "Counter of retransmission per packet AVG": [
        0.0,
        0.0
    ],
    "Intertime of retransmissions AVG": [
        0.0,
        0.0
    ],
    "Packets delivered": [
        0.4228260556836752,
        0.43064898446297567
    ],
    "Packets lost due to noise": [
        0.09052657775495698,
        0.09289649514864468
    ],
    "Packets collided": [
        -2.1173496504919783e-06,
        6.528660250871351e-06
    ],
    "Destinatary out of range": [
        -1.8069747940415229e-06,
        2.871329561678765e-05
    ],
    "Packets dropped": [
        0.0,
        0.0
    ],
    "Other causes of loss": [
        0.4775556922403189,
        0.4855148770780052
    ],
    "Queue MN Avg": [
        0.457486732308837,
        0.4575112254733667
    ],
    "Queue MN Var": [
        1.1632832614874252e-07,
        1.3032010579829356e-07
    ],
    "Queue BR Avg": [
        0.24797647246465115,
        0.2531571631484676
    ],
    "Queue BR Var": [
        0.02625990500299695,
        0.03047520731042512
    ],
    "Upstream Delay Avg": [
        0.9086448442826067,
        0.9096017527113411
    ],
    "Upstream Delay 95th Perc": [
        1.7251803256537008,
        1.7260187625123562
    ],
    "Upstream Delay Var": [
        0.2744324226708684,
        0.2747957364016449
    ],
    "Downstream Delay Avg": [
        0.914999999898212,
        0.9149999999276744
    ],
    "Downstream Delay 95th Perc": [
        0.9150000059715959,
        0.915000006074064
    ],
    "Downstream Delay Var": [
        2.0693416650267886e-17,
        2.3826463207778354e-17
    ],
    "RTT Avg": [
        1287.6061015358266,
        1289.5415557207882
    ],
    "RTT 95th Perc": [
        2241.069450087805,
        2249.7697581245097
    ],
    "RTT Var": [
        388310.0373067674,
        391774.21682091954
    ]
}