{
    "Upstream PDR": [
        0.16147471797110516,
        0.16724678275039553
    ],
    "Downstream PDR": [
        0.7897278487759657,
        0.796658619520645
    ],
    "TicToc PDR": [
        0.12773621440030017,
        0.13312092845684279
    ],
    "Packets retransmitted per node AVG": [
        0.0,
        0.0
    ],
    "Counter of retransmission per packet AVG": [
        0.0,
        0.0
    ],
    "Intertime of retransmissions AVG": [
        0.0,
        0.0
    ],
    "Packets delivered": [
        0.31492136556195705,
        0.3248140533844067
    ],
    "Packets lost due to noise": [
        0.10253208922746056,
        0.10498739547203696
    ],
    "Packets collided": [
        0.0,
        0.0
    ],
    "Destinatary out of range": [
        -1.8228510250462547e-05,
        5.6205998039645294e-05
    ],
    "Packets dropped": [
        0.0,
        0.0
    ],
    "Other causes of loss": [
        0.5711982118321481,
        0.5815089070342014
    ],
    "Queue MN Avg": [
        171.32876992639635,
        171.34605466477828
    ],
    "Queue MN Var": [
        0.08496281390328937,
        0.09064265213973034
    ],
    "Queue BR Avg": [
        0.7073272409306308,
        0.7326250371457981
    ],
    "Queue BR Var": [
        0.12183838420423522,
        0.1564390694678827
    ],
    "Upstream Delay Avg": [
        342.8980748290906,
        343.38541103124106
    ],
    "Upstream Delay 95th Perc": [
        616.0485237079048,
        617.1303429499036
    ],
    "Upstream Delay Var": [
        27839.216273601585,
        28028.449149916294
    ],
    "Downstream Delay Avg": [
        1.36499999984824,
        1.3650000000598232
    ],
    "Downstream Delay 95th Perc": [
        1.3650000079258493,
        1.3650000082705362
    ],
    "Downstream Delay Var": [
        3.739652877069557e-17,
        4.1299011901078533e-17
    ],
    "RTT Avg": [
        1296.2388932415026,
        1303.089615174288
    ],
    "RTT 95th Perc": [
        2262.662197347973,
        2273.559169104688
    ],
    "RTT Var": [
        391515.45467069995,
        396769.2540523338
    ]
}