{
    "Upstream PDR": [
        0.2852031677843037,
        0.2917838452027092
    ],
    "Downstream PDR": [
        0.8217744054935258,
        0.8285755267762452
    ],
    "TicToc PDR": [
        0.2348791274113598,
        0.24131308038084798
    ],
    "Packets retransmitted per node AVG": [
        0.0,
        0.0
    ],
    "Counter of retransmission per packet AVG": [
        0.0,
        0.0
    ],
    "Intertime of retransmissions AVG": [
        0.0,
        0.0
    ],
    "Packets delivered": [
        0.4024969351782677,
        0.4100320122907958
    ],
    "Packets lost due to noise": [
        0.09994526679389584,
        0.10370099379508213
    ],
    "Packets collided": [
        0.0,
        0.0
    ],
    "Destinatary out of range": [
        -6.088565247548405e-06,
        3.058838777919883e-05
    ],
    "Packets dropped": [
        0.0,
        0.0
    ],
    "Other causes of loss": [
        0.4875707326470105,
        0.49622955947241626
    ],
    "Queue MN Avg": [
        0.3824671238827403,
        0.3825479872243215
    ],
    "Queue MN Var": [
        4.711661425869667e-07,
        5.285377550187145e-07
    ],
    "Queue BR Avg": [
        0.23709284869134029,
        0.2425697776687531
    ],
    "Queue BR Var": [
        0.021003567765382713,
        0.025253195477916966
    ],
    "Upstream Delay Avg": [
        0.7582155103651625,
        0.7594874919280089
    ],
    "Upstream Delay 95th Perc": [
        1.4400609631888093,
        1.4411710689629624
    ],
    "Upstream Delay Var": [
        0.19096086390086536,
        0.19134053847033294
    ],
    "Downstream Delay Avg": [
        0.764995955874509,
        0.7650124694335989
    ],
    "Downstream Delay 95th Perc": [
        0.7650000052943482,
        0.7650000054097945
    ],
    "Downstream Delay Var": [
        -6.111809231774051e-06,
        1.884522283943287e-05
    ],
    "RTT Avg": [
        1287.1192506383377,
        1290.1769364790466
    ],
    "RTT 95th Perc": [
        2243.0473885015194,
        2254.415019722193
    ],
    "RTT Var": [
        389103.6632048734,
        392963.2089813288
    ]
}