{
    "Upstream PDR": [
        0.1657051572948889,
        0.16637016738043578
    ],
    "Downstream PDR": [
        0.2488054519756621,
        0.25100614255541376
    ],
    "TicToc PDR": [
        0.04129333522497344,
        0.041694197242559
    ],
    "Packets retransmitted per node AVG": [
        0.0,
        0.0
    ],
    "Counter of retransmission per packet AVG": [
        0.0,
        0.0
    ],
    "Intertime of retransmissions AVG": [
        0.0,
        0.0
    ],
    "Packets delivered": [
        0.24957371030527695,
        0.2505676792170182
    ],
    "Packets lost due to noise": [
        0.43720129144153347,
        0.4381629364955734
    ],
    "Packets collided": [
        0.0,
        0.0
    ],
    "Destinatary out of range": [
        0.0,
        0.0
    ],
    "Packets dropped": [
        0.0,
        0.0
    ],
    "Other causes of loss": [
        0.3115886789086917,
        0.3129057036319062
    ],
    "Queue MN Avg": [
        218.88683009832582,
        218.90672802301984
    ],
    "Queue MN Var": [
        0.08186158328004223,
        0.086290415050153
    ],
    "Queue BR Avg": [
        12.5447408732498,
        12.595076515527516
    ],
    "Queue BR Var": [
        0.0,
        0.0
    ],
    "Upstream Delay Avg": [
        437.65101388940514,
        438.6235345991955
    ],
    "Upstream Delay 95th Perc": [
        770.8235387601137,
        771.6375315864261
    ],
    "Upstream Delay Var": [
        45638.618447665176,
        45809.896553881765
    ],
    "Downstream Delay Avg": [
        1.5149999999999988,
        1.5149999999999992
    ],
    "Downstream Delay 95th Perc": [
        1.5149999999999988,
        1.5149999999999992
    ],
    "Downstream Delay Var": [
        2.0171074307065992e-31,
        2.0175495194051506e-31
    ],
    "RTT Avg": [
        1298.084220233841,
        1303.753640420239
    ],
    "RTT 95th Perc": [
        2264.9580582383614,
        2269.190973064581
    ],
    "RTT Var": [
        401435.89349935757,
        405051.41889333114
    ]
}{
    "Upstream PDR": [
        0.1657051572948889,
        0.16637016738043578
    ],
    "Downstream PDR": [
        0.2488054519756621,
        0.25100614255541376
    ],
    "TicToc PDR": [
        0.04129333522497344,
        0.041694197242559
    ],
    "Packets retransmitted per node AVG": [
        0.0,
        0.0
    ],
    "Counter of retransmission per packet AVG": [
        0.0,
        0.0
    ],
    "Intertime of retransmissions AVG": [
        0.0,
        0.0
    ],
    "Packets delivered": [
        0.24957371030527695,
        0.2505676792170182
    ],
    "Packets lost due to noise": [
        0.43720129144153347,
        0.4381629364955734
    ],
    "Packets collided": [
        0.0,
        0.0
    ],
    "Destinatary out of range": [
        0.0,
        0.0
    ],
    "Packets dropped": [
        0.0,
        0.0
    ],
    "Other causes of loss": [
        0.3115886789086917,
        0.3129057036319062
    ],
    "Queue MN Avg": [
        218.88683009832582,
        218.90672802301984
    ],
    "Queue MN Var": [
        0.08186158328004223,
        0.086290415050153
    ],
    "Queue BR Avg": [
        12.5447408732498,
        12.595076515527516
    ],
    "Queue BR Var": [
        0.0,
        0.0
    ],
    "Upstream Delay Avg": [
        437.65101388940514,
        438.6235345991955
    ],
    "Upstream Delay 95th Perc": [
        770.8235387601137,
        771.6375315864261
    ],
    "Upstream Delay Var": [
        45638.618447665176,
        45809.896553881765
    ],
    "Downstream Delay Avg": [
        1.5149999999999988,
        1.5149999999999992
    ],
    "Downstream Delay 95th Perc": [
        1.5149999999999988,
        1.5149999999999992
    ],
    "Downstream Delay Var": [
        2.0171074307065992e-31,
        2.0175495194051506e-31
    ],
    "RTT Avg": [
        1298.084220233841,
        1303.753640420239
    ],
    "RTT 95th Perc": [
        2264.9580582383614,
        2269.190973064581
    ],
    "RTT Var": [
        401435.89349935757,
        405051.41889333114
    ]
}{
    "Upstream PDR": [
        0.1657051572948889,
        0.16637016738043578
    ],
    "Downstream PDR": [
        0.2488054519756621,
        0.25100614255541376
    ],
    "TicToc PDR": [
        0.04129333522497344,
        0.041694197242559
    ],
    "Packets retransmitted per node AVG": [
        0.0,
        0.0
    ],
    "Counter of retransmission per packet AVG": [
        0.0,
        0.0
    ],
    "Intertime of retransmissions AVG": [
        0.0,
        0.0
    ],
    "Packets delivered": [
        0.24957371030527695,
        0.2505676792170182
    ],
    "Packets lost due to noise": [
        0.43720129144153347,
        0.4381629364955734
    ],
    "Packets collided": [
        0.0,
        0.0
    ],
    "Destinatary out of range": [
        0.0,
        0.0
    ],
    "Packets dropped": [
        0.0,
        0.0
    ],
    "Other causes of loss": [
        0.3115886789086917,
        0.3129057036319062
    ],
    "Queue MN Avg": [
        218.88683009832582,
        218.90672802301984
    ],
    "Queue MN Var": [
        0.08186158328004223,
        0.086290415050153
    ],
    "Queue BR Avg": [
        12.5447408732498,
        12.595076515527516
    ],
    "Queue BR Var": [
        0.0,
        0.0
    ],
    "Upstream Delay Avg": [
        437.65101388940514,
        438.6235345991955
    ],
    "Upstream Delay 95th Perc": [
        770.8235387601137,
        771.6375315864261
    ],
    "Upstream Delay Var": [
        45638.618447665176,
        45809.896553881765
    ],
    "Downstream Delay Avg": [
        1.5149999999999988,
        1.5149999999999992
    ],
    "Downstream Delay 95th Perc": [
        1.5149999999999988,
        1.5149999999999992
    ],
    "Downstream Delay Var": [
        2.0171074307065992e-31,
        2.0175495194051506e-31
    ],
    "RTT Avg": [
        1298.084220233841,
        1303.753640420239
    ],
    "RTT 95th Perc": [
        2264.9580582383614,
        2269.190973064581
    ],
    "RTT Var": [
        401435.89349935757,
        405051.41889333114
    ]
}