{
    "Upstream PDR": [
        0.4189302137827272,
        0.4387596563471431
    ],
    "Downstream PDR": [
        0.8379403725653708,
        0.8503965423918923
    ],
    "TicToc PDR": [
        0.35194417798859146,
        0.3727929648685512
    ],
    "Packets retransmitted per node AVG": [
        0.0,
        0.0
    ],
    "Counter of retransmission per packet AVG": [
        0.0,
        0.0
    ],
    "Intertime of retransmissions AVG": [
        0.0,
        0.0
    ],
    "Packets delivered": [
        0.7117993250891662,
        0.7352896946132293
    ],
    "Packets lost due to noise": [
        0.12587333262718275,
        0.1355580226942129
    ],
    "Packets collided": [
        0.0,
        0.0
    ],
    "Destinatary out of range": [
        -2.0976446162587866e-07,
        6.467901521810979e-07
    ],
    "Packets dropped": [
        0.0,
        0.0
    ],
    "Other causes of loss": [
        0.13649298957973904,
        0.1549861983707791
    ],
    "Queue MN Avg": [
        218.89658615632598,
        218.91954825984695
    ],
    "Queue MN Var": [
        0.08223338518503921,
        0.08726784144311166
    ],
    "Queue BR Avg": [
        2.2654136099589857,
        2.372648214257319
    ],
    "Queue BR Var": [
        1.0197925266753858,
        1.3440224077658947
    ],
    "Upstream Delay Avg": [
        437.8405299582789,
        438.0904325831855
    ],
    "Upstream Delay 95th Perc": [
        771.2565729470053,
        771.4725905450192
    ],
    "Upstream Delay Var": [
        45730.53230553176,
        45777.95817195499
    ],
    "Downstream Delay Avg": [
        1.514999999999908,
        1.5150000000004378
    ],
    "Downstream Delay 95th Perc": [
        1.5150000000000003,
        1.5150000000000003
    ],
    "Downstream Delay Var": [
        -7.480660691208044e-21,
        3.4648172945510486e-20
    ],
    "RTT Avg": [
        1292.2848858494312,
        1300.6843800724996
    ],
    "RTT 95th Perc": [
        2246.0823898612357,
        2260.1649131008985
    ],
    "RTT Var": [
        393339.42718376167,
        398472.024876415
    ]
}