{
    "Upstream PDR": [
        0.4979500696171929,
        0.49985447583735265
    ],
    "Downstream PDR": [
        0.0,
        0.0
    ],
    "TicToc PDR": [
        0.0,
        0.0
    ],
    "Packets retransmitted per node AVG": [
        0.0,
        0.0
    ],
    "Counter of retransmission per packet AVG": [
        0.0,
        0.0
    ],
    "Intertime of retransmissions AVG": [
        0.0,
        0.0
    ],
    "Packets delivered": [
        0.4980276240665004,
        0.4999213466252915
    ],
    "Packets lost due to noise": [
        0.3808527557370139,
        0.3818203874882861
    ],
    "Packets collided": [
        -2.616134659424564e-06,
        1.6063179800123973e-05
    ],
    "Destinatary out of range": [
        -6.54942330734261e-07,
        3.099863789594942e-06
    ],
    "Packets dropped": [
        0.0,
        0.0
    ],
    "Other causes of loss": [
        0.1186842072648417,
        0.12067778685146695
    ],
    "Queue MN Avg": [
        0.38246885723851565,
        0.3825126313131191
    ],
    "Queue MN Var": [
        4.7015039517800515e-07,
        5.076519543101831e-07
    ],
    "Queue BR Avg": [
        0.0,
        0.0
    ],
    "Queue BR Var": [
        0.0,
        0.0
    ],
    "Upstream Delay Avg": [
        0.7581869482140252,
        0.7592388272741554
    ],
    "Upstream Delay 95th Perc": [
        1.439926076141249,
        1.4407884498763506
    ],
    "Upstream Delay Var": [
        0.1910119855724108,
        0.19134158099093299
    ],
    "Downstream Delay Avg": [
        0.0,
        0.0
    ],
    "Downstream Delay 95th Perc": [
        0.0,
        0.0
    ],
    "Downstream Delay Var": [
        0.0,
        0.0
    ],
    "RTT Avg": [
        0.0,
        0.0
    ],
    "RTT 95th Perc": [
        0.0,
        0.0
    ],
    "RTT Var": [
        0.0,
        0.0
    ]
}{
    "Upstream PDR": [
        0.4979500696171929,
        0.49985447583735265
    ],
    "Downstream PDR": [
        0.0,
        0.0
    ],
    "TicToc PDR": [
        0.0,
        0.0
    ],
    "Packets retransmitted per node AVG": [
        0.0,
        0.0
    ],
    "Counter of retransmission per packet AVG": [
        0.0,
        0.0
    ],
    "Intertime of retransmissions AVG": [
        0.0,
        0.0
    ],
    "Packets delivered": [
        0.4980276240665004,
        0.4999213466252915
    ],
    "Packets lost due to noise": [
        0.3808527557370139,
        0.3818203874882861
    ],
    "Packets collided": [
        -2.616134659424564e-06,
        1.6063179800123973e-05
    ],
    "Destinatary out of range": [
        -6.54942330734261e-07,
        3.099863789594942e-06
    ],
    "Packets dropped": [
        0.0,
        0.0
    ],
    "Other causes of loss": [
        0.1186842072648417,
        0.12067778685146695
    ],
    "Queue MN Avg": [
        0.38246885723851565,
        0.3825126313131191
    ],
    "Queue MN Var": [
        4.7015039517800515e-07,
        5.076519543101831e-07
    ],
    "Queue BR Avg": [
        0.0,
        0.0
    ],
    "Queue BR Var": [
        0.0,
        0.0
    ],
    "Upstream Delay Avg": [
        0.7581869482140252,
        0.7592388272741554
    ],
    "Upstream Delay 95th Perc": [
        1.439926076141249,
        1.4407884498763506
    ],
    "Upstream Delay Var": [
        0.1910119855724108,
        0.19134158099093299
    ],
    "Downstream Delay Avg": [
        0.0,
        0.0
    ],
    "Downstream Delay 95th Perc": [
        0.0,
        0.0
    ],
    "Downstream Delay Var": [
        0.0,
        0.0
    ],
    "RTT Avg": [
        0.0,
        0.0
    ],
    "RTT 95th Perc": [
        0.0,
        0.0
    ],
    "RTT Var": [
        0.0,
        0.0
    ]
}{
    "Upstream PDR": [
        0.4979500696171929,
        0.49985447583735265
    ],
    "Downstream PDR": [
        0.0,
        0.0
    ],
    "TicToc PDR": [
        0.0,
        0.0
    ],
    "Packets retransmitted per node AVG": [
        0.0,
        0.0
    ],
    "Counter of retransmission per packet AVG": [
        0.0,
        0.0
    ],
    "Intertime of retransmissions AVG": [
        0.0,
        0.0
    ],
    "Packets delivered": [
        0.4980276240665004,
        0.4999213466252915
    ],
    "Packets lost due to noise": [
        0.3808527557370139,
        0.3818203874882861
    ],
    "Packets collided": [
        -2.616134659424564e-06,
        1.6063179800123973e-05
    ],
    "Destinatary out of range": [
        -6.54942330734261e-07,
        3.099863789594942e-06
    ],
    "Packets dropped": [
        0.0,
        0.0
    ],
    "Other causes of loss": [
        0.1186842072648417,
        0.12067778685146695
    ],
    "Queue MN Avg": [
        0.38246885723851565,
        0.3825126313131191
    ],
    "Queue MN Var": [
        4.7015039517800515e-07,
        5.076519543101831e-07
    ],
    "Queue BR Avg": [
        0.0,
        0.0
    ],
    "Queue BR Var": [
        0.0,
        0.0
    ],
    "Upstream Delay Avg": [
        0.7581869482140252,
        0.7592388272741554
    ],
    "Upstream Delay 95th Perc": [
        1.439926076141249,
        1.4407884498763506
    ],
    "Upstream Delay Var": [
        0.1910119855724108,
        0.19134158099093299
    ],
    "Downstream Delay Avg": [
        0.0,
        0.0
    ],
    "Downstream Delay 95th Perc": [
        0.0,
        0.0
    ],
    "Downstream Delay Var": [
        0.0,
        0.0
    ],
    "RTT Avg": [
        0.0,
        0.0
    ],
    "RTT 95th Perc": [
        0.0,
        0.0
    ],
    "RTT Var": [
        0.0,
        0.0
    ]
}