{
    "Upstream PDR": [
        0.4957265768077276,
        0.4974723842312335
    ],
    "Downstream PDR": [
        0.7489696168751818,
        0.7505064257527074
    ],
    "TicToc PDR": [
        0.37181980189055636,
        0.3728113669406124
    ],
    "Packets retransmitted per node AVG": [
        0.0,
        0.0
    ],
    "Counter of retransmission per packet AVG": [
        0.0,
        0.0
    ],
    "Intertime of retransmissions AVG": [
        0.0,
        0.0
    ],
    "Packets delivered": [
        0.7484144604593583,
        0.7498194686648372
    ],
    "Packets lost due to noise": [
        0.2196537374360316,
        0.22033283747813856
    ],
    "Packets collided": [
        0.0,
        0.0
    ],
    "Destinatary out of range": [
        0.0,
        0.0
    ],
    "Packets dropped": [
        0.0,
        0.0
    ],
    "Other causes of loss": [
        0.030308306624773088,
        0.03147118933686151
    ],
    "Queue MN Avg": [
        218.88683009832582,
        218.90672802301984
    ],
    "Queue MN Var": [
        0.08186158328004223,
        0.086290415050153
    ],
    "Queue BR Avg": [
        37.53061149543263,
        37.662382498690825
    ],
    "Queue BR Var": [
        0.0,
        0.0
    ],
    "Upstream Delay Avg": [
        437.7728315425309,
        438.1050053241656
    ],
    "Upstream Delay 95th Perc": [
        771.1849944527328,
        771.4243638301589
    ],
    "Upstream Delay Var": [
        45728.670361903154,
        45787.80084939564
    ],
    "Downstream Delay Avg": [
        1.5149999999999864,
        1.5149999999999868
    ],
    "Downstream Delay 95th Perc": [
        1.5149999999999988,
        1.5149999999999992
    ],
    "Downstream Delay Var": [
        1.1004150502306963e-28,
        1.1026311470132279e-28
    ],
    "RTT Avg": [
        1299.086265517117,
        1300.5541097224498
    ],
    "RTT 95th Perc": [
        2287.5572844826956,
        2288.729386689247
    ],
    "RTT Var": [
        403194.7914814239,
        404103.7721607612
    ]
}