{
    "Upstream PDR": [
        0.11310110290681348,
        0.12022184081613028
    ],
    "Downstream PDR": [
        0.7506694118779266,
        0.7590458048661005
    ],
    "TicToc PDR": [
        0.08527122042514866,
        0.09089847654454829
    ],
    "Packets retransmitted per node AVG": [
        0.0,
        0.0
    ],
    "Counter of retransmission per packet AVG": [
        0.0,
        0.0
    ],
    "Intertime of retransmissions AVG": [
        0.0,
        0.0
    ],
    "Packets delivered": [
        0.20353946136168624,
        0.21233683171609177
    ],
    "Packets lost due to noise": [
        0.07987801436521728,
        0.0839894207826103
    ],
    "Packets collided": [
        0.0,
        0.0
    ],
    "Destinatary out of range": [
        0.0,
        0.0
    ],
    "Packets dropped": [
        0.0,
        0.0
    ],
    "Other causes of loss": [
        0.704103531948832,
        0.7161527398255627
    ],
    "Queue MN Avg": [
        0.2325007544959271,
        0.23252312548243687
    ],
    "Queue MN Var": [
        3.03585904732285e-08,
        3.439627089144688e-08
    ],
    "Queue BR Avg": [
        0.023901145541626527,
        0.025406339504199855
    ],
    "Queue BR Var": [
        0.0006036262792024111,
        0.0007979648824019067
    ],
    "Upstream Delay Avg": [
        0.4585524826956826,
        0.46016435955786483
    ],
    "Upstream Delay 95th Perc": [
        0.8700239745097774,
        0.8711842764994223
    ],
    "Upstream Delay Var": [
        0.06957097073474613,
        0.06988691458481244
    ],
    "Downstream Delay Avg": [
        0.4649999999844479,
        0.46500000003100267
    ],
    "Downstream Delay 95th Perc": [
        0.4650000027935001,
        0.46500000289604165
    ],
    "Downstream Delay Var": [
        3.7088005770627714e-18,
        3.907539157762289e-18
    ],
    "RTT Avg": [
        1284.7833920263565,
        1335.7929664588592
    ],
    "RTT 95th Perc": [
        1870.8414758508095,
        1930.6633106901515
    ],
    "RTT Var": [
        236437.53479449375,
        258535.04993121867
    ]
}