{
    "Upstream PDR": [
        0.9011571973435066,
        0.9042105206527831
    ],
    "Downstream PDR": [
        0.0,
        0.0
    ],
    "TicToc PDR": [
        0.0,
        0.0
    ],
    "Packets retransmitted per node AVG": [
        0.0,
        0.0
    ],
    "Counter of retransmission per packet AVG": [
        0.0,
        0.0
    ],
    "Intertime of retransmissions AVG": [
        0.0,
        0.0
    ],
    "Packets delivered": [
        0.901051356271249,
        0.9040651922021261
    ],
    "Packets lost due to noise": [
        0.09055716269792537,
        0.09175565430732487
    ],
    "Packets collided": [
        0.0,
        0.0
    ],
    "Destinatary out of range": [
        0.0,
        0.0
    ],
    "Packets dropped": [
        0.0,
        0.0
    ],
    "Other causes of loss": [
        0.004609489599770403,
        0.00796114492160446
    ],
    "Queue MN Avg": [
        0.3374960169857055,
        0.3376639814219464
    ],
    "Queue MN Var": [
        5.694336625388025e-06,
        6.095223658307963e-06
    ],
    "Queue BR Avg": [
        0.0,
        0.0
    ],
    "Queue BR Var": [
        0.0,
        0.0
    ],
    "Upstream Delay Avg": [
        0.6689499730555926,
        0.6695300134497155
    ],
    "Upstream Delay 95th Perc": [
        1.269771031516417,
        1.2702192447678113
    ],
    "Upstream Delay Var": [
        0.14843424223414384,
        0.14856673692750524
    ],
    "Downstream Delay Avg": [
        0.0,
        0.0
    ],
    "Downstream Delay 95th Perc": [
        0.0,
        0.0
    ],
    "Downstream Delay Var": [
        0.0,
        0.0
    ],
    "RTT Avg": [
        0.0,
        0.0
    ],
    "RTT 95th Perc": [
        0.0,
        0.0
    ],
    "RTT Var": [
        0.0,
        0.0
    ]
}