{
    "Upstream PDR": [
        0.4120284452422273,
        0.41397610021231807
    ],
    "Downstream PDR": [
        0.4994455385005943,
        0.5015343082460592
    ],
    "TicToc PDR": [
        0.20620264544457742,
        0.20719670520477332
    ],
    "Packets retransmitted per node AVG": [
        0.0,
        0.0
    ],
    "Counter of retransmission per packet AVG": [
        0.0,
        0.0
    ],
    "Intertime of retransmissions AVG": [
        0.0,
        0.0
    ],
    "Packets delivered": [
        0.4983859178792946,
        0.49998164959800956
    ],
    "Packets lost due to noise": [
        0.3810517429258565,
        0.38199702306961986
    ],
    "Packets collided": [
        0.0,
        0.0
    ],
    "Destinatary out of range": [
        0.0,
        0.0
    ],
    "Packets dropped": [
        0.0,
        0.0
    ],
    "Other causes of loss": [
        0.11858604552463602,
        0.11999762100258325
    ],
    "Queue MN Avg": [
        111.92925277838032,
        111.9508346457421
    ],
    "Queue MN Var": [
        0.08032863048586943,
        0.085477486069663
    ],
    "Queue BR Avg": [
        20.02598773682439,
        20.12002019956858
    ],
    "Queue BR Var": [
        0.0,
        0.0
    ],
    "Upstream Delay Avg": [
        223.75916597199844,
        224.03772365183764
    ],
    "Upstream Delay 95th Perc": [
        393.96064709227915,
        394.1416429009374
    ],
    "Upstream Delay Var": [
        11899.745798551608,
        11922.071093090362
    ],
    "Downstream Delay Avg": [
        1.215000000000002,
        1.2150000000000025
    ],
    "Downstream Delay 95th Perc": [
        1.2150000000000025,
        1.215000000000003
    ],
    "Downstream Delay Var": [
        2.235971644970192e-30,
        2.4048395004133584e-30
    ],
    "RTT Avg": [
        1298.7411802169531,
        1301.5969735762396
    ],
    "RTT 95th Perc": [
        2285.5618597609655,
        2287.8085736138346
    ],
    "RTT Var": [
        403106.1729290924,
        404558.1259434252
    ]
}