{
    "Upstream PDR": [
        0.10154284503145276,
        0.11073421124560352
    ],
    "Downstream PDR": [
        0.0,
        0.0
    ],
    "TicToc PDR": [
        0.0,
        0.0
    ],
    "Packets retransmitted per node AVG": [
        0.0,
        0.0
    ],
    "Counter of retransmission per packet AVG": [
        0.0,
        0.0
    ],
    "Intertime of retransmissions AVG": [
        0.0,
        0.0
    ],
    "Packets delivered": [
        0.11284189685610298,
        0.12213333807112865
    ],
    "Packets lost due to noise": [
        0.07027271220117277,
        0.07523797413523102
    ],
    "Packets collided": [
        0.0,
        0.0
    ],
    "Destinatary out of range": [
        0.0,
        0.0
    ],
    "Packets dropped": [
        0.0,
        0.0
    ],
    "Other causes of loss": [
        0.8028224882950801,
        0.8166915904412846
    ],
    "Queue MN Avg": [
        0.1499926536324523,
        0.15000881390652382
    ],
    "Queue MN Var": [
        1.3752453484324924e-08,
        1.5899872018943937e-08
    ],
    "Queue BR Avg": [
        0.0,
        0.0
    ],
    "Queue BR Var": [
        0.0,
        0.0
    ],
    "Upstream Delay Avg": [
        0.2936418284808219,
        0.2946867487786482
    ],
    "Upstream Delay 95th Perc": [
        0.5568255279739096,
        0.5578596928735764
    ],
    "Upstream Delay Var": [
        0.02850207247687569,
        0.028620644992624112
    ],
    "Downstream Delay Avg": [
        0.0,
        0.0
    ],
    "Downstream Delay 95th Perc": [
        0.0,
        0.0
    ],
    "Downstream Delay Var": [
        0.0,
        0.0
    ],
    "RTT Avg": [
        0.0,
        0.0
    ],
    "RTT 95th Perc": [
        0.0,
        0.0
    ],
    "RTT Var": [
        0.0,
        0.0
    ]
}