{
    "Upstream PDR": [
        0.9916509496632503,
        0.9970823836700832
    ],
    "Downstream PDR": [
        0.0,
        0.0
    ],
    "TicToc PDR": [
        0.0,
        0.0
    ],
    "Packets retransmitted per node AVG": [
        0.0,
        0.0
    ],
    "Counter of retransmission per packet AVG": [
        0.0,
        0.0
    ],
    "Intertime of retransmissions AVG": [
        0.0,
        0.0
    ],
    "Packets delivered": [
        0.9917444444571543,
        0.9971936556030906
    ],
    "Packets lost due to noise": [
        0.0028727059345130014,
        0.0036481026799693997
    ],
    "Packets collided": [
        0.0,
        0.0
    ],
    "Destinatary out of range": [
        0.0,
        0.0
    ],
    "Packets dropped": [
        0.0,
        0.0
    ],
    "Other causes of loss": [
        -0.0006310541971247959,
        0.005172145522397902
    ],
    "Queue MN Avg": [
        0.4348060189505365,
        0.4351433293033956
    ],
    "Queue MN Var": [
        1.221117908269899e-05,
        1.3125129921715568e-05
    ],
    "Queue BR Avg": [
        0.0,
        0.0
    ],
    "Queue BR Var": [
        0.0,
        0.0
    ],
    "Upstream Delay Avg": [
        0.8632479243976724,
        0.8645843159370273
    ],
    "Upstream Delay 95th Perc": [
        1.6395469244676402,
        1.64089519148496
    ],
    "Upstream Delay Var": [
        0.24792545745799116,
        0.24801258302865303
    ],
    "Downstream Delay Avg": [
        0.0,
        0.0
    ],
    "Downstream Delay 95th Perc": [
        0.0,
        0.0
    ],
    "Downstream Delay Var": [
        0.0,
        0.0
    ],
    "RTT Avg": [
        0.0,
        0.0
    ],
    "RTT 95th Perc": [
        0.0,
        0.0
    ],
    "RTT Var": [
        0.0,
        0.0
    ]
}