{
    "Upstream PDR": [
        0.6714886384076715,
        0.6769863976673645
    ],
    "Downstream PDR": [
        0.8970085270508771,
        0.9047055158518388
    ],
    "TicToc PDR": [
        0.6025542062116584,
        0.6123941343366819
    ],
    "Packets retransmitted per node AVG": [
        0.0,
        0.0
    ],
    "Counter of retransmission per packet AVG": [
        0.0,
        0.0
    ],
    "Intertime of retransmissions AVG": [
        0.0,
        0.0
    ],
    "Packets delivered": [
        0.9049333559259912,
        0.912237155605698
    ],
    "Packets lost due to noise": [
        0.07638488687295301,
        0.08286423079541437
    ],
    "Packets collided": [
        0.0,
        0.0
    ],
    "Destinatary out of range": [
        0.0,
        0.0
    ],
    "Packets dropped": [
        0.0,
        0.0
    ],
    "Other causes of loss": [
        0.010891234964298967,
        0.01268913583564367
    ],
    "Queue MN Avg": [
        171.3298437902589,
        171.34959836303022
    ],
    "Queue MN Var": [
        0.08431926982735326,
        0.09024481915618542
    ],
    "Queue BR Avg": [
        1.7841060066998653,
        1.8471741580706562
    ],
    "Queue BR Var": [
        0.7695700135775144,
        1.6699225596414733
    ],
    "Upstream Delay Avg": [
        342.6224078191878,
        342.7428764598266
    ],
    "Upstream Delay 95th Perc": [
        603.4590834585504,
        603.5620775565712
    ],
    "Upstream Delay Var": [
        27982.48457693329,
        27998.913548088167
    ],
    "Downstream Delay Avg": [
        1.3548346827869515,
        1.3963438559432
    ],
    "Downstream Delay 95th Perc": [
        1.3465927291182707,
        1.4217571906249018
    ],
    "Downstream Delay Var": [
        -0.08700385178272375,
        0.2682686766801076
    ],
    "RTT Avg": [
        1299.0949899102206,
        1299.9346892920994
    ],
    "RTT 95th Perc": [
        2288.1073371330353,
        2288.7763975807106
    ],
    "RTT Var": [
        403034.14380047645,
        403510.72016201925
    ]
}