{
    "Upstream PDR": [
        0.7327445341561953,
        0.7350546000429388
    ],
    "Downstream PDR": [
        0.9735106409523033,
        0.9740476495257253
    ],
    "TicToc PDR": [
        0.7136272983311053,
        0.7156817925779858
    ],
    "Packets retransmitted per node AVG": [
        0.0,
        0.0
    ],
    "Counter of retransmission per packet AVG": [
        0.0,
        0.0
    ],
    "Intertime of retransmissions AVG": [
        0.0,
        0.0
    ],
    "Packets delivered": [
        0.9843650065196515,
        0.985906726513463
    ],
    "Packets lost due to noise": [
        0.012388713342793558,
        0.012597490782600371
    ],
    "Packets collided": [
        -5.880385263183433e-06,
        1.8131647514445687e-05
    ],
    "Destinatary out of range": [
        -1.7819349282374036e-07,
        5.494438640741116e-07
    ],
    "Packets dropped": [
        0.0,
        0.0
    ],
    "Other causes of loss": [
        0.0015713605192911686,
        0.0031580798095778404
    ],
    "Queue MN Avg": [
        171.32206002580807,
        171.34223274260296
    ],
    "Queue MN Var": [
        0.08367877053359699,
        0.08995764351689672
    ],
    "Queue BR Avg": [
        1.1841999801728433,
        1.187871799921981
    ],
    "Queue BR Var": [
        0.46948020926974116,
        0.4909991151331508
    ],
    "Upstream Delay Avg": [
        342.6985869366843,
        342.74627306148597
    ],
    "Upstream Delay 95th Perc": [
        603.5218804898539,
        603.5648644350767
    ],
    "Upstream Delay Var": [
        27993.395004229948,
        27996.31040999994
    ],
    "Downstream Delay Avg": [
        1.3649408175160904,
        1.3651824849002996
    ],
    "Downstream Delay 95th Perc": [
        1.364172611641254,
        1.3675512163234953
    ],
    "Downstream Delay Var": [
        -0.00014939728211489889,
        0.0004606532969674741
    ],
    "RTT Avg": [
        1299.678792742295,
        1299.9683512566519
    ],
    "RTT 95th Perc": [
        2289.03732246423,
        2289.292780944861
    ],
    "RTT Var": [
        403447.24783529044,
        403806.28757634904
    ]
}