{
    "Upstream PDR": [
        0.496429199035253,
        0.5258772944712404
    ],
    "Downstream PDR": [
        0.8299447925770154,
        0.8443942101643613
    ],
    "TicToc PDR": [
        0.4135057231830187,
        0.4436007703234749
    ],
    "Packets retransmitted per node AVG": [
        0.0,
        0.0
    ],
    "Counter of retransmission per packet AVG": [
        0.0,
        0.0
    ],
    "Intertime of retransmissions AVG": [
        0.0,
        0.0
    ],
    "Packets delivered": [
        0.6107892023958176,
        0.6377735693934464
    ],
    "Packets lost due to noise": [
        0.1193982324973531,
        0.12739037628898608
    ],
    "Packets collided": [
        0.0,
        0.0
    ],
    "Destinatary out of range": [
        0.0,
        0.0
    ],
    "Packets dropped": [
        0.0,
        0.0
    ],
    "Other causes of loss": [
        0.23995930975477994,
        0.26468930966961707
    ],
    "Queue MN Avg": [
        0.08249465373446083,
        0.08251260279198969
    ],
    "Queue MN Var": [
        6.124113971529138e-09,
        8.449306589342764e-09
    ],
    "Queue BR Avg": [
        0.017805488625279184,
        0.01886221616016695
    ],
    "Queue BR Var": [
        0.0001938736825559326,
        0.0002420047114971127
    ],
    "Upstream Delay Avg": [
        0.15933479617595056,
        0.15970291696420666
    ],
    "Upstream Delay 95th Perc": [
        0.30072150424149197,
        0.30106209923873645
    ],
    "Upstream Delay Var": [
        0.008269198194856211,
        0.008294506539258112
    ],
    "Downstream Delay Avg": [
        0.16499999998895162,
        0.16499999999610152
    ],
    "Downstream Delay 95th Perc": [
        0.1650000020391873,
        0.16500000226153838
    ],
    "Downstream Delay Var": [
        1.6363547063565997e-18,
        1.8754806095460845e-18
    ],
    "RTT Avg": [
        1288.9999607767304,
        1293.3934523502462
    ],
    "RTT 95th Perc": [
        2242.7349831362217,
        2262.3150250792023
    ],
    "RTT Var": [
        385835.4584375591,
        393717.21392275474
    ]
}