{
    "Upstream PDR": [
        0.9956467316381954,
        0.9987491125176491
    ],
    "Downstream PDR": [
        0.9750284410766665,
        0.9756022345621671
    ],
    "TicToc PDR": [
        0.9711615219100305,
        0.9740000365315273
    ],
    "Packets retransmitted per node AVG": [
        0.0,
        0.0
    ],
    "Counter of retransmission per packet AVG": [
        0.0,
        0.0
    ],
    "Intertime of retransmissions AVG": [
        0.0,
        0.0
    ],
    "Packets delivered": [
        0.9853895895047314,
        0.986939796836697
    ],
    "Packets lost due to noise": [
        0.01208030325751403,
        0.01231272232427469
    ],
    "Packets collided": [
        -2.37246059229726e-07,
        7.315272261287047e-07
    ],
    "Destinatary out of range": [
        0.0,
        0.0
    ],
    "Packets dropped": [
        0.0,
        0.0
    ],
    "Other causes of loss": [
        0.0008518467278216771,
        0.0024252470677943007
    ],
    "Queue MN Avg": [
        0.3824617411707468,
        0.38252377499659773
    ],
    "Queue MN Var": [
        4.800294936260195e-07,
        5.280495501124275e-07
    ],
    "Queue BR Avg": [
        0.501185090841241,
        0.5027388880341213
    ],
    "Queue BR Var": [
        0.08188461899307449,
        0.08760720620152047
    ],
    "Upstream Delay Avg": [
        0.7589194856358709,
        0.759341177198433
    ],
    "Upstream Delay 95th Perc": [
        1.4407694298971074,
        1.4410875809788355
    ],
    "Upstream Delay Var": [
        0.19126171767475647,
        0.1912907640403385
    ],
    "Downstream Delay Avg": [
        0.7649949531696598,
        0.7650155617778471
    ],
    "Downstream Delay 95th Perc": [
        0.7650000054925901,
        0.7650000058761879
    ],
    "Downstream Delay Var": [
        -7.607304171910019e-06,
        2.345644912827697e-05
    ],
    "RTT Avg": [
        1299.4506940740391,
        1299.8293057786339
    ],
    "RTT 95th Perc": [
        2289.508783877801,
        2289.874435721871
    ],
    "RTT Var": [
        403555.5428485895,
        403867.3352649255
    ]
}