{
    "Upstream PDR": [
        0.8879368824129984,
        0.8991309386548229
    ],
    "Downstream PDR": [
        0.0,
        0.0
    ],
    "TicToc PDR": [
        0.0,
        0.0
    ],
    "Packets retransmitted per node AVG": [
        0.0,
        0.0
    ],
    "Counter of retransmission per packet AVG": [
        0.0,
        0.0
    ],
    "Intertime of retransmissions AVG": [
        0.0,
        0.0
    ],
    "Packets delivered": [
        0.8880492038749049,
        0.8992809390730819
    ],
    "Packets lost due to noise": [
        0.09224290371090953,
        0.102041397681725
    ],
    "Packets collided": [
        0.0,
        0.0
    ],
    "Destinatary out of range": [
        0.0,
        0.0
    ],
    "Packets dropped": [
        0.0,
        0.0
    ],
    "Other causes of loss": [
        0.00736451018018025,
        0.01102104547919788
    ],
    "Queue MN Avg": [
        0.4348315291762982,
        0.4350991523261185
    ],
    "Queue MN Var": [
        1.21102831534002e-05,
        1.2723688755769483e-05
    ],
    "Queue BR Avg": [
        0.0,
        0.0
    ],
    "Queue BR Var": [
        0.0,
        0.0
    ],
    "Upstream Delay Avg": [
        0.8631597576713526,
        0.8642387483072467
    ],
    "Upstream Delay 95th Perc": [
        1.63978781723957,
        1.6406472982526017
    ],
    "Upstream Delay Var": [
        0.2478984294784969,
        0.24805228456900122
    ],
    "Downstream Delay Avg": [
        0.0,
        0.0
    ],
    "Downstream Delay 95th Perc": [
        0.0,
        0.0
    ],
    "Downstream Delay Var": [
        0.0,
        0.0
    ],
    "RTT Avg": [
        0.0,
        0.0
    ],
    "RTT 95th Perc": [
        0.0,
        0.0
    ],
    "RTT Var": [
        0.0,
        0.0
    ]
}