{
    "Upstream PDR": [
        0.91149183962502,
        0.9178795889464086
    ],
    "Downstream PDR": [
        0.9096287350884253,
        0.9185512419268451
    ],
    "TicToc PDR": [
        0.829669205848976,
        0.8427293099209688
    ],
    "Packets retransmitted per node AVG": [
        0.0,
        0.0
    ],
    "Counter of retransmission per packet AVG": [
        0.0,
        0.0
    ],
    "Intertime of retransmissions AVG": [
        0.0,
        0.0
    ],
    "Packets delivered": [
        0.937566821966968,
        0.944809982881492
    ],
    "Packets lost due to noise": [
        0.04788753278335225,
        0.05304021312460278
    ],
    "Packets collided": [
        -1.998721249791034e-06,
        6.927285882571122e-06
    ],
    "Destinatary out of range": [
        -1.491660203507215e-06,
        6.042095547841495e-06
    ],
    "Packets dropped": [
        0.0,
        0.0
    ],
    "Other causes of loss": [
        0.00710158845615691,
        0.009584381787451319
    ],
    "Queue MN Avg": [
        35.74763690392763,
        35.77498176291287
    ],
    "Queue MN Var": [
        0.08091083372017618,
        0.0857022028451637
    ],
    "Queue BR Avg": [
        1.3590098554423382,
        1.3683073258710885
    ],
    "Queue BR Var": [
        0.577661031832998,
        0.6916517371664539
    ],
    "Upstream Delay Avg": [
        71.48175089823856,
        71.53700643162269
    ],
    "Upstream Delay 95th Perc": [
        125.31761955510771,
        125.37253311028428
    ],
    "Upstream Delay Var": [
        1192.8735760473203,
        1193.347814541294
    ],
    "Downstream Delay Avg": [
        1.0648836217729958,
        1.065415171272209
    ],
    "Downstream Delay 95th Perc": [
        1.0641712963970178,
        1.067555234215224
    ],
    "Downstream Delay Var": [
        -0.00020354894249977084,
        0.000745423560848677
    ],
    "RTT Avg": [
        1299.6189389976032,
        1300.3396161375697
    ],
    "RTT 95th Perc": [
        2289.2822702523,
        2289.7491216370763
    ],
    "RTT Var": [
        403323.81667138764,
        403699.97841348476
    ]
}