{
    "Upstream PDR": [
        0.710689589410628,
        0.7150477843267458
    ],
    "Downstream PDR": [
        0.9126216133443029,
        0.9198503919450293
    ],
    "TicToc PDR": [
        0.6489753132174387,
        0.6574362307941053
    ],
    "Packets retransmitted per node AVG": [
        0.0,
        0.0
    ],
    "Counter of retransmission per packet AVG": [
        0.0,
        0.0
    ],
    "Intertime of retransmissions AVG": [
        0.0,
        0.0
    ],
    "Packets delivered": [
        0.9396259183671742,
        0.9456189933672663
    ],
    "Packets lost due to noise": [
        0.04696419153581413,
        0.05119638925781282
    ],
    "Packets collided": [
        -1.801090234328853e-07,
        5.553502331730214e-07
    ],
    "Destinatary out of range": [
        -1.801090234328853e-07,
        5.553502331730214e-07
    ],
    "Packets dropped": [
        0.0,
        0.0
    ],
    "Other causes of loss": [
        0.007187126381756259,
        0.009406630607756988
    ],
    "Queue MN Avg": [
        171.3298437902589,
        171.34959836303022
    ],
    "Queue MN Var": [
        0.08431926982735326,
        0.09024481915618542
    ],
    "Queue BR Avg": [
        1.746350451288988,
        1.7608211942982845
    ],
    "Queue BR Var": [
        0.7243412300121812,
        0.8802667215977178
    ],
    "Upstream Delay Avg": [
        342.6712004164094,
        342.7368807693506
    ],
    "Upstream Delay 95th Perc": [
        603.5086556077856,
        603.5634997384357
    ],
    "Upstream Delay Var": [
        27988.639670298227,
        27998.09921637373
    ],
    "Downstream Delay Avg": [
        1.3631597360053513,
        1.3706742911546321
    ],
    "Downstream Delay 95th Perc": [
        1.3616904098818685,
        1.375204828213364
    ],
    "Downstream Delay Var": [
        -0.003147322503437621,
        0.00970449038499224
    ],
    "RTT Avg": [
        1299.1145815398006,
        1300.0074623826451
    ],
    "RTT 95th Perc": [
        2288.740925465195,
        2289.184003777362
    ],
    "RTT Var": [
        403301.4082258807,
        404014.15646304726
    ]
}