{
    "Upstream PDR": [
        0.6407058454008246,
        0.6809938948589157
    ],
    "Downstream PDR": [
        0.831458543672896,
        0.8495202913143646
    ],
    "TicToc PDR": [
        0.5353541709536772,
        0.5774198550203488
    ],
    "Packets retransmitted per node AVG": [
        0.0,
        0.0
    ],
    "Counter of retransmission per packet AVG": [
        0.0,
        0.0
    ],
    "Intertime of retransmissions AVG": [
        0.0,
        0.0
    ],
    "Packets delivered": [
        0.7152406035998974,
        0.747080330090162
    ],
    "Packets lost due to noise": [
        0.1213894334696453,
        0.1354372262395125
    ],
    "Packets collided": [
        0.0,
        0.0
    ],
    "Destinatary out of range": [
        -3.2697130935682657e-06,
        1.0081870937458379e-05
    ],
    "Packets dropped": [
        0.0,
        0.0
    ],
    "Other causes of loss": [
        0.12769900925083166,
        0.1531465851921075
    ],
    "Queue MN Avg": [
        0.382456644768673,
        0.3825239233242326
    ],
    "Queue MN Var": [
        4.917614994164173e-07,
        5.501853501018601e-07
    ],
    "Queue BR Avg": [
        0.8754485919802514,
        0.9304793848731864
    ],
    "Queue BR Var": [
        0.29003506401453677,
        0.3966652170415967
    ],
    "Upstream Delay Avg": [
        0.7581291911304373,
        0.7591661502339186
    ],
    "Upstream Delay 95th Perc": [
        1.440616898967252,
        1.4411918044048049
    ],
    "Upstream Delay Var": [
        0.19119632686339755,
        0.19142522924617955
    ],
    "Downstream Delay Avg": [
        0.7649740983475894,
        0.7650798654527409
    ],
    "Downstream Delay 95th Perc": [
        0.7650000000000005,
        0.7650000000000005
    ],
    "Downstream Delay Var": [
        -3.8149997091955995e-05,
        0.00011763213956052934
    ],
    "RTT Avg": [
        1294.4960826772358,
        1303.9566295585355
    ],
    "RTT 95th Perc": [
        2255.6651448820753,
        2274.1120594765575
    ],
    "RTT Var": [
        396297.60495708237,
        402591.15665935323
    ]
}