{
    "Upstream PDR": [
        0.7483882555778588,
        0.7506642119546091
    ],
    "Downstream PDR": [
        0.0,
        0.0
    ],
    "TicToc PDR": [
        0.0,
        0.0
    ],
    "Packets retransmitted per node AVG": [
        0.0,
        0.0
    ],
    "Counter of retransmission per packet AVG": [
        0.0,
        0.0
    ],
    "Intertime of retransmissions AVG": [
        0.0,
        0.0
    ],
    "Packets delivered": [
        0.7484063855456331,
        0.7505590701706606
    ],
    "Packets lost due to noise": [
        0.21916290435639485,
        0.2203017532824001
    ],
    "Packets collided": [
        -8.91723658270315e-06,
        2.749550978109955e-05
    ],
    "Destinatary out of range": [
        0.0,
        0.0
    ],
    "Packets dropped": [
        0.0,
        0.0
    ],
    "Other causes of loss": [
        0.029716441863599445,
        0.0318348665081134
    ],
    "Queue MN Avg": [
        0.24728946879879218,
        0.24763937828004326
    ],
    "Queue MN Var": [
        1.1921284287285002e-05,
        1.3189997321591977e-05
    ],
    "Queue BR Avg": [
        0.0,
        0.0
    ],
    "Queue BR Var": [
        0.0,
        0.0
    ],
    "Upstream Delay Avg": [
        0.4886575189380775,
        0.4894725038847705
    ],
    "Upstream Delay 95th Perc": [
        0.9277712615540763,
        0.9283270694379806
    ],
    "Upstream Delay Var": [
        0.07919813844621343,
        0.079319829151307
    ],
    "Downstream Delay Avg": [
        0.0,
        0.0
    ],
    "Downstream Delay 95th Perc": [
        0.0,
        0.0
    ],
    "Downstream Delay Var": [
        0.0,
        0.0
    ],
    "RTT Avg": [
        0.0,
        0.0
    ],
    "RTT 95th Perc": [
        0.0,
        0.0
    ],
    "RTT Var": [
        0.0,
        0.0
    ]
}