{
    "Upstream PDR": [
        0.07563246693201894,
        0.07931595607354694
    ],
    "Downstream PDR": [
        0.7301937273721086,
        0.7375278467372863
    ],
    "TicToc PDR": [
        0.055450937513162483,
        0.058272253581457205
    ],
    "Packets retransmitted per node AVG": [
        0.0,
        0.0
    ],
    "Counter of retransmission per packet AVG": [
        0.0,
        0.0
    ],
    "Intertime of retransmissions AVG": [
        0.0,
        0.0
    ],
    "Packets delivered": [
        0.1449386407795522,
        0.1505107557903918
    ],
    "Packets lost due to noise": [
        0.06652287139565558,
        0.06935778391788072
    ],
    "Packets collided": [
        -3.9014996323513766e-06,
        1.2029928813412137e-05
    ],
    "Destinatary out of range": [
        -7.994285134972347e-06,
        4.792717792445742e-05
    ],
    "Packets dropped": [
        0.0,
        0.0
    ],
    "Other causes of loss": [
        0.7803706650117519,
        0.788251221782797
    ],
    "Queue MN Avg": [
        35.7353141842112,
        35.755143245532544
    ],
    "Queue MN Var": [
        0.07777296404319889,
        0.08271987763363048
    ],
    "Queue BR Avg": [
        0.1225504104653148,
        0.12851783408531062
    ],
    "Queue BR Var": [
        0.013287026157390107,
        0.016540167185359955
    ],
    "Upstream Delay Avg": [
        72.084945414955,
        73.59460148610063
    ],
    "Upstream Delay 95th Perc": [
        124.63958002978464,
        125.69981551286111
    ],
    "Upstream Delay Var": [
        1138.3278652223553,
        1173.549881039928
    ],
    "Downstream Delay Avg": [
        1.0649590226030003,
        1.0651263500064543
    ],
    "Downstream Delay 95th Perc": [
        1.0650000058174718,
        1.0650000062997096
    ],
    "Downstream Delay Var": [
        -8.389740532486513e-05,
        0.0002586902239639947
    ],
    "RTT Avg": [
        1317.947407342705,
        1352.0923671572036
    ],
    "RTT 95th Perc": [
        1809.8835119403782,
        1844.002585541132
    ],
    "RTT Var": [
        201729.024082827,
        219290.15417401798
    ]
}