{
    "Upstream PDR": [
        0.18343568432341148,
        0.18577678320905597
    ],
    "Downstream PDR": [
        0.8421721522862916,
        0.845812675479625
    ],
    "TicToc PDR": [
        0.15466530511249932,
        0.15696014943295528
    ],
    "Packets retransmitted per node AVG": [
        0.0,
        0.0
    ],
    "Counter of retransmission per packet AVG": [
        0.0,
        0.0
    ],
    "Intertime of retransmissions AVG": [
        0.0,
        0.0
    ],
    "Packets delivered": [
        0.3958044351194054,
        0.40016485975816235
    ],
    "Packets lost due to noise": [
        0.09009514936330162,
        0.0918760144787876
    ],
    "Packets collided": [
        0.0,
        0.0
    ],
    "Destinatary out of range": [
        0.0,
        0.0
    ],
    "Packets dropped": [
        0.0,
        0.0
    ],
    "Other causes of loss": [
        0.5086233145648382,
        0.5134362267155048
    ],
    "Queue MN Avg": [
        218.89186141462648,
        218.90912733140374
    ],
    "Queue MN Var": [
        0.08318183922198714,
        0.08909751879107107
    ],
    "Queue BR Avg": [
        0.42016378414513417,
        0.42553271636418216
    ],
    "Queue BR Var": [
        0.05503003782722403,
        0.06461559677174784
    ],
    "Upstream Delay Avg": [
        435.52782187310197,
        436.0376799860095
    ],
    "Upstream Delay 95th Perc": [
        778.6774631868175,
        781.0023827669615
    ],
    "Upstream Delay Var": [
        44779.046205554376,
        44991.59861251457
    ],
    "Downstream Delay Avg": [
        1.5149999998292727,
        1.5149999998650698
    ],
    "Downstream Delay 95th Perc": [
        1.5150000090743987,
        1.5150000092684497
    ],
    "Downstream Delay Var": [
        5.621613482488545e-17,
        5.978701136943733e-17
    ],
    "RTT Avg": [
        1286.618839671833,
        1288.5170035791343
    ],
    "RTT 95th Perc": [
        2240.750102958441,
        2247.4732738281564
    ],
    "RTT Var": [
        389507.17514928465,
        391579.6592081222
    ]
}