{
    "Upstream PDR": [
        0.7492515005032252,
        0.7515744735227481
    ],
    "Downstream PDR": [
        0.0,
        0.0
    ],
    "TicToc PDR": [
        0.0,
        0.0
    ],
    "Packets retransmitted per node AVG": [
        0.0,
        0.0
    ],
    "Counter of retransmission per packet AVG": [
        0.0,
        0.0
    ],
    "Intertime of retransmissions AVG": [
        0.0,
        0.0
    ],
    "Packets delivered": [
        0.7491112639859941,
        0.7512895529923999
    ],
    "Packets lost due to noise": [
        0.21797236900176392,
        0.22044912050594573
    ],
    "Packets collided": [
        0.0,
        0.0
    ],
    "Destinatary out of range": [
        0.0,
        0.0
    ],
    "Packets dropped": [
        0.0,
        0.0
    ],
    "Other causes of loss": [
        0.029971111870135854,
        0.031206581643760292
    ],
    "Queue MN Avg": [
        0.059551336671546946,
        0.060212636281576325
    ],
    "Queue MN Var": [
        1.1293544138079506e-05,
        1.3696720825999546e-05
    ],
    "Queue BR Avg": [
        0.0,
        0.0
    ],
    "Queue BR Var": [
        0.0,
        0.0
    ],
    "Upstream Delay Avg": [
        0.11313900899738193,
        0.11458930469075713
    ],
    "Upstream Delay 95th Perc": [
        0.21417931026263776,
        0.21620287411661937
    ],
    "Upstream Delay Var": [
        0.004203334458314719,
        0.0042198573484472715
    ],
    "Downstream Delay Avg": [
        0.0,
        0.0
    ],
    "Downstream Delay 95th Perc": [
        0.0,
        0.0
    ],
    "Downstream Delay Var": [
        0.0,
        0.0
    ],
    "RTT Avg": [
        0.0,
        0.0
    ],
    "RTT 95th Perc": [
        0.0,
        0.0
    ],
    "RTT Var": [
        0.0,
        0.0
    ]
}{
    "Upstream PDR": [
        0.7492515005032252,
        0.7515744735227481
    ],
    "Downstream PDR": [
        0.0,
        0.0
    ],
    "TicToc PDR": [
        0.0,
        0.0
    ],
    "Packets retransmitted per node AVG": [
        0.0,
        0.0
    ],
    "Counter of retransmission per packet AVG": [
        0.0,
        0.0
    ],
    "Intertime of retransmissions AVG": [
        0.0,
        0.0
    ],
    "Packets delivered": [
        0.7491112639859941,
        0.7512895529923999
    ],
    "Packets lost due to noise": [
        0.21797236900176392,
        0.22044912050594573
    ],
    "Packets collided": [
        0.0,
        0.0
    ],
    "Destinatary out of range": [
        0.0,
        0.0
    ],
    "Packets dropped": [
        0.0,
        0.0
    ],
    "Other causes of loss": [
        0.029971111870135854,
        0.031206581643760292
    ],
    "Queue MN Avg": [
        0.059551336671546946,
        0.060212636281576325
    ],
    "Queue MN Var": [
        1.1293544138079506e-05,
        1.3696720825999546e-05
    ],
    "Queue BR Avg": [
        0.0,
        0.0
    ],
    "Queue BR Var": [
        0.0,
        0.0
    ],
    "Upstream Delay Avg": [
        0.11313900899738193,
        0.11458930469075713
    ],
    "Upstream Delay 95th Perc": [
        0.21417931026263776,
        0.21620287411661937
    ],
    "Upstream Delay Var": [
        0.004203334458314719,
        0.0042198573484472715
    ],
    "Downstream Delay Avg": [
        0.0,
        0.0
    ],
    "Downstream Delay 95th Perc": [
        0.0,
        0.0
    ],
    "Downstream Delay Var": [
        0.0,
        0.0
    ],
    "RTT Avg": [
        0.0,
        0.0
    ],
    "RTT 95th Perc": [
        0.0,
        0.0
    ],
    "RTT Var": [
        0.0,
        0.0
    ]
}{
    "Upstream PDR": [
        0.7492515005032252,
        0.7515744735227481
    ],
    "Downstream PDR": [
        0.0,
        0.0
    ],
    "TicToc PDR": [
        0.0,
        0.0
    ],
    "Packets retransmitted per node AVG": [
        0.0,
        0.0
    ],
    "Counter of retransmission per packet AVG": [
        0.0,
        0.0
    ],
    "Intertime of retransmissions AVG": [
        0.0,
        0.0
    ],
    "Packets delivered": [
        0.7491112639859941,
        0.7512895529923999
    ],
    "Packets lost due to noise": [
        0.21797236900176392,
        0.22044912050594573
    ],
    "Packets collided": [
        0.0,
        0.0
    ],
    "Destinatary out of range": [
        0.0,
        0.0
    ],
    "Packets dropped": [
        0.0,
        0.0
    ],
    "Other causes of loss": [
        0.029971111870135854,
        0.031206581643760292
    ],
    "Queue MN Avg": [
        0.059551336671546946,
        0.060212636281576325
    ],
    "Queue MN Var": [
        1.1293544138079506e-05,
        1.3696720825999546e-05
    ],
    "Queue BR Avg": [
        0.0,
        0.0
    ],
    "Queue BR Var": [
        0.0,
        0.0
    ],
    "Upstream Delay Avg": [
        0.11313900899738193,
        0.11458930469075713
    ],
    "Upstream Delay 95th Perc": [
        0.21417931026263776,
        0.21620287411661937
    ],
    "Upstream Delay Var": [
        0.004203334458314719,
        0.0042198573484472715
    ],
    "Downstream Delay Avg": [
        0.0,
        0.0
    ],
    "Downstream Delay 95th Perc": [
        0.0,
        0.0
    ],
    "Downstream Delay Var": [
        0.0,
        0.0
    ],
    "RTT Avg": [
        0.0,
        0.0
    ],
    "RTT 95th Perc": [
        0.0,
        0.0
    ],
    "RTT Var": [
        0.0,
        0.0
    ]
}