{
    "Upstream PDR": [
        0.2996835647069406,
        0.3059852664618907
    ],
    "Downstream PDR": [
        0.8211366301396632,
        0.8278554893538421
    ],
    "TicToc PDR": [
        0.24651936842900044,
        0.2529429692333372
    ],
    "Packets retransmitted per node AVG": [
        0.0,
        0.0
    ],
    "Counter of retransmission per packet AVG": [
        0.0,
        0.0
    ],
    "Intertime of retransmissions AVG": [
        0.0,
        0.0
    ],
    "Packets delivered": [
        0.41856310523618573,
        0.4266720948647517
    ],
    "Packets lost due to noise": [
        0.10337218795635968,
        0.10649705817035905
    ],
    "Packets collided": [
        0.0,
        0.0
    ],
    "Destinatary out of range": [
        0.0,
        0.0
    ],
    "Packets dropped": [
        0.0,
        0.0
    ],
    "Other causes of loss": [
        0.46827352192010535,
        0.4766220318522388
    ],
    "Queue MN Avg": [
        0.307468757961982,
        0.3074982418875662
    ],
    "Queue MN Var": [
        6.435141246015331e-08,
        7.156453739791929e-08
    ],
    "Queue BR Avg": [
        0.16026031576130112,
        0.16362844048048542
    ],
    "Queue BR Var": [
        0.010703346141637014,
        0.013073493817805756
    ],
    "Upstream Delay Avg": [
        0.6086510153697641,
        0.6096101123161287
    ],
    "Upstream Delay 95th Perc": [
        1.1553993582286344,
        1.156234837850223
    ],
    "Upstream Delay Var": [
        0.12279906947572339,
        0.12305165175688318
    ],
    "Downstream Delay Avg": [
        0.6149999999474988,
        0.6149999999584895
    ],
    "Downstream Delay 95th Perc": [
        0.6150000048758658,
        0.6150000050096015
    ],
    "Downstream Delay Var": [
        9.532004270112862e-18,
        9.992618819062644e-18
    ],
    "RTT Avg": [
        1285.8433789396386,
        1289.7025201250813
    ],
    "RTT 95th Perc": [
        2244.1472463474634,
        2255.211354730321
    ],
    "RTT Var": [
        388371.33191208675,
        392616.30395414314
    ]
}