{
    "Upstream PDR": [
        0.5991390493503195,
        0.6334071473101632
    ],
    "Downstream PDR": [
        0.8321366702894961,
        0.8475471777834367
    ],
    "TicToc PDR": [
        0.5006180645955027,
        0.5358138463506936
    ],
    "Packets retransmitted per node AVG": [
        0.0,
        0.0
    ],
    "Counter of retransmission per packet AVG": [
        0.0,
        0.0
    ],
    "Intertime of retransmissions AVG": [
        0.0,
        0.0
    ],
    "Packets delivered": [
        0.7109727567993861,
        0.7391191043006472
    ],
    "Packets lost due to noise": [
        0.1251227228186027,
        0.13685234814605796
    ],
    "Packets collided": [
        0.0,
        0.0
    ],
    "Destinatary out of range": [
        -1.9016764267400626e-06,
        6.754258104892182e-06
    ],
    "Packets dropped": [
        0.0,
        0.0
    ],
    "Other causes of loss": [
        0.13213351777342766,
        0.15579469758020034
    ],
    "Queue MN Avg": [
        35.74763690392763,
        35.77498176291287
    ],
    "Queue MN Var": [
        0.08091083372017618,
        0.0857022028451637
    ],
    "Queue BR Avg": [
        1.5998174992038718,
        1.7297619395169748
    ],
    "Queue BR Var": [
        0.5567278453425732,
        1.6712699561577185
    ],
    "Upstream Delay Avg": [
        71.48801173448267,
        71.54621908475725
    ],
    "Upstream Delay 95th Perc": [
        125.31497201058475,
        125.37698122847529
    ],
    "Upstream Delay Var": [
        1192.4038824775241,
        1193.7008259775087
    ],
    "Downstream Delay Avg": [
        1.0544309145311446,
        1.0984384974384747
    ],
    "Downstream Delay 95th Perc": [
        1.046352457976843,
        1.126564290531124
    ],
    "Downstream Delay Var": [
        -0.06837370624818025,
        0.21231741672563442
    ],
    "RTT Avg": [
        1290.0985766511062,
        1298.5933930410597
    ],
    "RTT 95th Perc": [
        2245.2771595795593,
        2262.7180556933645
    ],
    "RTT Var": [
        394309.7225079695,
        400225.453040445
    ]
}