{
    "Upstream PDR": [
        0.3313184603576698,
        0.33906205912284954
    ],
    "Downstream PDR": [
        0.8507404282436696,
        0.8580613547990524
    ],
    "TicToc PDR": [
        0.2822918680749115,
        0.2906418981588547
    ],
    "Packets retransmitted per node AVG": [
        0.0,
        0.0
    ],
    "Counter of retransmission per packet AVG": [
        0.0,
        0.0
    ],
    "Intertime of retransmissions AVG": [
        0.0,
        0.0
    ],
    "Packets delivered": [
        0.4608534573284277,
        0.47042881993470115
    ],
    "Packets lost due to noise": [
        0.0939664289045182,
        0.09762017859745231
    ],
    "Packets collided": [
        0.0,
        0.0
    ],
    "Destinatary out of range": [
        0.0,
        0.0
    ],
    "Packets dropped": [
        0.0,
        0.0
    ],
    "Other causes of loss": [
        0.433955499745185,
        0.4431756154897154
    ],
    "Queue MN Avg": [
        0.307468757961982,
        0.3074982418875662
    ],
    "Queue MN Var": [
        6.435141246015331e-08,
        7.156453739791929e-08
    ],
    "Queue BR Avg": [
        0.12348534284096375,
        0.12637321908981533
    ],
    "Queue BR Var": [
        0.007422402471874471,
        0.008601953772635776
    ],
    "Upstream Delay Avg": [
        0.6085640674163211,
        0.6094053626370166
    ],
    "Upstream Delay 95th Perc": [
        1.1557994946788843,
        1.156333960003287
    ],
    "Upstream Delay Var": [
        0.12294212956616465,
        0.12313165817201074
    ],
    "Downstream Delay Avg": [
        0.6149999999414931,
        0.6149999999532464
    ],
    "Downstream Delay 95th Perc": [
        0.6150000050653293,
        0.6150000052117506
    ],
    "Downstream Delay Var": [
        9.976240104098456e-18,
        1.0453377665542753e-17
    ],
    "RTT Avg": [
        1285.9671218688607,
        1288.5920682584708
    ],
    "RTT 95th Perc": [
        2234.008536241643,
        2245.1932148229
    ],
    "RTT Var": [
        386624.7808266928,
        390476.5989195574
    ]
}