{
    "Upstream PDR": [
        0.9608825665042582,
        0.9703849659632744
    ],
    "Downstream PDR": [
        0.8949849546974901,
        0.9189152037434111
    ],
    "TicToc PDR": [
        0.8611880106726809,
        0.8911184828338122
    ],
    "Packets retransmitted per node AVG": [
        0.0,
        0.0
    ],
    "Counter of retransmission per packet AVG": [
        0.0,
        0.0
    ],
    "Intertime of retransmissions AVG": [
        0.0,
        0.0
    ],
    "Packets delivered": [
        0.9289582609534136,
        0.9444371566952702
    ],
    "Packets lost due to noise": [
        0.048576354489873415,
        0.0614627473421435
    ],
    "Packets collided": [
        0.0,
        0.0
    ],
    "Destinatary out of range": [
        0.0,
        0.0
    ],
    "Packets dropped": [
        0.0,
        0.0
    ],
    "Other causes of loss": [
        0.006916343419680573,
        0.009649137099619034
    ],
    "Queue MN Avg": [
        0.08249031744846085,
        0.08250914683477818
    ],
    "Queue MN Var": [
        6.397549657804377e-09,
        8.083544207768267e-09
    ],
    "Queue BR Avg": [
        0.031709241350487444,
        0.032023266524529706
    ],
    "Queue BR Var": [
        0.0021298271161545586,
        0.002671270249382378
    ],
    "Upstream Delay Avg": [
        0.15909646394114602,
        0.15943360837128667
    ],
    "Upstream Delay 95th Perc": [
        0.3006476156074703,
        0.30107706016990116
    ],
    "Upstream Delay Var": [
        0.008263895710355903,
        0.008274363142525724
    ],
    "Downstream Delay Avg": [
        0.1650000000000004,
        0.16500000000000056
    ],
    "Downstream Delay 95th Perc": [
        0.165,
        0.165
    ],
    "Downstream Delay Var": [
        1.0362581699301214e-30,
        1.3637472218320861e-30
    ],
    "RTT Avg": [
        1299.5889896840772,
        1301.5210158434752
    ],
    "RTT 95th Perc": [
        2289.2119800670084,
        2290.721628151767
    ],
    "RTT Var": [
        402918.62558177166,
        404295.531855473
    ]
}