{
    "Upstream PDR": [
        0.6385604017668021,
        0.6740716328652323
    ],
    "Downstream PDR": [
        0.0,
        0.0
    ],
    "TicToc PDR": [
        0.0,
        0.0
    ],
    "Packets retransmitted per node AVG": [
        0.0,
        0.0
    ],
    "Counter of retransmission per packet AVG": [
        0.0,
        0.0
    ],
    "Intertime of retransmissions AVG": [
        0.0,
        0.0
    ],
    "Packets delivered": [
        0.6385343370778443,
        0.6740772053818976
    ],
    "Packets lost due to noise": [
        0.12781099133357413,
        0.14169322270242343
    ],
    "Packets collided": [
        0.0,
        0.0
    ],
    "Destinatary out of range": [
        0.0,
        0.0
    ],
    "Packets dropped": [
        0.0,
        0.0
    ],
    "Other causes of loss": [
        0.19264261093857388,
        0.22524163256568708
    ],
    "Queue MN Avg": [
        0.2924914590694572,
        0.29251236886960147
    ],
    "Queue MN Var": [
        5.99778166810182e-08,
        6.726865107056777e-08
    ],
    "Queue BR Avg": [
        0.0,
        0.0
    ],
    "Queue BR Var": [
        0.0,
        0.0
    ],
    "Upstream Delay Avg": [
        0.5784381654052481,
        0.5793194328066361
    ],
    "Upstream Delay 95th Perc": [
        1.0985203726255288,
        1.0989977917270992
    ],
    "Upstream Delay Var": [
        0.11114871732188962,
        0.11124442895348667
    ],
    "Downstream Delay Avg": [
        0.0,
        0.0
    ],
    "Downstream Delay 95th Perc": [
        0.0,
        0.0
    ],
    "Downstream Delay Var": [
        0.0,
        0.0
    ],
    "RTT Avg": [
        0.0,
        0.0
    ],
    "RTT 95th Perc": [
        0.0,
        0.0
    ],
    "RTT Var": [
        0.0,
        0.0
    ]
}