{
    "Upstream PDR": [
        0.9003916500638977,
        0.9040802114079639
    ],
    "Downstream PDR": [
        0.0,
        0.0
    ],
    "TicToc PDR": [
        0.0,
        0.0
    ],
    "Packets retransmitted per node AVG": [
        0.0,
        0.0
    ],
    "Counter of retransmission per packet AVG": [
        0.0,
        0.0
    ],
    "Intertime of retransmissions AVG": [
        0.0,
        0.0
    ],
    "Packets delivered": [
        0.9000881207286145,
        0.9038573930970782
    ],
    "Packets lost due to noise": [
        0.09121640689637811,
        0.0927073480540378
    ],
    "Packets collided": [
        0.0,
        0.0
    ],
    "Destinatary out of range": [
        0.0,
        0.0
    ],
    "Packets dropped": [
        0.0,
        0.0
    ],
    "Other causes of loss": [
        0.004286812686514504,
        0.007843918537376638
    ],
    "Queue MN Avg": [
        0.2924942918223643,
        0.29251929590131664
    ],
    "Queue MN Var": [
        5.871442192933171e-08,
        6.57739131202304e-08
    ],
    "Queue BR Avg": [
        0.0,
        0.0
    ],
    "Queue BR Var": [
        0.0,
        0.0
    ],
    "Upstream Delay Avg": [
        0.5788356555014924,
        0.5792709468927333
    ],
    "Upstream Delay 95th Perc": [
        1.0989399725036888,
        1.099228888060769
    ],
    "Upstream Delay Var": [
        0.11114294630592676,
        0.11123082077652714
    ],
    "Downstream Delay Avg": [
        0.0,
        0.0
    ],
    "Downstream Delay 95th Perc": [
        0.0,
        0.0
    ],
    "Downstream Delay Var": [
        0.0,
        0.0
    ],
    "RTT Avg": [
        0.0,
        0.0
    ],
    "RTT 95th Perc": [
        0.0,
        0.0
    ],
    "RTT Var": [
        0.0,
        0.0
    ]
}