{
    "Upstream PDR": [
        0.24893518754694732,
        0.2505695743578147
    ],
    "Downstream PDR": [
        0.0,
        0.0
    ],
    "TicToc PDR": [
        0.0,
        0.0
    ],
    "Packets retransmitted per node AVG": [
        0.0,
        0.0
    ],
    "Counter of retransmission per packet AVG": [
        0.0,
        0.0
    ],
    "Intertime of retransmissions AVG": [
        0.0,
        0.0
    ],
    "Packets delivered": [
        0.24893441808614936,
        0.25045158908517484
    ],
    "Packets lost due to noise": [
        0.4365429506786822,
        0.43909337208731325
    ],
    "Packets collided": [
        0.0,
        0.0
    ],
    "Destinatary out of range": [
        0.0,
        0.0
    ],
    "Packets dropped": [
        0.0,
        0.0
    ],
    "Other causes of loss": [
        0.311152982944796,
        0.3138246871178847
    ],
    "Queue MN Avg": [
        0.14999417595274295,
        0.1500095643238366
    ],
    "Queue MN Var": [
        1.3461201077743008e-08,
        1.5318178534225426e-08
    ],
    "Queue BR Avg": [
        0.0,
        0.0
    ],
    "Queue BR Var": [
        0.0,
        0.0
    ],
    "Upstream Delay Avg": [
        0.29366354037125947,
        0.29474892226159904
    ],
    "Upstream Delay 95th Perc": [
        0.5571647169229651,
        0.5580259618724065
    ],
    "Upstream Delay Var": [
        0.028450913242878368,
        0.028642319761287175
    ],
    "Downstream Delay Avg": [
        0.0,
        0.0
    ],
    "Downstream Delay 95th Perc": [
        0.0,
        0.0
    ],
    "Downstream Delay Var": [
        0.0,
        0.0
    ],
    "RTT Avg": [
        0.0,
        0.0
    ],
    "RTT 95th Perc": [
        0.0,
        0.0
    ],
    "RTT Var": [
        0.0,
        0.0
    ]
}{
    "Upstream PDR": [
        0.24893518754694732,
        0.2505695743578147
    ],
    "Downstream PDR": [
        0.0,
        0.0
    ],
    "TicToc PDR": [
        0.0,
        0.0
    ],
    "Packets retransmitted per node AVG": [
        0.0,
        0.0
    ],
    "Counter of retransmission per packet AVG": [
        0.0,
        0.0
    ],
    "Intertime of retransmissions AVG": [
        0.0,
        0.0
    ],
    "Packets delivered": [
        0.24893441808614936,
        0.25045158908517484
    ],
    "Packets lost due to noise": [
        0.4365429506786822,
        0.43909337208731325
    ],
    "Packets collided": [
        0.0,
        0.0
    ],
    "Destinatary out of range": [
        0.0,
        0.0
    ],
    "Packets dropped": [
        0.0,
        0.0
    ],
    "Other causes of loss": [
        0.311152982944796,
        0.3138246871178847
    ],
    "Queue MN Avg": [
        0.14999417595274295,
        0.1500095643238366
    ],
    "Queue MN Var": [
        1.3461201077743008e-08,
        1.5318178534225426e-08
    ],
    "Queue BR Avg": [
        0.0,
        0.0
    ],
    "Queue BR Var": [
        0.0,
        0.0
    ],
    "Upstream Delay Avg": [
        0.29366354037125947,
        0.29474892226159904
    ],
    "Upstream Delay 95th Perc": [
        0.5571647169229651,
        0.5580259618724065
    ],
    "Upstream Delay Var": [
        0.028450913242878368,
        0.028642319761287175
    ],
    "Downstream Delay Avg": [
        0.0,
        0.0
    ],
    "Downstream Delay 95th Perc": [
        0.0,
        0.0
    ],
    "Downstream Delay Var": [
        0.0,
        0.0
    ],
    "RTT Avg": [
        0.0,
        0.0
    ],
    "RTT 95th Perc": [
        0.0,
        0.0
    ],
    "RTT Var": [
        0.0,
        0.0
    ]
}{
    "Upstream PDR": [
        0.24893518754694732,
        0.2505695743578147
    ],
    "Downstream PDR": [
        0.0,
        0.0
    ],
    "TicToc PDR": [
        0.0,
        0.0
    ],
    "Packets retransmitted per node AVG": [
        0.0,
        0.0
    ],
    "Counter of retransmission per packet AVG": [
        0.0,
        0.0
    ],
    "Intertime of retransmissions AVG": [
        0.0,
        0.0
    ],
    "Packets delivered": [
        0.24893441808614936,
        0.25045158908517484
    ],
    "Packets lost due to noise": [
        0.4365429506786822,
        0.43909337208731325
    ],
    "Packets collided": [
        0.0,
        0.0
    ],
    "Destinatary out of range": [
        0.0,
        0.0
    ],
    "Packets dropped": [
        0.0,
        0.0
    ],
    "Other causes of loss": [
        0.311152982944796,
        0.3138246871178847
    ],
    "Queue MN Avg": [
        0.14999417595274295,
        0.1500095643238366
    ],
    "Queue MN Var": [
        1.3461201077743008e-08,
        1.5318178534225426e-08
    ],
    "Queue BR Avg": [
        0.0,
        0.0
    ],
    "Queue BR Var": [
        0.0,
        0.0
    ],
    "Upstream Delay Avg": [
        0.29366354037125947,
        0.29474892226159904
    ],
    "Upstream Delay 95th Perc": [
        0.5571647169229651,
        0.5580259618724065
    ],
    "Upstream Delay Var": [
        0.028450913242878368,
        0.028642319761287175
    ],
    "Downstream Delay Avg": [
        0.0,
        0.0
    ],
    "Downstream Delay 95th Perc": [
        0.0,
        0.0
    ],
    "Downstream Delay Var": [
        0.0,
        0.0
    ],
    "RTT Avg": [
        0.0,
        0.0
    ],
    "RTT 95th Perc": [
        0.0,
        0.0
    ],
    "RTT Var": [
        0.0,
        0.0
    ]
}