{
    "Upstream PDR": [
        0.1837883727846499,
        0.1846312520349749
    ],
    "Downstream PDR": [
        0.2498769251408993,
        0.25204846614909626
    ],
    "TicToc PDR": [
        0.04603223899613528,
        0.046424903861007595
    ],
    "Packets retransmitted per node AVG": [
        0.0,
        0.0
    ],
    "Counter of retransmission per packet AVG": [
        0.0,
        0.0
    ],
    "Intertime of retransmissions AVG": [
        0.0,
        0.0
    ],
    "Packets delivered": [
        0.24961816732302414,
        0.25058612809630554
    ],
    "Packets lost due to noise": [
        0.43703896792163976,
        0.4381129072702491
    ],
    "Packets collided": [
        0.0,
        0.0
    ],
    "Destinatary out of range": [
        0.0,
        0.0
    ],
    "Packets dropped": [
        0.0,
        0.0
    ],
    "Other causes of loss": [
        0.31158338938510954,
        0.31306044000367184
    ],
    "Queue MN Avg": [
        171.31934998562045,
        171.3394751865092
    ],
    "Queue MN Var": [
        0.08198820606841997,
        0.0864155231796882
    ],
    "Queue BR Avg": [
        11.286111167174676,
        11.337989461851558
    ],
    "Queue BR Var": [
        0.0,
        0.0
    ],
    "Upstream Delay Avg": [
        342.5052720690477,
        343.2705368737795
    ],
    "Upstream Delay 95th Perc": [
        603.2716992078917,
        603.8830219233109
    ],
    "Upstream Delay Var": [
        27910.2406734704,
        28022.740849475438
    ],
    "Downstream Delay Avg": [
        1.3649999999999969,
        1.3649999999999973
    ],
    "Downstream Delay 95th Perc": [
        1.3649999999999969,
        1.3649999999999973
    ],
    "Downstream Delay Var": [
        2.1284294611183455e-31,
        2.29749860062467e-31
    ],
    "RTT Avg": [
        1297.2785525901252,
        1303.3093435656972
    ],
    "RTT 95th Perc": [
        2266.676484458722,
        2272.42748589184
    ],
    "RTT Var": [
        402012.5876557062,
        405440.060129076
    ]
}{
    "Upstream PDR": [
        0.1837883727846499,
        0.1846312520349749
    ],
    "Downstream PDR": [
        0.2498769251408993,
        0.25204846614909626
    ],
    "TicToc PDR": [
        0.04603223899613528,
        0.046424903861007595
    ],
    "Packets retransmitted per node AVG": [
        0.0,
        0.0
    ],
    "Counter of retransmission per packet AVG": [
        0.0,
        0.0
    ],
    "Intertime of retransmissions AVG": [
        0.0,
        0.0
    ],
    "Packets delivered": [
        0.24961816732302414,
        0.25058612809630554
    ],
    "Packets lost due to noise": [
        0.43703896792163976,
        0.4381129072702491
    ],
    "Packets collided": [
        0.0,
        0.0
    ],
    "Destinatary out of range": [
        0.0,
        0.0
    ],
    "Packets dropped": [
        0.0,
        0.0
    ],
    "Other causes of loss": [
        0.31158338938510954,
        0.31306044000367184
    ],
    "Queue MN Avg": [
        171.31934998562045,
        171.3394751865092
    ],
    "Queue MN Var": [
        0.08198820606841997,
        0.0864155231796882
    ],
    "Queue BR Avg": [
        11.286111167174676,
        11.337989461851558
    ],
    "Queue BR Var": [
        0.0,
        0.0
    ],
    "Upstream Delay Avg": [
        342.5052720690477,
        343.2705368737795
    ],
    "Upstream Delay 95th Perc": [
        603.2716992078917,
        603.8830219233109
    ],
    "Upstream Delay Var": [
        27910.2406734704,
        28022.740849475438
    ],
    "Downstream Delay Avg": [
        1.3649999999999969,
        1.3649999999999973
    ],
    "Downstream Delay 95th Perc": [
        1.3649999999999969,
        1.3649999999999973
    ],
    "Downstream Delay Var": [
        2.1284294611183455e-31,
        2.29749860062467e-31
    ],
    "RTT Avg": [
        1297.2785525901252,
        1303.3093435656972
    ],
    "RTT 95th Perc": [
        2266.676484458722,
        2272.42748589184
    ],
    "RTT Var": [
        402012.5876557062,
        405440.060129076
    ]
}{
    "Upstream PDR": [
        0.1837883727846499,
        0.1846312520349749
    ],
    "Downstream PDR": [
        0.2498769251408993,
        0.25204846614909626
    ],
    "TicToc PDR": [
        0.04603223899613528,
        0.046424903861007595
    ],
    "Packets retransmitted per node AVG": [
        0.0,
        0.0
    ],
    "Counter of retransmission per packet AVG": [
        0.0,
        0.0
    ],
    "Intertime of retransmissions AVG": [
        0.0,
        0.0
    ],
    "Packets delivered": [
        0.24961816732302414,
        0.25058612809630554
    ],
    "Packets lost due to noise": [
        0.43703896792163976,
        0.4381129072702491
    ],
    "Packets collided": [
        0.0,
        0.0
    ],
    "Destinatary out of range": [
        0.0,
        0.0
    ],
    "Packets dropped": [
        0.0,
        0.0
    ],
    "Other causes of loss": [
        0.31158338938510954,
        0.31306044000367184
    ],
    "Queue MN Avg": [
        171.31934998562045,
        171.3394751865092
    ],
    "Queue MN Var": [
        0.08198820606841997,
        0.0864155231796882
    ],
    "Queue BR Avg": [
        11.286111167174676,
        11.337989461851558
    ],
    "Queue BR Var": [
        0.0,
        0.0
    ],
    "Upstream Delay Avg": [
        342.5052720690477,
        343.2705368737795
    ],
    "Upstream Delay 95th Perc": [
        603.2716992078917,
        603.8830219233109
    ],
    "Upstream Delay Var": [
        27910.2406734704,
        28022.740849475438
    ],
    "Downstream Delay Avg": [
        1.3649999999999969,
        1.3649999999999973
    ],
    "Downstream Delay 95th Perc": [
        1.3649999999999969,
        1.3649999999999973
    ],
    "Downstream Delay Var": [
        2.1284294611183455e-31,
        2.29749860062467e-31
    ],
    "RTT Avg": [
        1297.2785525901252,
        1303.3093435656972
    ],
    "RTT 95th Perc": [
        2266.676484458722,
        2272.42748589184
    ],
    "RTT Var": [
        402012.5876557062,
        405440.060129076
    ]
}