{
    "Upstream PDR": [
        0.6264918035867981,
        0.7090043003093058
    ],
    "Downstream PDR": [
        0.8103688397552417,
        0.858118652553305
    ],
    "TicToc PDR": [
        0.5173075829561872,
        0.6061105988619947
    ],
    "Packets retransmitted per node AVG": [
        0.0,
        0.0
    ],
    "Counter of retransmission per packet AVG": [
        0.0,
        0.0
    ],
    "Intertime of retransmissions AVG": [
        0.0,
        0.0
    ],
    "Packets delivered": [
        0.6970150871777413,
        0.763012178129513
    ],
    "Packets lost due to noise": [
        0.10365853918561692,
        0.13239183141803149
    ],
    "Packets collided": [
        0.0,
        0.0
    ],
    "Destinatary out of range": [
        0.0,
        0.0
    ],
    "Packets dropped": [
        0.0,
        0.0
    ],
    "Other causes of loss": [
        0.12686748443816692,
        0.17705487965093036
    ],
    "Queue MN Avg": [
        0.08249031744846085,
        0.08250914683477818
    ],
    "Queue MN Var": [
        6.397549657804377e-09,
        8.083544207768267e-09
    ],
    "Queue BR Avg": [
        0.03691878005269353,
        0.04178145708194145
    ],
    "Queue BR Var": [
        0.002338336148387636,
        0.003259238647313227
    ],
    "Upstream Delay Avg": [
        0.1590967701363215,
        0.15942440112087453
    ],
    "Upstream Delay 95th Perc": [
        0.300513273517862,
        0.3009922245952808
    ],
    "Upstream Delay Var": [
        0.008259003612287033,
        0.008275706854417244
    ],
    "Downstream Delay Avg": [
        0.1650000000000003,
        0.1650000000000006
    ],
    "Downstream Delay 95th Perc": [
        0.165,
        0.165
    ],
    "Downstream Delay Var": [
        9.345770001045706e-31,
        1.4660534744472045e-30
    ],
    "RTT Avg": [
        1293.8292918415532,
        1320.0854201966808
    ],
    "RTT 95th Perc": [
        2257.3940663910175,
        2290.697405148076
    ],
    "RTT Var": [
        388959.14160760125,
        402369.2826932463
    ]
}