{
    "Upstream PDR": [
        0.08591861422931256,
        0.09189004377934547
    ],
    "Downstream PDR": [
        0.0,
        0.0
    ],
    "TicToc PDR": [
        0.0,
        0.0
    ],
    "Packets retransmitted per node AVG": [
        0.0,
        0.0
    ],
    "Counter of retransmission per packet AVG": [
        0.0,
        0.0
    ],
    "Intertime of retransmissions AVG": [
        0.0,
        0.0
    ],
    "Packets delivered": [
        0.09875479609139623,
        0.10465930022178185
    ],
    "Packets lost due to noise": [
        0.059375734918451446,
        0.06248844491970002
    ],
    "Packets collided": [
        0.0,
        0.0
    ],
    "Destinatary out of range": [
        -7.822360441328496e-07,
        2.411955610138529e-06
    ],
    "Packets dropped": [
        0.0,
        0.0
    ],
    "Other causes of loss": [
        0.8330315372435698,
        0.8416885568855345
    ],
    "Queue MN Avg": [
        0.2924942918223643,
        0.29251929590131664
    ],
    "Queue MN Var": [
        5.871442192933171e-08,
        6.57739131202304e-08
    ],
    "Queue BR Avg": [
        0.0,
        0.0
    ],
    "Queue BR Var": [
        0.0,
        0.0
    ],
    "Upstream Delay Avg": [
        0.5784724223708916,
        0.5799047508522416
    ],
    "Upstream Delay 95th Perc": [
        1.0984398521232934,
        1.0994522382045349
    ],
    "Upstream Delay Var": [
        0.11099481396411871,
        0.11142173061534598
    ],
    "Downstream Delay Avg": [
        0.0,
        0.0
    ],
    "Downstream Delay 95th Perc": [
        0.0,
        0.0
    ],
    "Downstream Delay Var": [
        0.0,
        0.0
    ],
    "RTT Avg": [
        0.0,
        0.0
    ],
    "RTT 95th Perc": [
        0.0,
        0.0
    ],
    "RTT Var": [
        0.0,
        0.0
    ]
}