{
    "Upstream PDR": [
        0.09706782758820327,
        0.10544645812608246
    ],
    "Downstream PDR": [
        0.7358682705218098,
        0.7463379013318039
    ],
    "TicToc PDR": [
        0.07177275113164104,
        0.0784679415090516
    ],
    "Packets retransmitted per node AVG": [
        0.0,
        0.0
    ],
    "Counter of retransmission per packet AVG": [
        0.0,
        0.0
    ],
    "Intertime of retransmissions AVG": [
        0.0,
        0.0
    ],
    "Packets delivered": [
        0.175811382472071,
        0.18702056742355183
    ],
    "Packets lost due to noise": [
        0.07570300701763519,
        0.07958190420342018
    ],
    "Packets collided": [
        0.0,
        0.0
    ],
    "Destinatary out of range": [
        0.0,
        0.0
    ],
    "Packets dropped": [
        0.0,
        0.0
    ],
    "Other causes of loss": [
        0.7338844850714089,
        0.7479986538119131
    ],
    "Queue MN Avg": [
        0.2325007544959271,
        0.23252312548243687
    ],
    "Queue MN Var": [
        3.03585904732285e-08,
        3.439627089144688e-08
    ],
    "Queue BR Avg": [
        0.029429052004198757,
        0.03196919997542664
    ],
    "Queue BR Var": [
        0.0009066672685192373,
        0.0011809003707749517
    ],
    "Upstream Delay Avg": [
        0.4586363041365517,
        0.4600710787816206
    ],
    "Upstream Delay 95th Perc": [
        0.8698205976058884,
        0.8707362618098826
    ],
    "Upstream Delay Var": [
        0.06966255812790142,
        0.06993806654208512
    ],
    "Downstream Delay Avg": [
        0.4649999999770132,
        0.4650000000154893
    ],
    "Downstream Delay 95th Perc": [
        0.46500000278019193,
        0.46500000289279075
    ],
    "Downstream Delay Var": [
        3.7399788146589796e-18,
        3.962254725389386e-18
    ],
    "RTT Avg": [
        1300.8301174722842,
        1343.5766256991142
    ],
    "RTT 95th Perc": [
        1842.736293102893,
        1893.0676153197337
    ],
    "RTT Var": [
        225074.8717127971,
        246555.97862200148
    ]
}