{
    "Upstream PDR": [
        0.0910647574380791,
        0.09613732048399876
    ],
    "Downstream PDR": [
        0.0,
        0.0
    ],
    "TicToc PDR": [
        0.0,
        0.0
    ],
    "Packets retransmitted per node AVG": [
        0.0,
        0.0
    ],
    "Counter of retransmission per packet AVG": [
        0.0,
        0.0
    ],
    "Intertime of retransmissions AVG": [
        0.0,
        0.0
    ],
    "Packets delivered": [
        0.10517122215566925,
        0.11035793421547209
    ],
    "Packets lost due to noise": [
        0.06152363611424607,
        0.0641441809257179
    ],
    "Packets collided": [
        0.0,
        0.0
    ],
    "Destinatary out of range": [
        -5.162168989130486e-06,
        1.5917091199267e-05
    ],
    "Packets dropped": [
        0.0,
        0.0
    ],
    "Other causes of loss": [
        0.825803711406036,
        0.8329885602606483
    ],
    "Queue MN Avg": [
        0.24731796621002733,
        0.24765947329747495
    ],
    "Queue MN Var": [
        1.2518744800448208e-05,
        1.3594991540502474e-05
    ],
    "Queue BR Avg": [
        0.0,
        0.0
    ],
    "Queue BR Var": [
        0.0,
        0.0
    ],
    "Upstream Delay Avg": [
        0.4883081130198845,
        0.49016831841707487
    ],
    "Upstream Delay 95th Perc": [
        0.927259630770021,
        0.928869807804093
    ],
    "Upstream Delay Var": [
        0.07885219380001063,
        0.07932793401664043
    ],
    "Downstream Delay Avg": [
        0.0,
        0.0
    ],
    "Downstream Delay 95th Perc": [
        0.0,
        0.0
    ],
    "Downstream Delay Var": [
        0.0,
        0.0
    ],
    "RTT Avg": [
        0.0,
        0.0
    ],
    "RTT 95th Perc": [
        0.0,
        0.0
    ],
    "RTT Var": [
        0.0,
        0.0
    ]
}