{
    "Upstream PDR": [
        0.22795701929919016,
        0.23683345689128593
    ],
    "Downstream PDR": [
        0.7883172702801251,
        0.7975449365869838
    ],
    "TicToc PDR": [
        0.18012967692403736,
        0.18864694645258606
    ],
    "Packets retransmitted per node AVG": [
        0.0,
        0.0
    ],
    "Counter of retransmission per packet AVG": [
        0.0,
        0.0
    ],
    "Intertime of retransmissions AVG": [
        0.0,
        0.0
    ],
    "Packets delivered": [
        0.32568613601642493,
        0.3371377064110791
    ],
    "Packets lost due to noise": [
        0.1048532391391947,
        0.10832181886919859
    ],
    "Packets collided": [
        -3.141899912625311e-06,
        1.4434675381621574e-05
    ],
    "Destinatary out of range": [
        -5.003846009681438e-06,
        6.744966431484463e-05
    ],
    "Packets dropped": [
        0.0,
        0.0
    ],
    "Other causes of loss": [
        0.5560241097053623,
        0.5679032512649663
    ],
    "Queue MN Avg": [
        0.457486732308837,
        0.4575112254733667
    ],
    "Queue MN Var": [
        1.1632832614874252e-07,
        1.3032010579829356e-07
    ],
    "Queue BR Avg": [
        0.4469202212687676,
        0.46433044211542907
    ],
    "Queue BR Var": [
        0.06011421586210427,
        0.07737188416297794
    ],
    "Upstream Delay Avg": [
        0.9090447513553545,
        0.9106281816418321
    ],
    "Upstream Delay 95th Perc": [
        1.7252667360783736,
        1.7265733945567125
    ],
    "Upstream Delay Var": [
        0.27432058142628796,
        0.2747923520246682
    ],
    "Downstream Delay Avg": [
        0.9149655196000767,
        0.91510631701067
    ],
    "Downstream Delay 95th Perc": [
        0.9150000053530438,
        0.9150000055863958
    ],
    "Downstream Delay Var": [
        -6.077657014174527e-05,
        0.00018739917499061598
    ],
    "RTT Avg": [
        1293.9207740814745,
        1300.74047298393
    ],
    "RTT 95th Perc": [
        2265.0091909463317,
        2279.6596415414597
    ],
    "RTT Var": [
        393726.17776418844,
        399865.00151429285
    ]
}