{
    "Upstream PDR": [
        0.08332625622065391,
        0.08865370667359466
    ],
    "Downstream PDR": [
        0.0,
        0.0
    ],
    "TicToc PDR": [
        0.0,
        0.0
    ],
    "Packets retransmitted per node AVG": [
        0.0,
        0.0
    ],
    "Counter of retransmission per packet AVG": [
        0.0,
        0.0
    ],
    "Intertime of retransmissions AVG": [
        0.0,
        0.0
    ],
    "Packets delivered": [
        0.09520593905013293,
        0.10041024976978148
    ],
    "Packets lost due to noise": [
        0.058645814876166866,
        0.06128047007125523
    ],
    "Packets collided": [
        -6.299272640054179e-07,
        5.5192197160156985e-06
    ],
    "Destinatary out of range": [
        -2.6983704259526665e-06,
        2.8541789241371744e-05
    ],
    "Packets dropped": [
        0.0,
        0.0
    ],
    "Other causes of loss": [
        0.8384183480747022,
        0.8460084454466935
    ],
    "Queue MN Avg": [
        0.3374960169857055,
        0.3376639814219464
    ],
    "Queue MN Var": [
        5.694336625388025e-06,
        6.095223658307963e-06
    ],
    "Queue BR Avg": [
        0.0,
        0.0
    ],
    "Queue BR Var": [
        0.0,
        0.0
    ],
    "Upstream Delay Avg": [
        0.663441195756477,
        0.6718645714039522
    ],
    "Upstream Delay 95th Perc": [
        1.2664488329237114,
        1.2715930238420592
    ],
    "Upstream Delay Var": [
        0.14789283347282559,
        0.14909004890337849
    ],
    "Downstream Delay Avg": [
        0.0,
        0.0
    ],
    "Downstream Delay 95th Perc": [
        0.0,
        0.0
    ],
    "Downstream Delay Var": [
        0.0,
        0.0
    ],
    "RTT Avg": [
        0.0,
        0.0
    ],
    "RTT 95th Perc": [
        0.0,
        0.0
    ],
    "RTT Var": [
        0.0,
        0.0
    ]
}