{
    "Upstream PDR": [
        0.09028438253656029,
        0.09624678629460859
    ],
    "Downstream PDR": [
        0.7384515161980427,
        0.7474193025994491
    ],
    "TicToc PDR": [
        0.06691041678248937,
        0.07178179100971845
    ],
    "Packets retransmitted per node AVG": [
        0.0,
        0.0
    ],
    "Counter of retransmission per packet AVG": [
        0.0,
        0.0
    ],
    "Intertime of retransmissions AVG": [
        0.0,
        0.0
    ],
    "Packets delivered": [
        0.16357739151050651,
        0.1723130865718208
    ],
    "Packets lost due to noise": [
        0.07082623196267795,
        0.0742305496958274
    ],
    "Packets collided": [
        0.0,
        0.0
    ],
    "Destinatary out of range": [
        0.0,
        0.0
    ],
    "Packets dropped": [
        0.0,
        0.0
    ],
    "Other causes of loss": [
        0.7537906234004327,
        0.7652621168587347
    ],
    "Queue MN Avg": [
        0.3074605596797906,
        0.30749451803764394
    ],
    "Queue MN Var": [
        6.253831656782695e-08,
        7.078179641402866e-08
    ],
    "Queue BR Avg": [
        0.04828484490003803,
        0.051472689288615835
    ],
    "Queue BR Var": [
        0.0023035713580375618,
        0.0028453939161320343
    ],
    "Upstream Delay Avg": [
        0.6088164383435418,
        0.6108525904092851
    ],
    "Upstream Delay 95th Perc": [
        1.1546889982495312,
        1.1562493052796121
    ],
    "Upstream Delay Var": [
        0.12242574065364785,
        0.12304123184133793
    ],
    "Downstream Delay Avg": [
        0.6149999999714986,
        0.6150000000169651
    ],
    "Downstream Delay 95th Perc": [
        0.6150000038791772,
        0.6150000040359251
    ],
    "Downstream Delay Var": [
        6.8279022010265934e-18,
        7.594474117073358e-18
    ],
    "RTT Avg": [
        1298.975387397514,
        1347.9130688285707
    ],
    "RTT 95th Perc": [
        1815.2804524410874,
        1877.097653399591
    ],
    "RTT Var": [
        209616.98702635593,
        231792.07852975058
    ]
}