{
    "Upstream PDR": [
        0.1520182106185589,
        0.1635765945762463
    ],
    "Downstream PDR": [
        0.7378639129999123,
        0.7520153668193625
    ],
    "TicToc PDR": [
        0.11298687280350098,
        0.12228065966403151
    ],
    "Packets retransmitted per node AVG": [
        0.0,
        0.0
    ],
    "Counter of retransmission per packet AVG": [
        0.0,
        0.0
    ],
    "Intertime of retransmissions AVG": [
        0.0,
        0.0
    ],
    "Packets delivered": [
        0.25314045105753574,
        0.26857986453978483
    ],
    "Packets lost due to noise": [
        0.10656541817906809,
        0.11261386830719805
    ],
    "Packets collided": [
        0.0,
        0.0
    ],
    "Destinatary out of range": [
        0.0,
        0.0
    ],
    "Packets dropped": [
        0.0,
        0.0
    ],
    "Other causes of loss": [
        0.6199842401212456,
        0.6391161577951681
    ],
    "Queue MN Avg": [
        0.08249282620784931,
        0.08251178095590925
    ],
    "Queue MN Var": [
        6.183908284815014e-09,
        8.218731502728066e-09
    ],
    "Queue BR Avg": [
        0.008957815595870076,
        0.009639124223244554
    ],
    "Queue BR Var": [
        7.352725273020962e-05,
        9.632537936943971e-05
    ],
    "Upstream Delay Avg": [
        0.15902758650575355,
        0.1598297763158868
    ],
    "Upstream Delay 95th Perc": [
        0.300540794458217,
        0.30121148540572595
    ],
    "Upstream Delay Var": [
        0.00822699114324679,
        0.00828760486858242
    ],
    "Downstream Delay Avg": [
        0.16499999998686915,
        0.1650000000100429
    ],
    "Downstream Delay 95th Perc": [
        0.16500000173209994,
        0.1650000020012627
    ],
    "Downstream Delay Var": [
        1.2472859587605482e-18,
        1.4668483220890792e-18
    ],
    "RTT Avg": [
        1258.711178353513,
        1323.2973020812835
    ],
    "RTT 95th Perc": [
        1960.8990129159818,
        2023.2634620172232
    ],
    "RTT Var": [
        283814.59173212457,
        321574.5599049394
    ]
}