{
    "Upstream PDR": [
        0.9229101728815235,
        0.9319404764691258
    ],
    "Downstream PDR": [
        0.0,
        0.0
    ],
    "TicToc PDR": [
        0.0,
        0.0
    ],
    "Packets retransmitted per node AVG": [
        0.0,
        0.0
    ],
    "Counter of retransmission per packet AVG": [
        0.0,
        0.0
    ],
    "Intertime of retransmissions AVG": [
        0.0,
        0.0
    ],
    "Packets delivered": [
        0.9228916766531677,
        0.9319229928324989
    ],
    "Packets lost due to noise": [
        0.06283644062662318,
        0.07091870511426902
    ],
    "Packets collided": [
        0.0,
        0.0
    ],
    "Destinatary out of range": [
        0.0,
        0.0
    ],
    "Packets dropped": [
        0.0,
        0.0
    ],
    "Other causes of loss": [
        0.004204473048591239,
        0.007225711724849442
    ],
    "Queue MN Avg": [
        0.19499211542743475,
        0.19501278394523516
    ],
    "Queue MN Var": [
        2.8331954653609847e-08,
        3.27211801800587e-08
    ],
    "Queue BR Avg": [
        0.0,
        0.0
    ],
    "Queue BR Var": [
        0.0,
        0.0
    ],
    "Upstream Delay Avg": [
        0.38372834603763667,
        0.3843483911941347
    ],
    "Upstream Delay 95th Perc": [
        0.728314513384719,
        0.7285621306824238
    ],
    "Upstream Delay Var": [
        0.048751510467770647,
        0.04878178564384237
    ],
    "Downstream Delay Avg": [
        0.0,
        0.0
    ],
    "Downstream Delay 95th Perc": [
        0.0,
        0.0
    ],
    "Downstream Delay Var": [
        0.0,
        0.0
    ],
    "RTT Avg": [
        0.0,
        0.0
    ],
    "RTT 95th Perc": [
        0.0,
        0.0
    ],
    "RTT Var": [
        0.0,
        0.0
    ]
}