{
    "Upstream PDR": [
        0.06368015723473058,
        0.06669841419384084
    ],
    "Downstream PDR": [
        0.7294635793290642,
        0.7354758188756243
    ],
    "TicToc PDR": [
        0.04658234399680902,
        0.048937136522671495
    ],
    "Packets retransmitted per node AVG": [
        0.0,
        0.0
    ],
    "Counter of retransmission per packet AVG": [
        0.0,
        0.0
    ],
    "Intertime of retransmissions AVG": [
        0.0,
        0.0
    ],
    "Packets delivered": [
        0.1396312796949692,
        0.14503660155703707
    ],
    "Packets lost due to noise": [
        0.06525000441859273,
        0.06748793526642148
    ],
    "Packets collided": [
        -9.780530761840779e-07,
        3.0157400976460166e-06
    ],
    "Destinatary out of range": [
        -1.5322831526883902e-05,
        4.7246594863120935e-05
    ],
    "Packets dropped": [
        0.0,
        0.0
    ],
    "Other causes of loss": [
        0.7876219284250398,
        0.7949382891875821
    ],
    "Queue MN Avg": [
        111.92796998031179,
        111.9510884196525
    ],
    "Queue MN Var": [
        0.08279800604365954,
        0.08817166812484924
    ],
    "Queue BR Avg": [
        0.13453810758791704,
        0.1409186046798899
    ],
    "Queue BR Var": [
        0.014877431995590638,
        0.017748290550160733
    ],
    "Upstream Delay Avg": [
        224.15700486338048,
        228.17115744018682
    ],
    "Upstream Delay 95th Perc": [
        392.164383415698,
        395.7155435342237
    ],
    "Upstream Delay Var": [
        11491.852405004087,
        11914.485650166986
    ],
    "Downstream Delay Avg": [
        1.2149999999460104,
        1.2150000000196084
    ],
    "Downstream Delay 95th Perc": [
        1.215000007113008,
        1.2150000074885396
    ],
    "Downstream Delay Var": [
        2.5239670923929135e-17,
        3.044138460661289e-17
    ],
    "RTT Avg": [
        1308.4410516668427,
        1337.9477320039086
    ],
    "RTT 95th Perc": [
        1806.3926770561843,
        1841.723258987413
    ],
    "RTT Var": [
        204896.94561069767,
        220920.55064528552
    ]
}