{
    "Upstream PDR": [
        0.8925642182662428,
        0.8988098077077826
    ],
    "Downstream PDR": [
        0.0,
        0.0
    ],
    "TicToc PDR": [
        0.0,
        0.0
    ],
    "Packets retransmitted per node AVG": [
        0.0,
        0.0
    ],
    "Counter of retransmission per packet AVG": [
        0.0,
        0.0
    ],
    "Intertime of retransmissions AVG": [
        0.0,
        0.0
    ],
    "Packets delivered": [
        0.8921150280269241,
        0.898222069815191
    ],
    "Packets lost due to noise": [
        0.09373316184732781,
        0.09922594837806424
    ],
    "Packets collided": [
        0.0,
        0.0
    ],
    "Destinatary out of range": [
        0.0,
        0.0
    ],
    "Packets dropped": [
        0.0,
        0.0
    ],
    "Other causes of loss": [
        0.0065725619682075525,
        0.010131229964285428
    ],
    "Queue MN Avg": [
        0.2925007867106228,
        0.2925213400129107
    ],
    "Queue MN Var": [
        6.168369687908759e-08,
        6.640387320996038e-08
    ],
    "Queue BR Avg": [
        0.0,
        0.0
    ],
    "Queue BR Var": [
        0.0,
        0.0
    ],
    "Upstream Delay Avg": [
        0.5789419742658587,
        0.5792759117356886
    ],
    "Upstream Delay 95th Perc": [
        1.0987443876875187,
        1.09905884421951
    ],
    "Upstream Delay Var": [
        0.11111587060886872,
        0.11118391638478815
    ],
    "Downstream Delay Avg": [
        0.0,
        0.0
    ],
    "Downstream Delay 95th Perc": [
        0.0,
        0.0
    ],
    "Downstream Delay Var": [
        0.0,
        0.0
    ],
    "RTT Avg": [
        0.0,
        0.0
    ],
    "RTT 95th Perc": [
        0.0,
        0.0
    ],
    "RTT Var": [
        0.0,
        0.0
    ]
}