{
    "Upstream PDR": [
        0.9930898234106704,
        0.9968937263728794
    ],
    "Downstream PDR": [
        0.0,
        0.0
    ],
    "TicToc PDR": [
        0.0,
        0.0
    ],
    "Packets retransmitted per node AVG": [
        0.0,
        0.0
    ],
    "Counter of retransmission per packet AVG": [
        0.0,
        0.0
    ],
    "Intertime of retransmissions AVG": [
        0.0,
        0.0
    ],
    "Packets delivered": [
        0.9929663957156296,
        0.9967958380262669
    ],
    "Packets lost due to noise": [
        0.0026424240973483074,
        0.0036979648288517518
    ],
    "Packets collided": [
        0.0,
        0.0
    ],
    "Destinatary out of range": [
        0.0,
        0.0
    ],
    "Packets dropped": [
        0.0,
        0.0
    ],
    "Other causes of loss": [
        0.00015680706795100086,
        0.00374057026395207
    ],
    "Queue MN Avg": [
        0.2924914590694572,
        0.29251236886960147
    ],
    "Queue MN Var": [
        5.99778166810182e-08,
        6.726865107056777e-08
    ],
    "Queue BR Avg": [
        0.0,
        0.0
    ],
    "Queue BR Var": [
        0.0,
        0.0
    ],
    "Upstream Delay Avg": [
        0.5786442516787739,
        0.5793708919441215
    ],
    "Upstream Delay 95th Perc": [
        1.0988372443981906,
        1.099117960451924
    ],
    "Upstream Delay Var": [
        0.11115651140554453,
        0.11117243128398285
    ],
    "Downstream Delay Avg": [
        0.0,
        0.0
    ],
    "Downstream Delay 95th Perc": [
        0.0,
        0.0
    ],
    "Downstream Delay Var": [
        0.0,
        0.0
    ],
    "RTT Avg": [
        0.0,
        0.0
    ],
    "RTT 95th Perc": [
        0.0,
        0.0
    ],
    "RTT Var": [
        0.0,
        0.0
    ]
}