{
    "Upstream PDR": [
        0.6599218152486945,
        0.6618651977383183
    ],
    "Downstream PDR": [
        0.9732212281604146,
        0.973738520658387
    ],
    "TicToc PDR": [
        0.6424887016884955,
        0.6442422074024137
    ],
    "Packets retransmitted per node AVG": [
        0.0,
        0.0
    ],
    "Counter of retransmission per packet AVG": [
        0.0,
        0.0
    ],
    "Intertime of retransmissions AVG": [
        0.0,
        0.0
    ],
    "Packets delivered": [
        0.9842984891295005,
        0.9857519728110514
    ],
    "Packets lost due to noise": [
        0.012438366260063779,
        0.012665666422865193
    ],
    "Packets collided": [
        0.0,
        0.0
    ],
    "Destinatary out of range": [
        0.0,
        0.0
    ],
    "Packets dropped": [
        0.0,
        0.0
    ],
    "Other causes of loss": [
        0.0016902049654413842,
        0.0031553004110779904
    ],
    "Queue MN Avg": [
        218.89581090451819,
        218.91399058416758
    ],
    "Queue MN Var": [
        0.085771876064893,
        0.09069230346439136
    ],
    "Queue BR Avg": [
        1.3147621628017008,
        1.318633033425009
    ],
    "Queue BR Var": [
        0.5699953124032102,
        0.5972625008996821
    ],
    "Upstream Delay Avg": [
        437.8633436758537,
        437.9011122559856
    ],
    "Upstream Delay 95th Perc": [
        771.2877867911368,
        771.3262077013708
    ],
    "Upstream Delay Var": [
        45748.08892237252,
        45751.33598095296
    ],
    "Downstream Delay Avg": [
        1.5150000002663335,
        1.515000000298045
    ],
    "Downstream Delay 95th Perc": [
        1.51500000980354,
        1.5150000100491636
    ],
    "Downstream Delay Var": [
        3.998249032153196e-17,
        4.384677604124831e-17
    ],
    "RTT Avg": [
        1299.7533655905806,
        1300.0608548894531
    ],
    "RTT 95th Perc": [
        2289.155867978753,
        2289.438257335605
    ],
    "RTT Var": [
        403343.4672734109,
        403518.7966530842
    ]
}