{
    "Upstream PDR": [
        0.2542007640521047,
        0.26628408443274376
    ],
    "Downstream PDR": [
        0.7807741896658108,
        0.7978480028315608
    ],
    "TicToc PDR": [
        0.19929844381686818,
        0.21209549557707114
    ],
    "Packets retransmitted per node AVG": [
        0.0,
        0.0
    ],
    "Counter of retransmission per packet AVG": [
        0.0,
        0.0
    ],
    "Intertime of retransmissions AVG": [
        0.0,
        0.0
    ],
    "Packets delivered": [
        0.35764889319408105,
        0.3731431339821926
    ],
    "Packets lost due to noise": [
        0.11057532318404592,
        0.116842532162967
    ],
    "Packets collided": [
        0.0,
        0.0
    ],
    "Destinatary out of range": [
        0.0,
        0.0
    ],
    "Packets dropped": [
        0.0,
        0.0
    ],
    "Other causes of loss": [
        0.5134662919448327,
        0.528323825531881
    ],
    "Queue MN Avg": [
        0.2324832628043281,
        0.2325058507822408
    ],
    "Queue MN Var": [
        3.112562700858488e-08,
        3.639729782985205e-08
    ],
    "Queue BR Avg": [
        0.12658394981895546,
        0.1325996401619963
    ],
    "Queue BR Var": [
        0.006782211732234319,
        0.009628579593249103
    ],
    "Upstream Delay Avg": [
        0.45896874069425114,
        0.4599659921429921
    ],
    "Upstream Delay 95th Perc": [
        0.8708577711115238,
        0.8715887024340762
    ],
    "Upstream Delay Var": [
        0.06963256044668556,
        0.06978070669820868
    ],
    "Downstream Delay Avg": [
        0.46499999996747715,
        0.46499999998258296
    ],
    "Downstream Delay 95th Perc": [
        0.46500000266451696,
        0.46500000274684977
    ],
    "Downstream Delay Var": [
        4.314127005801919e-18,
        4.668934626352904e-18
    ],
    "RTT Avg": [
        1289.591259321306,
        1302.0803596251312
    ],
    "RTT 95th Perc": [
        2250.253126728105,
        2274.2248351067487
    ],
    "RTT Var": [
        390000.14187437436,
        398122.79719893495
    ]
}