{
    "Upstream PDR": [
        0.9982627507601339,
        0.998464521967139
    ],
    "Downstream PDR": [
        0.9748215957484957,
        0.9756868182760768
    ],
    "TicToc PDR": [
        0.9731901288452443,
        0.9741267542716388
    ],
    "Packets retransmitted per node AVG": [
        0.0,
        0.0
    ],
    "Counter of retransmission per packet AVG": [
        0.0,
        0.0
    ],
    "Intertime of retransmissions AVG": [
        0.0,
        0.0
    ],
    "Packets delivered": [
        0.9865507823713024,
        0.9870075818132189
    ],
    "Packets lost due to noise": [
        0.011970974592850186,
        0.01240581412124282
    ],
    "Packets collided": [
        0.0,
        0.0
    ],
    "Destinatary out of range": [
        0.0,
        0.0
    ],
    "Packets dropped": [
        0.0,
        0.0
    ],
    "Other causes of loss": [
        0.0009836587406758985,
        0.0010811883607099472
    ],
    "Queue MN Avg": [
        0.15748521894814915,
        0.15751253104145252
    ],
    "Queue MN Var": [
        2.1720177509163524e-08,
        2.548486154991259e-08
    ],
    "Queue BR Avg": [
        0.0827553600225224,
        0.08277216612783628
    ],
    "Queue BR Var": [
        0.0024212549743984294,
        0.002663923286499839
    ],
    "Upstream Delay Avg": [
        0.3090901594069234,
        0.3092951615169319
    ],
    "Upstream Delay 95th Perc": [
        0.5857777115797185,
        0.5860402739927955
    ],
    "Upstream Delay Var": [
        0.031516593957891754,
        0.031522376468858325
    ],
    "Downstream Delay Avg": [
        0.3150000000172404,
        0.31500000002046535
    ],
    "Downstream Delay 95th Perc": [
        0.31500000287658897,
        0.3150000029100653
    ],
    "Downstream Delay Var": [
        2.653231655352751e-18,
        2.7165906171857985e-18
    ],
    "RTT Avg": [
        1300.0679829925646,
        1300.593257994368
    ],
    "RTT 95th Perc": [
        2289.7541912645884,
        2290.2284883371394
    ],
    "RTT Var": [
        403480.5293082169,
        403813.0113279447
    ]
}