{
    "Upstream PDR": [
        0.7471941620179035,
        0.7496023747786333
    ],
    "Downstream PDR": [
        0.0,
        0.0
    ],
    "TicToc PDR": [
        0.0,
        0.0
    ],
    "Packets retransmitted per node AVG": [
        0.0,
        0.0
    ],
    "Counter of retransmission per packet AVG": [
        0.0,
        0.0
    ],
    "Intertime of retransmissions AVG": [
        0.0,
        0.0
    ],
    "Packets delivered": [
        0.7472925192075507,
        0.749739043658317
    ],
    "Packets lost due to noise": [
        0.21956830607728767,
        0.2203962313524736
    ],
    "Packets collided": [
        -2.764415772960268e-06,
        2.3954385851058517e-05
    ],
    "Destinatary out of range": [
        -2.6078501531220096e-07,
        8.041075138893752e-07
    ],
    "Packets dropped": [
        0.0,
        0.0
    ],
    "Other causes of loss": [
        0.03037041093272985,
        0.03261175547906421
    ],
    "Queue MN Avg": [
        0.4348798288604339,
        0.4351377794440308
    ],
    "Queue MN Var": [
        1.2351322402782481e-05,
        1.3171685702152322e-05
    ],
    "Queue BR Avg": [
        0.0,
        0.0
    ],
    "Queue BR Var": [
        0.0,
        0.0
    ],
    "Upstream Delay Avg": [
        0.8640371130314722,
        0.8647662821666177
    ],
    "Upstream Delay 95th Perc": [
        1.6398329326573968,
        1.6407485252132887
    ],
    "Upstream Delay Var": [
        0.24784415626038261,
        0.24816234216039892
    ],
    "Downstream Delay Avg": [
        0.0,
        0.0
    ],
    "Downstream Delay 95th Perc": [
        0.0,
        0.0
    ],
    "Downstream Delay Var": [
        0.0,
        0.0
    ],
    "RTT Avg": [
        0.0,
        0.0
    ],
    "RTT 95th Perc": [
        0.0,
        0.0
    ],
    "RTT Var": [
        0.0,
        0.0
    ]
}{
    "Upstream PDR": [
        0.7471941620179035,
        0.7496023747786333
    ],
    "Downstream PDR": [
        0.0,
        0.0
    ],
    "TicToc PDR": [
        0.0,
        0.0
    ],
    "Packets retransmitted per node AVG": [
        0.0,
        0.0
    ],
    "Counter of retransmission per packet AVG": [
        0.0,
        0.0
    ],
    "Intertime of retransmissions AVG": [
        0.0,
        0.0
    ],
    "Packets delivered": [
        0.7472925192075507,
        0.749739043658317
    ],
    "Packets lost due to noise": [
        0.21956830607728767,
        0.2203962313524736
    ],
    "Packets collided": [
        -2.764415772960268e-06,
        2.3954385851058517e-05
    ],
    "Destinatary out of range": [
        -2.6078501531220096e-07,
        8.041075138893752e-07
    ],
    "Packets dropped": [
        0.0,
        0.0
    ],
    "Other causes of loss": [
        0.03037041093272985,
        0.03261175547906421
    ],
    "Queue MN Avg": [
        0.4348798288604339,
        0.4351377794440308
    ],
    "Queue MN Var": [
        1.2351322402782481e-05,
        1.3171685702152322e-05
    ],
    "Queue BR Avg": [
        0.0,
        0.0
    ],
    "Queue BR Var": [
        0.0,
        0.0
    ],
    "Upstream Delay Avg": [
        0.8640371130314722,
        0.8647662821666177
    ],
    "Upstream Delay 95th Perc": [
        1.6398329326573968,
        1.6407485252132887
    ],
    "Upstream Delay Var": [
        0.24784415626038261,
        0.24816234216039892
    ],
    "Downstream Delay Avg": [
        0.0,
        0.0
    ],
    "Downstream Delay 95th Perc": [
        0.0,
        0.0
    ],
    "Downstream Delay Var": [
        0.0,
        0.0
    ],
    "RTT Avg": [
        0.0,
        0.0
    ],
    "RTT 95th Perc": [
        0.0,
        0.0
    ],
    "RTT Var": [
        0.0,
        0.0
    ]
}{
    "Upstream PDR": [
        0.7471941620179035,
        0.7496023747786333
    ],
    "Downstream PDR": [
        0.0,
        0.0
    ],
    "TicToc PDR": [
        0.0,
        0.0
    ],
    "Packets retransmitted per node AVG": [
        0.0,
        0.0
    ],
    "Counter of retransmission per packet AVG": [
        0.0,
        0.0
    ],
    "Intertime of retransmissions AVG": [
        0.0,
        0.0
    ],
    "Packets delivered": [
        0.7472925192075507,
        0.749739043658317
    ],
    "Packets lost due to noise": [
        0.21956830607728767,
        0.2203962313524736
    ],
    "Packets collided": [
        -2.764415772960268e-06,
        2.3954385851058517e-05
    ],
    "Destinatary out of range": [
        -2.6078501531220096e-07,
        8.041075138893752e-07
    ],
    "Packets dropped": [
        0.0,
        0.0
    ],
    "Other causes of loss": [
        0.03037041093272985,
        0.03261175547906421
    ],
    "Queue MN Avg": [
        0.4348798288604339,
        0.4351377794440308
    ],
    "Queue MN Var": [
        1.2351322402782481e-05,
        1.3171685702152322e-05
    ],
    "Queue BR Avg": [
        0.0,
        0.0
    ],
    "Queue BR Var": [
        0.0,
        0.0
    ],
    "Upstream Delay Avg": [
        0.8640371130314722,
        0.8647662821666177
    ],
    "Upstream Delay 95th Perc": [
        1.6398329326573968,
        1.6407485252132887
    ],
    "Upstream Delay Var": [
        0.24784415626038261,
        0.24816234216039892
    ],
    "Downstream Delay Avg": [
        0.0,
        0.0
    ],
    "Downstream Delay 95th Perc": [
        0.0,
        0.0
    ],
    "Downstream Delay Var": [
        0.0,
        0.0
    ],
    "RTT Avg": [
        0.0,
        0.0
    ],
    "RTT 95th Perc": [
        0.0,
        0.0
    ],
    "RTT Var": [
        0.0,
        0.0
    ]
}