{
    "Upstream PDR": [
        0.8408505218883724,
        0.8519784205977126
    ],
    "Downstream PDR": [
        0.8473338106704871,
        0.8625158338028307
    ],
    "TicToc PDR": [
        0.7132109648681348,
        0.7346702967274126
    ],
    "Packets retransmitted per node AVG": [
        0.0,
        0.0
    ],
    "Counter of retransmission per packet AVG": [
        0.0,
        0.0
    ],
    "Intertime of retransmissions AVG": [
        0.0,
        0.0
    ],
    "Packets delivered": [
        0.8697587656126199,
        0.8825319845587419
    ],
    "Packets lost due to noise": [
        0.09778381349321268,
        0.10827350122716901
    ],
    "Packets collided": [
        -4.122415653392717e-07,
        1.962728153087569e-06
    ],
    "Destinatary out of range": [
        -1.897727197353036e-06,
        7.36731849867377e-06
    ],
    "Packets dropped": [
        0.0,
        0.0
    ],
    "Other causes of loss": [
        0.019269107465828675,
        0.022375807564539107
    ],
    "Queue MN Avg": [
        35.74763690392763,
        35.77498176291287
    ],
    "Queue MN Var": [
        0.08091083372017618,
        0.0857022028451637
    ],
    "Queue BR Avg": [
        1.648455307385393,
        1.684813521213607
    ],
    "Queue BR Var": [
        0.6917175810576227,
        0.9630315438436486
    ],
    "Upstream Delay Avg": [
        71.48165274267998,
        71.54755703089222
    ],
    "Upstream Delay 95th Perc": [
        125.31089056756718,
        125.36802191721398
    ],
    "Upstream Delay Var": [
        1192.6709304704016,
        1193.3601676310343
    ],
    "Downstream Delay Avg": [
        1.0615394732005738,
        1.0758968624983096
    ],
    "Downstream Delay 95th Perc": [
        1.0583703711761545,
        1.0854418737218017
    ],
    "Downstream Delay Var": [
        -0.011608542242849582,
        0.036258274657873006
    ],
    "RTT Avg": [
        1300.2069477459854,
        1301.4839249384895
    ],
    "RTT 95th Perc": [
        2288.901136038464,
        2289.856065465503
    ],
    "RTT Var": [
        403094.76641993935,
        403779.18951785495
    ]
}