{
    "Upstream PDR": [
        0.9947962707197846,
        0.9976543786308649
    ],
    "Downstream PDR": [
        0.9740305903919003,
        0.9756500785674266
    ],
    "TicToc PDR": [
        0.9693632617916361,
        0.9729640109356361
    ],
    "Packets retransmitted per node AVG": [
        0.0,
        0.0
    ],
    "Counter of retransmission per packet AVG": [
        0.0,
        0.0
    ],
    "Intertime of retransmissions AVG": [
        0.0,
        0.0
    ],
    "Packets delivered": [
        0.9845795046540169,
        0.9864382310582105
    ],
    "Packets lost due to noise": [
        0.012573222496179278,
        0.013469107753208457
    ],
    "Packets collided": [
        0.0,
        0.0
    ],
    "Destinatary out of range": [
        0.0,
        0.0
    ],
    "Packets dropped": [
        0.0,
        0.0
    ],
    "Other causes of loss": [
        0.0007585118703641448,
        0.002181422168021073
    ],
    "Queue MN Avg": [
        0.307468757961982,
        0.3074982418875662
    ],
    "Queue MN Var": [
        6.435141246015331e-08,
        7.156453739791929e-08
    ],
    "Queue BR Avg": [
        0.3220268523614686,
        0.3229513903622557
    ],
    "Queue BR Var": [
        0.014541929026544392,
        0.01810209929018111
    ],
    "Upstream Delay Avg": [
        0.609044973696752,
        0.6093327724409487
    ],
    "Upstream Delay 95th Perc": [
        1.155858240525875,
        1.156045435424868
    ],
    "Upstream Delay Var": [
        0.12301470861964839,
        0.12303559328662339
    ],
    "Downstream Delay Avg": [
        0.6150000000515349,
        0.6150000000554251
    ],
    "Downstream Delay 95th Perc": [
        0.6150000049692829,
        0.6150000051130003
    ],
    "Downstream Delay Var": [
        9.11051240375866e-18,
        9.44564842919102e-18
    ],
    "RTT Avg": [
        1300.0412289572416,
        1300.3924797660582
    ],
    "RTT 95th Perc": [
        2289.9619676831803,
        2290.2392619135694
    ],
    "RTT Var": [
        403634.7201477835,
        403837.9287039131
    ]
}