{
    "Upstream PDR": [
        0.996291535126908,
        0.9990876856523127
    ],
    "Downstream PDR": [
        0.0,
        0.0
    ],
    "TicToc PDR": [
        0.0,
        0.0
    ],
    "Packets retransmitted per node AVG": [
        0.0,
        0.0
    ],
    "Counter of retransmission per packet AVG": [
        0.0,
        0.0
    ],
    "Intertime of retransmissions AVG": [
        0.0,
        0.0
    ],
    "Packets delivered": [
        0.996327426680521,
        0.9991223032218205
    ],
    "Packets lost due to noise": [
        0.0014787199997267231,
        0.0016342705318605128
    ],
    "Packets collided": [
        0.0,
        0.0
    ],
    "Destinatary out of range": [
        0.0,
        0.0
    ],
    "Packets dropped": [
        0.0,
        0.0
    ],
    "Other causes of loss": [
        -0.0006812416010163221,
        0.0021185211670871175
    ],
    "Queue MN Avg": [
        0.1949866668307998,
        0.19500548248391547
    ],
    "Queue MN Var": [
        3.140320320862071e-08,
        3.5811442660839916e-08
    ],
    "Queue BR Avg": [
        0.0,
        0.0
    ],
    "Queue BR Var": [
        0.0,
        0.0
    ],
    "Upstream Delay Avg": [
        0.38402463923645747,
        0.38428005503116835
    ],
    "Upstream Delay 95th Perc": [
        0.7283408339306378,
        0.7286010509443334
    ],
    "Upstream Delay Var": [
        0.04876838583879889,
        0.04877475434612509
    ],
    "Downstream Delay Avg": [
        0.0,
        0.0
    ],
    "Downstream Delay 95th Perc": [
        0.0,
        0.0
    ],
    "Downstream Delay Var": [
        0.0,
        0.0
    ],
    "RTT Avg": [
        0.0,
        0.0
    ],
    "RTT 95th Perc": [
        0.0,
        0.0
    ],
    "RTT Var": [
        0.0,
        0.0
    ]
}