{
    "Upstream PDR": [
        0.04938762450333383,
        0.05174068718497785
    ],
    "Downstream PDR": [
        0.7279988826148369,
        0.7350612574464608
    ],
    "TicToc PDR": [
        0.036052616840218266,
        0.037958811731210296
    ],
    "Packets retransmitted per node AVG": [
        0.0,
        0.0
    ],
    "Counter of retransmission per packet AVG": [
        0.0,
        0.0
    ],
    "Intertime of retransmissions AVG": [
        0.0,
        0.0
    ],
    "Packets delivered": [
        0.13563154722902102,
        0.14043694197920706
    ],
    "Packets lost due to noise": [
        0.06397552682435534,
        0.06597848478557192
    ],
    "Packets collided": [
        0.0,
        0.0
    ],
    "Destinatary out of range": [
        0.0,
        0.0
    ],
    "Packets dropped": [
        0.0,
        0.0
    ],
    "Other causes of loss": [
        0.7937622747295995,
        0.8002152244522452
    ],
    "Queue MN Avg": [
        218.89581090451819,
        218.91399058416758
    ],
    "Queue MN Var": [
        0.085771876064893,
        0.09069230346439136
    ],
    "Queue BR Avg": [
        0.16255788455684098,
        0.17031082215846607
    ],
    "Queue BR Var": [
        0.020835208629280226,
        0.024523798938084103
    ],
    "Upstream Delay Avg": [
        439.696595413733,
        447.08352529573494
    ],
    "Upstream Delay 95th Perc": [
        767.0359270425151,
        772.7051830567523
    ],
    "Upstream Delay Var": [
        43291.80531979263,
        44677.988521591855
    ],
    "Downstream Delay Avg": [
        1.5149999999885182,
        1.5150000000584654
    ],
    "Downstream Delay 95th Perc": [
        1.5150000081908224,
        1.5150000085157393
    ],
    "Downstream Delay Var": [
        3.7123870932590616e-17,
        4.2427141097124467e-17
    ],
    "RTT Avg": [
        1310.6034350087566,
        1345.0812291351363
    ],
    "RTT 95th Perc": [
        1806.964224436553,
        1845.654943945771
    ],
    "RTT Var": [
        201588.82663442547,
        218299.63774519405
    ]
}