{
    "Upstream PDR": [
        0.747453303184609,
        0.7503354414041358
    ],
    "Downstream PDR": [
        0.0,
        0.0
    ],
    "TicToc PDR": [
        0.0,
        0.0
    ],
    "Packets retransmitted per node AVG": [
        0.0,
        0.0
    ],
    "Counter of retransmission per packet AVG": [
        0.0,
        0.0
    ],
    "Intertime of retransmissions AVG": [
        0.0,
        0.0
    ],
    "Packets delivered": [
        0.7474180606793467,
        0.7502747887970981
    ],
    "Packets lost due to noise": [
        0.21939912258603322,
        0.22051986547004415
    ],
    "Packets collided": [
        0.0,
        0.0
    ],
    "Destinatary out of range": [
        0.0,
        0.0
    ],
    "Packets dropped": [
        0.0,
        0.0
    ],
    "Other causes of loss": [
        0.029951227156683705,
        0.03243693531079451
    ],
    "Queue MN Avg": [
        0.2924891602669525,
        0.29250912868588996
    ],
    "Queue MN Var": [
        5.8932307528018406e-08,
        6.557004671938988e-08
    ],
    "Queue BR Avg": [
        0.0,
        0.0
    ],
    "Queue BR Var": [
        0.0,
        0.0
    ],
    "Upstream Delay Avg": [
        0.57869618858547,
        0.5793044482970513
    ],
    "Upstream Delay 95th Perc": [
        1.0985699822709463,
        1.098938761601111
    ],
    "Upstream Delay Var": [
        0.11107870265097562,
        0.11120653312608976
    ],
    "Downstream Delay Avg": [
        0.0,
        0.0
    ],
    "Downstream Delay 95th Perc": [
        0.0,
        0.0
    ],
    "Downstream Delay Var": [
        0.0,
        0.0
    ],
    "RTT Avg": [
        0.0,
        0.0
    ],
    "RTT 95th Perc": [
        0.0,
        0.0
    ],
    "RTT Var": [
        0.0,
        0.0
    ]
}{
    "Upstream PDR": [
        0.747453303184609,
        0.7503354414041358
    ],
    "Downstream PDR": [
        0.0,
        0.0
    ],
    "TicToc PDR": [
        0.0,
        0.0
    ],
    "Packets retransmitted per node AVG": [
        0.0,
        0.0
    ],
    "Counter of retransmission per packet AVG": [
        0.0,
        0.0
    ],
    "Intertime of retransmissions AVG": [
        0.0,
        0.0
    ],
    "Packets delivered": [
        0.7474180606793467,
        0.7502747887970981
    ],
    "Packets lost due to noise": [
        0.21939912258603322,
        0.22051986547004415
    ],
    "Packets collided": [
        0.0,
        0.0
    ],
    "Destinatary out of range": [
        0.0,
        0.0
    ],
    "Packets dropped": [
        0.0,
        0.0
    ],
    "Other causes of loss": [
        0.029951227156683705,
        0.03243693531079451
    ],
    "Queue MN Avg": [
        0.2924891602669525,
        0.29250912868588996
    ],
    "Queue MN Var": [
        5.8932307528018406e-08,
        6.557004671938988e-08
    ],
    "Queue BR Avg": [
        0.0,
        0.0
    ],
    "Queue BR Var": [
        0.0,
        0.0
    ],
    "Upstream Delay Avg": [
        0.57869618858547,
        0.5793044482970513
    ],
    "Upstream Delay 95th Perc": [
        1.0985699822709463,
        1.098938761601111
    ],
    "Upstream Delay Var": [
        0.11107870265097562,
        0.11120653312608976
    ],
    "Downstream Delay Avg": [
        0.0,
        0.0
    ],
    "Downstream Delay 95th Perc": [
        0.0,
        0.0
    ],
    "Downstream Delay Var": [
        0.0,
        0.0
    ],
    "RTT Avg": [
        0.0,
        0.0
    ],
    "RTT 95th Perc": [
        0.0,
        0.0
    ],
    "RTT Var": [
        0.0,
        0.0
    ]
}{
    "Upstream PDR": [
        0.747453303184609,
        0.7503354414041358
    ],
    "Downstream PDR": [
        0.0,
        0.0
    ],
    "TicToc PDR": [
        0.0,
        0.0
    ],
    "Packets retransmitted per node AVG": [
        0.0,
        0.0
    ],
    "Counter of retransmission per packet AVG": [
        0.0,
        0.0
    ],
    "Intertime of retransmissions AVG": [
        0.0,
        0.0
    ],
    "Packets delivered": [
        0.7474180606793467,
        0.7502747887970981
    ],
    "Packets lost due to noise": [
        0.21939912258603322,
        0.22051986547004415
    ],
    "Packets collided": [
        0.0,
        0.0
    ],
    "Destinatary out of range": [
        0.0,
        0.0
    ],
    "Packets dropped": [
        0.0,
        0.0
    ],
    "Other causes of loss": [
        0.029951227156683705,
        0.03243693531079451
    ],
    "Queue MN Avg": [
        0.2924891602669525,
        0.29250912868588996
    ],
    "Queue MN Var": [
        5.8932307528018406e-08,
        6.557004671938988e-08
    ],
    "Queue BR Avg": [
        0.0,
        0.0
    ],
    "Queue BR Var": [
        0.0,
        0.0
    ],
    "Upstream Delay Avg": [
        0.57869618858547,
        0.5793044482970513
    ],
    "Upstream Delay 95th Perc": [
        1.0985699822709463,
        1.098938761601111
    ],
    "Upstream Delay Var": [
        0.11107870265097562,
        0.11120653312608976
    ],
    "Downstream Delay Avg": [
        0.0,
        0.0
    ],
    "Downstream Delay 95th Perc": [
        0.0,
        0.0
    ],
    "Downstream Delay Var": [
        0.0,
        0.0
    ],
    "RTT Avg": [
        0.0,
        0.0
    ],
    "RTT 95th Perc": [
        0.0,
        0.0
    ],
    "RTT Var": [
        0.0,
        0.0
    ]
}