{
    "Upstream PDR": [
        0.8236674781451077,
        0.8262987556211256
    ],
    "Downstream PDR": [
        0.9744104939170695,
        0.9749687939401066
    ],
    "TicToc PDR": [
        0.8029579328403058,
        0.8052427165103433
    ],
    "Packets retransmitted per node AVG": [
        0.0,
        0.0
    ],
    "Counter of retransmission per packet AVG": [
        0.0,
        0.0
    ],
    "Intertime of retransmissions AVG": [
        0.0,
        0.0
    ],
    "Packets delivered": [
        0.9846490161067047,
        0.98615322229971
    ],
    "Packets lost due to noise": [
        0.012322357795663508,
        0.012544041357912808
    ],
    "Packets collided": [
        -5.174469346375611e-06,
        1.5955018262186958e-05
    ],
    "Destinatary out of range": [
        -5.352899323836838e-07,
        1.6505191305710646e-06
    ],
    "Packets dropped": [
        0.0,
        0.0
    ],
    "Other causes of loss": [
        0.0013578460200147026,
        0.002961620641880664
    ],
    "Queue MN Avg": [
        111.92796998031179,
        111.9510884196525
    ],
    "Queue MN Var": [
        0.08279800604365954,
        0.08817166812484924
    ],
    "Queue BR Avg": [
        1.0535238557053375,
        1.0568382180533082
    ],
    "Queue BR Var": [
        0.36868343642086804,
        0.38603547397866284
    ],
    "Upstream Delay Avg": [
        223.8734732523664,
        223.92276842533755
    ],
    "Upstream Delay 95th Perc": [
        393.9937859014783,
        394.04309708049357
    ],
    "Upstream Delay Var": [
        11909.866649846674,
        11910.871635484411
    ],
    "Downstream Delay Avg": [
        1.2149622725293476,
        1.2151163300829284
    ],
    "Downstream Delay 95th Perc": [
        1.2150000080319554,
        1.2150000084545791
    ],
    "Downstream Delay Var": [
        -8.706783067649354e-05,
        0.00026846594993669876
    ],
    "RTT Avg": [
        1299.7247445910252,
        1300.2170976237803
    ],
    "RTT 95th Perc": [
        2289.5795722179982,
        2289.8747966655783
    ],
    "RTT Var": [
        403583.81950837525,
        403884.9305799864
    ]
}