{
    "Upstream PDR": [
        0.10796349655490313,
        0.11856377617236956
    ],
    "Downstream PDR": [
        0.7365580584947434,
        0.7477459320073853
    ],
    "TicToc PDR": [
        0.08004509811908424,
        0.08820684993286386
    ],
    "Packets retransmitted per node AVG": [
        0.0,
        0.0
    ],
    "Counter of retransmission per packet AVG": [
        0.0,
        0.0
    ],
    "Intertime of retransmissions AVG": [
        0.0,
        0.0
    ],
    "Packets delivered": [
        0.18955087698234285,
        0.20507720111244476
    ],
    "Packets lost due to noise": [
        0.08388186319888538,
        0.08960590906351609
    ],
    "Packets collided": [
        0.0,
        0.0
    ],
    "Destinatary out of range": [
        0.0,
        0.0
    ],
    "Packets dropped": [
        0.0,
        0.0
    ],
    "Other causes of loss": [
        0.7056711129539941,
        0.7262130366888169
    ],
    "Queue MN Avg": [
        0.15748521894814915,
        0.15751253104145252
    ],
    "Queue MN Var": [
        2.1720177509163524e-08,
        2.548486154991259e-08
    ],
    "Queue BR Avg": [
        0.02429286016476704,
        0.02667809508354184
    ],
    "Queue BR Var": [
        0.0006269310883569566,
        0.0008708386288972044
    ],
    "Upstream Delay Avg": [
        0.30801217361916844,
        0.31049050112216514
    ],
    "Upstream Delay 95th Perc": [
        0.5844272109031575,
        0.5877321760627282
    ],
    "Upstream Delay Var": [
        0.03144889758917794,
        0.0316245047568667
    ],
    "Downstream Delay Avg": [
        0.31499999997584693,
        0.31500000001916273
    ],
    "Downstream Delay 95th Perc": [
        0.31500000258788885,
        0.3150000027332789
    ],
    "Downstream Delay Var": [
        2.5530814575670252e-18,
        2.788252285282891e-18
    ],
    "RTT Avg": [
        1270.3885541211237,
        1331.2054115632016
    ],
    "RTT 95th Perc": [
        1889.9441835150403,
        1960.2736515918375
    ],
    "RTT Var": [
        240107.65735905702,
        270118.8766218969
    ]
}