{
    "Upstream PDR": [
        0.17526119120675893,
        0.190873873728306
    ],
    "Downstream PDR": [
        0.0,
        0.0
    ],
    "TicToc PDR": [
        0.0,
        0.0
    ],
    "Packets retransmitted per node AVG": [
        0.0,
        0.0
    ],
    "Counter of retransmission per packet AVG": [
        0.0,
        0.0
    ],
    "Intertime of retransmissions AVG": [
        0.0,
        0.0
    ],
    "Packets delivered": [
        0.20013883710821315,
        0.2147082254334168
    ],
    "Packets lost due to noise": [
        0.10168249963676668,
        0.10862241758793281
    ],
    "Packets collided": [
        0.0,
        0.0
    ],
    "Destinatary out of range": [
        0.0,
        0.0
    ],
    "Packets dropped": [
        0.0,
        0.0
    ],
    "Other causes of loss": [
        0.6781115989805054,
        0.6967364212531649
    ],
    "Queue MN Avg": [
        0.05943357757433752,
        0.06018674537518205
    ],
    "Queue MN Var": [
        9.792762217798432e-06,
        1.2536302786198114e-05
    ],
    "Queue BR Avg": [
        0.0,
        0.0
    ],
    "Queue BR Var": [
        0.0,
        0.0
    ],
    "Upstream Delay Avg": [
        0.11311100193866365,
        0.11473993111213569
    ],
    "Upstream Delay 95th Perc": [
        0.21385840605209736,
        0.21655797867441687
    ],
    "Upstream Delay Var": [
        0.004189472723421066,
        0.0042171787080671815
    ],
    "Downstream Delay Avg": [
        0.0,
        0.0
    ],
    "Downstream Delay 95th Perc": [
        0.0,
        0.0
    ],
    "Downstream Delay Var": [
        0.0,
        0.0
    ],
    "RTT Avg": [
        0.0,
        0.0
    ],
    "RTT 95th Perc": [
        0.0,
        0.0
    ],
    "RTT Var": [
        0.0,
        0.0
    ]
}