{
    "Upstream PDR": [
        0.9860566450167847,
        0.9899394588793193
    ],
    "Downstream PDR": [
        0.9632881916646351,
        0.9687474655592859
    ],
    "TicToc PDR": [
        0.9504458921392765,
        0.9584502117568273
    ],
    "Packets retransmitted per node AVG": [
        0.0,
        0.0
    ],
    "Counter of retransmission per packet AVG": [
        0.0,
        0.0
    ],
    "Intertime of retransmissions AVG": [
        0.0,
        0.0
    ],
    "Packets delivered": [
        0.9750752475128627,
        0.9791243585253847
    ],
    "Packets lost due to noise": [
        0.019325805325841838,
        0.022832408251260285
    ],
    "Packets collided": [
        0.0,
        0.0
    ],
    "Destinatary out of range": [
        0.0,
        0.0
    ],
    "Packets dropped": [
        0.0,
        0.0
    ],
    "Other causes of loss": [
        0.0011088352915176345,
        0.0025333450931328797
    ],
    "Queue MN Avg": [
        0.3074686087425857,
        0.3075003099468529
    ],
    "Queue MN Var": [
        5.708560066376529e-08,
        6.419458189012216e-08
    ],
    "Queue BR Avg": [
        0.3675562025316941,
        0.36900221039625336
    ],
    "Queue BR Var": [
        0.10863316636977688,
        0.12637589306898275
    ],
    "Upstream Delay Avg": [
        0.6086637045945397,
        0.6093538087372002
    ],
    "Upstream Delay 95th Perc": [
        1.155719626512621,
        1.1559981558329786
    ],
    "Upstream Delay Var": [
        0.12299219182900581,
        0.12303705028209305
    ],
    "Downstream Delay Avg": [
        0.6149999999999882,
        0.6150000000000628
    ],
    "Downstream Delay 95th Perc": [
        0.6149999999999994,
        0.6149999999999994
    ],
    "Downstream Delay Var": [
        -1.0333291028497855e-22,
        3.186180723455938e-22
    ],
    "RTT Avg": [
        1299.8552476251398,
        1300.3187651989879
    ],
    "RTT 95th Perc": [
        2289.580879863811,
        2289.9538354684873
    ],
    "RTT Var": [
        403389.2033005203,
        403677.453391835
    ]
}