{
    "Upstream PDR": [
        0.589965643264147,
        0.597065525567022
    ],
    "Downstream PDR": [
        0.8470505263193003,
        0.860671461672116
    ],
    "TicToc PDR": [
        0.500084910307216,
        0.513861063718758
    ],
    "Packets retransmitted per node AVG": [
        0.0,
        0.0
    ],
    "Counter of retransmission per packet AVG": [
        0.0,
        0.0
    ],
    "Intertime of retransmissions AVG": [
        0.0,
        0.0
    ],
    "Packets delivered": [
        0.8697729391389651,
        0.8814136926248738
    ],
    "Packets lost due to noise": [
        0.09851622309500013,
        0.10801450486174455
    ],
    "Packets collided": [
        0.0,
        0.0
    ],
    "Destinatary out of range": [
        0.0,
        0.0
    ],
    "Packets dropped": [
        0.0,
        0.0
    ],
    "Other causes of loss": [
        0.019746733053943137,
        0.02253590722547303
    ],
    "Queue MN Avg": [
        218.89658615632598,
        218.91954825984695
    ],
    "Queue MN Var": [
        0.08223338518503921,
        0.08726784144311166
    ],
    "Queue BR Avg": [
        2.351106468772033,
        2.39929303236254
    ],
    "Queue BR Var": [
        0.940683685713201,
        1.226108436426405
    ],
    "Upstream Delay Avg": [
        437.79339331679114,
        437.95687418722173
    ],
    "Upstream Delay 95th Perc": [
        771.245862955823,
        771.3984118547069
    ],
    "Upstream Delay Var": [
        45748.44941057073,
        45773.25223520385
    ],
    "Downstream Delay Avg": [
        1.509456436697763,
        1.5320930873869036
    ],
    "Downstream Delay 95th Perc": [
        1.5042497748958474,
        1.5481473682365767
    ],
    "Downstream Delay Var": [
        -0.035754494937778845,
        0.1102458206824834
    ],
    "RTT Avg": [
        1298.7177667461956,
        1300.4429816612424
    ],
    "RTT 95th Perc": [
        2286.8654585353884,
        2289.506225816937
    ],
    "RTT Var": [
        403373.78160380037,
        404186.5764163184
    ]
}