{
    "Upstream PDR": [
        0.9403206581615046,
        0.952853367812521
    ],
    "Downstream PDR": [
        0.0,
        0.0
    ],
    "TicToc PDR": [
        0.0,
        0.0
    ],
    "Packets retransmitted per node AVG": [
        0.0,
        0.0
    ],
    "Counter of retransmission per packet AVG": [
        0.0,
        0.0
    ],
    "Intertime of retransmissions AVG": [
        0.0,
        0.0
    ],
    "Packets delivered": [
        0.9402691264042603,
        0.9529190769601755
    ],
    "Packets lost due to noise": [
        0.045919742802785816,
        0.05794432485989103
    ],
    "Packets collided": [
        0.0,
        0.0
    ],
    "Destinatary out of range": [
        0.0,
        0.0
    ],
    "Packets dropped": [
        0.0,
        0.0
    ],
    "Other causes of loss": [
        0.0011059191178901676,
        0.0018418098549970526
    ],
    "Queue MN Avg": [
        0.05955115449854981,
        0.060272000541764625
    ],
    "Queue MN Var": [
        1.059127495671043e-05,
        1.3825532226241917e-05
    ],
    "Queue BR Avg": [
        0.0,
        0.0
    ],
    "Queue BR Var": [
        0.0,
        0.0
    ],
    "Upstream Delay Avg": [
        0.11326482576682123,
        0.1147736652535645
    ],
    "Upstream Delay 95th Perc": [
        0.21434878539572974,
        0.21663085170461308
    ],
    "Upstream Delay Var": [
        0.004208161426942462,
        0.0042229664061470785
    ],
    "Downstream Delay Avg": [
        0.0,
        0.0
    ],
    "Downstream Delay 95th Perc": [
        0.0,
        0.0
    ],
    "Downstream Delay Var": [
        0.0,
        0.0
    ],
    "RTT Avg": [
        0.0,
        0.0
    ],
    "RTT 95th Perc": [
        0.0,
        0.0
    ],
    "RTT Var": [
        0.0,
        0.0
    ]
}