{
    "Upstream PDR": [
        0.097314430927621,
        0.10266652145333137
    ],
    "Downstream PDR": [
        0.0,
        0.0
    ],
    "TicToc PDR": [
        0.0,
        0.0
    ],
    "Packets retransmitted per node AVG": [
        0.0,
        0.0
    ],
    "Counter of retransmission per packet AVG": [
        0.0,
        0.0
    ],
    "Intertime of retransmissions AVG": [
        0.0,
        0.0
    ],
    "Packets delivered": [
        0.11232642680489312,
        0.11747030388788522
    ],
    "Packets lost due to noise": [
        0.06599008289724403,
        0.06950221965728193
    ],
    "Packets collided": [
        0.0,
        0.0
    ],
    "Destinatary out of range": [
        0.0,
        0.0
    ],
    "Packets dropped": [
        0.0,
        0.0
    ],
    "Other causes of loss": [
        0.8134187842873654,
        0.82129218246533
    ],
    "Queue MN Avg": [
        0.1499926536324523,
        0.15000881390652382
    ],
    "Queue MN Var": [
        1.3752453484324924e-08,
        1.5899872018943937e-08
    ],
    "Queue BR Avg": [
        0.0,
        0.0
    ],
    "Queue BR Var": [
        0.0,
        0.0
    ],
    "Upstream Delay Avg": [
        0.293765289168761,
        0.2945630230017876
    ],
    "Upstream Delay 95th Perc": [
        0.5574387578136719,
        0.558230121393128
    ],
    "Upstream Delay Var": [
        0.028457826120712723,
        0.0286098268824218
    ],
    "Downstream Delay Avg": [
        0.0,
        0.0
    ],
    "Downstream Delay 95th Perc": [
        0.0,
        0.0
    ],
    "Downstream Delay Var": [
        0.0,
        0.0
    ],
    "RTT Avg": [
        0.0,
        0.0
    ],
    "RTT 95th Perc": [
        0.0,
        0.0
    ],
    "RTT Var": [
        0.0,
        0.0
    ]
}