{
    "Upstream PDR": [
        0.7224450870188132,
        0.725426197252471
    ],
    "Downstream PDR": [
        0.9662248783977547,
        0.9696929828371648
    ],
    "TicToc PDR": [
        0.6983352154856575,
        0.7031724324219901
    ],
    "Packets retransmitted per node AVG": [
        0.0,
        0.0
    ],
    "Counter of retransmission per packet AVG": [
        0.0,
        0.0
    ],
    "Intertime of retransmissions AVG": [
        0.0,
        0.0
    ],
    "Packets delivered": [
        0.9739131975414818,
        0.9772821540294482
    ],
    "Packets lost due to noise": [
        0.02048654463000539,
        0.0230099051551704
    ],
    "Packets collided": [
        0.0,
        0.0
    ],
    "Destinatary out of range": [
        0.0,
        0.0
    ],
    "Packets dropped": [
        0.0,
        0.0
    ],
    "Other causes of loss": [
        0.0018486778273596478,
        0.003459520816533854
    ],
    "Queue MN Avg": [
        171.3298437902589,
        171.34959836303022
    ],
    "Queue MN Var": [
        0.08431926982735326,
        0.09024481915618542
    ],
    "Queue BR Avg": [
        1.3444738937147693,
        1.3499696642650723
    ],
    "Queue BR Var": [
        0.6756070766951635,
        0.803783499133034
    ],
    "Upstream Delay Avg": [
        342.7272100394447,
        342.79480119580194
    ],
    "Upstream Delay 95th Perc": [
        603.5354261427271,
        603.6031263074487
    ],
    "Upstream Delay Var": [
        27993.680456378268,
        28000.46944234957
    ],
    "Downstream Delay Avg": [
        1.3649131946814705,
        1.365267656517001
    ],
    "Downstream Delay 95th Perc": [
        1.364172602470465,
        1.3675512070533387
    ],
    "Downstream Delay Var": [
        -0.00021123127708444137,
        0.0006513129478268047
    ],
    "RTT Avg": [
        1299.2158565802865,
        1300.2665570724216
    ],
    "RTT 95th Perc": [
        2288.34167122299,
        2289.6562826034306
    ],
    "RTT Var": [
        403278.7715163982,
        403629.1698649834
    ]
}