{
    "Upstream PDR": [
        0.981025407920172,
        0.9853349816902178
    ],
    "Downstream PDR": [
        0.0,
        0.0
    ],
    "TicToc PDR": [
        0.0,
        0.0
    ],
    "Packets retransmitted per node AVG": [
        0.0,
        0.0
    ],
    "Counter of retransmission per packet AVG": [
        0.0,
        0.0
    ],
    "Intertime of retransmissions AVG": [
        0.0,
        0.0
    ],
    "Packets delivered": [
        0.9811013770130892,
        0.985436675680146
    ],
    "Packets lost due to noise": [
        0.013042536169276638,
        0.015086460553872735
    ],
    "Packets collided": [
        0.0,
        0.0
    ],
    "Destinatary out of range": [
        0.0,
        0.0
    ],
    "Packets dropped": [
        0.0,
        0.0
    ],
    "Other causes of loss": [
        0.0010570777963972335,
        0.004275872787218529
    ],
    "Queue MN Avg": [
        0.3824585920959809,
        0.3825128493320633
    ],
    "Queue MN Var": [
        4.914959908797586e-07,
        5.288978267119224e-07
    ],
    "Queue BR Avg": [
        0.0,
        0.0
    ],
    "Queue BR Var": [
        0.0,
        0.0
    ],
    "Upstream Delay Avg": [
        0.7588699794082474,
        0.7593433375478198
    ],
    "Upstream Delay 95th Perc": [
        1.440706014955262,
        1.44095247733731
    ],
    "Upstream Delay Var": [
        0.19124661977619328,
        0.19129188092955024
    ],
    "Downstream Delay Avg": [
        0.0,
        0.0
    ],
    "Downstream Delay 95th Perc": [
        0.0,
        0.0
    ],
    "Downstream Delay Var": [
        0.0,
        0.0
    ],
    "RTT Avg": [
        0.0,
        0.0
    ],
    "RTT 95th Perc": [
        0.0,
        0.0
    ],
    "RTT Var": [
        0.0,
        0.0
    ]
}