{
    "Upstream PDR": [
        0.4993727444060214,
        0.5007051776719005
    ],
    "Downstream PDR": [
        0.0,
        0.0
    ],
    "TicToc PDR": [
        0.0,
        0.0
    ],
    "Packets retransmitted per node AVG": [
        0.0,
        0.0
    ],
    "Counter of retransmission per packet AVG": [
        0.0,
        0.0
    ],
    "Intertime of retransmissions AVG": [
        0.0,
        0.0
    ],
    "Packets delivered": [
        0.4991756311315653,
        0.5005432858397684
    ],
    "Packets lost due to noise": [
        0.3801359398896285,
        0.38222689450927855
    ],
    "Packets collided": [
        0.0,
        0.0
    ],
    "Destinatary out of range": [
        0.0,
        0.0
    ],
    "Packets dropped": [
        0.0,
        0.0
    ],
    "Other causes of loss": [
        0.11773238889585481,
        0.12018585973390412
    ],
    "Queue MN Avg": [
        0.19499219454359376,
        0.19500947104814367
    ],
    "Queue MN Var": [
        3.2843776681960606e-08,
        3.842039344571761e-08
    ],
    "Queue BR Avg": [
        0.0,
        0.0
    ],
    "Queue BR Var": [
        0.0,
        0.0
    ],
    "Upstream Delay Avg": [
        0.3836617393579026,
        0.384373276086835
    ],
    "Upstream Delay 95th Perc": [
        0.7281404475713655,
        0.7287984920532056
    ],
    "Upstream Delay Var": [
        0.04871858321177516,
        0.04885364386679397
    ],
    "Downstream Delay Avg": [
        0.0,
        0.0
    ],
    "Downstream Delay 95th Perc": [
        0.0,
        0.0
    ],
    "Downstream Delay Var": [
        0.0,
        0.0
    ],
    "RTT Avg": [
        0.0,
        0.0
    ],
    "RTT 95th Perc": [
        0.0,
        0.0
    ],
    "RTT Var": [
        0.0,
        0.0
    ]
}