{
    "Upstream PDR": [
        0.24922655104671432,
        0.2507513710312078
    ],
    "Downstream PDR": [
        0.2495051282906272,
        0.2523238337500122
    ],
    "TicToc PDR": [
        0.06239371016353446,
        0.06305044568062139
    ],
    "Packets retransmitted per node AVG": [
        0.0,
        0.0
    ],
    "Counter of retransmission per packet AVG": [
        0.0,
        0.0
    ],
    "Intertime of retransmissions AVG": [
        0.0,
        0.0
    ],
    "Packets delivered": [
        0.24960936209691645,
        0.2507492557525007
    ],
    "Packets lost due to noise": [
        0.4369401326916368,
        0.43877200546754236
    ],
    "Packets collided": [
        -2.5396743551445958e-05,
        7.830861099741951e-05
    ],
    "Destinatary out of range": [
        -1.2698371775722979e-05,
        3.9154305498709756e-05
    ],
    "Packets dropped": [
        0.0,
        0.0
    ],
    "Other causes of loss": [
        0.3110410123832368,
        0.3128088638069981
    ],
    "Queue MN Avg": [
        0.30747010668852,
        0.30749519834812983
    ],
    "Queue MN Var": [
        6.08508121168871e-08,
        6.879877321836129e-08
    ],
    "Queue BR Avg": [
        3.0656309985732273,
        3.084461631720618
    ],
    "Queue BR Var": [
        0.0,
        0.0
    ],
    "Upstream Delay Avg": [
        0.6085211681045586,
        0.6104698291851534
    ],
    "Upstream Delay 95th Perc": [
        1.155553956242434,
        1.1567771508332805
    ],
    "Upstream Delay Var": [
        0.12278306801325381,
        0.12331566804434799
    ],
    "Downstream Delay Avg": [
        0.6149999999999993,
        0.6149999999999995
    ],
    "Downstream Delay 95th Perc": [
        0.6149999999999994,
        0.6149999999999994
    ],
    "Downstream Delay Var": [
        5.988224523290566e-32,
        6.885268320525077e-32
    ],
    "RTT Avg": [
        1298.2713090270893,
        1306.9306664877033
    ],
    "RTT 95th Perc": [
        2268.2888012793746,
        2274.6812500235683
    ],
    "RTT Var": [
        399721.12448255677,
        403567.6330088181
    ]
}{
    "Upstream PDR": [
        0.24922655104671432,
        0.2507513710312078
    ],
    "Downstream PDR": [
        0.2495051282906272,
        0.2523238337500122
    ],
    "TicToc PDR": [
        0.06239371016353446,
        0.06305044568062139
    ],
    "Packets retransmitted per node AVG": [
        0.0,
        0.0
    ],
    "Counter of retransmission per packet AVG": [
        0.0,
        0.0
    ],
    "Intertime of retransmissions AVG": [
        0.0,
        0.0
    ],
    "Packets delivered": [
        0.24960936209691645,
        0.2507492557525007
    ],
    "Packets lost due to noise": [
        0.4369401326916368,
        0.43877200546754236
    ],
    "Packets collided": [
        -2.5396743551445958e-05,
        7.830861099741951e-05
    ],
    "Destinatary out of range": [
        -1.2698371775722979e-05,
        3.9154305498709756e-05
    ],
    "Packets dropped": [
        0.0,
        0.0
    ],
    "Other causes of loss": [
        0.3110410123832368,
        0.3128088638069981
    ],
    "Queue MN Avg": [
        0.30747010668852,
        0.30749519834812983
    ],
    "Queue MN Var": [
        6.08508121168871e-08,
        6.879877321836129e-08
    ],
    "Queue BR Avg": [
        3.0656309985732273,
        3.084461631720618
    ],
    "Queue BR Var": [
        0.0,
        0.0
    ],
    "Upstream Delay Avg": [
        0.6085211681045586,
        0.6104698291851534
    ],
    "Upstream Delay 95th Perc": [
        1.155553956242434,
        1.1567771508332805
    ],
    "Upstream Delay Var": [
        0.12278306801325381,
        0.12331566804434799
    ],
    "Downstream Delay Avg": [
        0.6149999999999993,
        0.6149999999999995
    ],
    "Downstream Delay 95th Perc": [
        0.6149999999999994,
        0.6149999999999994
    ],
    "Downstream Delay Var": [
        5.988224523290566e-32,
        6.885268320525077e-32
    ],
    "RTT Avg": [
        1298.2713090270893,
        1306.9306664877033
    ],
    "RTT 95th Perc": [
        2268.2888012793746,
        2274.6812500235683
    ],
    "RTT Var": [
        399721.12448255677,
        403567.6330088181
    ]
}{
    "Upstream PDR": [
        0.24922655104671432,
        0.2507513710312078
    ],
    "Downstream PDR": [
        0.2495051282906272,
        0.2523238337500122
    ],
    "TicToc PDR": [
        0.06239371016353446,
        0.06305044568062139
    ],
    "Packets retransmitted per node AVG": [
        0.0,
        0.0
    ],
    "Counter of retransmission per packet AVG": [
        0.0,
        0.0
    ],
    "Intertime of retransmissions AVG": [
        0.0,
        0.0
    ],
    "Packets delivered": [
        0.24960936209691645,
        0.2507492557525007
    ],
    "Packets lost due to noise": [
        0.4369401326916368,
        0.43877200546754236
    ],
    "Packets collided": [
        -2.5396743551445958e-05,
        7.830861099741951e-05
    ],
    "Destinatary out of range": [
        -1.2698371775722979e-05,
        3.9154305498709756e-05
    ],
    "Packets dropped": [
        0.0,
        0.0
    ],
    "Other causes of loss": [
        0.3110410123832368,
        0.3128088638069981
    ],
    "Queue MN Avg": [
        0.30747010668852,
        0.30749519834812983
    ],
    "Queue MN Var": [
        6.08508121168871e-08,
        6.879877321836129e-08
    ],
    "Queue BR Avg": [
        3.0656309985732273,
        3.084461631720618
    ],
    "Queue BR Var": [
        0.0,
        0.0
    ],
    "Upstream Delay Avg": [
        0.6085211681045586,
        0.6104698291851534
    ],
    "Upstream Delay 95th Perc": [
        1.155553956242434,
        1.1567771508332805
    ],
    "Upstream Delay Var": [
        0.12278306801325381,
        0.12331566804434799
    ],
    "Downstream Delay Avg": [
        0.6149999999999993,
        0.6149999999999995
    ],
    "Downstream Delay 95th Perc": [
        0.6149999999999994,
        0.6149999999999994
    ],
    "Downstream Delay Var": [
        5.988224523290566e-32,
        6.885268320525077e-32
    ],
    "RTT Avg": [
        1298.2713090270893,
        1306.9306664877033
    ],
    "RTT 95th Perc": [
        2268.2888012793746,
        2274.6812500235683
    ],
    "RTT Var": [
        399721.12448255677,
        403567.6330088181
    ]
}