{
    "Upstream PDR": [
        0.17551363047748086,
        0.19075130458745432
    ],
    "Downstream PDR": [
        0.7528333191278278,
        0.7688658902165639
    ],
    "TicToc PDR": [
        0.1330153427498125,
        0.14600283906836933
    ],
    "Packets retransmitted per node AVG": [
        0.0,
        0.0
    ],
    "Counter of retransmission per packet AVG": [
        0.0,
        0.0
    ],
    "Intertime of retransmissions AVG": [
        0.0,
        0.0
    ],
    "Packets delivered": [
        0.29520753612586453,
        0.31223223436243225
    ],
    "Packets lost due to noise": [
        0.10768376330740205,
        0.11517820534928695
    ],
    "Packets collided": [
        0.0,
        0.0
    ],
    "Destinatary out of range": [
        0.0,
        0.0
    ],
    "Packets dropped": [
        0.0,
        0.0
    ],
    "Other causes of loss": [
        0.5745465444213635,
        0.5951517164336511
    ],
    "Queue MN Avg": [
        0.08249282620784931,
        0.08251178095590925
    ],
    "Queue MN Var": [
        6.183908284815014e-09,
        8.218731502728066e-09
    ],
    "Queue BR Avg": [
        0.0062958174922119765,
        0.006842463571121182
    ],
    "Queue BR Var": [
        3.9445937257681716e-05,
        5.1412815752411e-05
    ],
    "Upstream Delay Avg": [
        0.15894212412695288,
        0.15961453660152283
    ],
    "Upstream Delay 95th Perc": [
        0.3005468259072903,
        0.3013064359947668
    ],
    "Upstream Delay Var": [
        0.008254046337580319,
        0.008319065285038573
    ],
    "Downstream Delay Avg": [
        0.165000000001057,
        0.16500000003457285
    ],
    "Downstream Delay 95th Perc": [
        0.16500000176898513,
        0.16500000198815976
    ],
    "Downstream Delay Var": [
        1.2480625689603094e-18,
        1.423442411954321e-18
    ],
    "RTT Avg": [
        1229.7742025665514,
        1299.822204855255
    ],
    "RTT 95th Perc": [
        1976.0143548385597,
        2071.535672468773
    ],
    "RTT Var": [
        301094.99252473726,
        338776.57211513864
    ]
}