{
    "Upstream PDR": [
        0.2643937166870784,
        0.2684686209752593
    ],
    "Downstream PDR": [
        0.0,
        0.0
    ],
    "TicToc PDR": [
        0.0,
        0.0
    ],
    "Packets retransmitted per node AVG": [
        0.0,
        0.0
    ],
    "Counter of retransmission per packet AVG": [
        0.0,
        0.0
    ],
    "Intertime of retransmissions AVG": [
        0.0,
        0.0
    ],
    "Packets delivered": [
        0.26110858827722433,
        0.2651602635912906
    ],
    "Packets lost due to noise": [
        0.09139078090481939,
        0.09368385436316629
    ],
    "Packets collided": [
        0.0,
        0.0
    ],
    "Destinatary out of range": [
        -5.378226337608202e-06,
        2.1269852970448622e-05
    ],
    "Packets dropped": [
        0.0,
        0.0
    ],
    "Other causes of loss": [
        0.6420375952606466,
        0.6466030259762198
    ],
    "Queue MN Avg": [
        0.3824770261510992,
        0.38252777094804197
    ],
    "Queue MN Var": [
        4.7179673002563844e-07,
        5.198405845973273e-07
    ],
    "Queue BR Avg": [
        0.0,
        0.0
    ],
    "Queue BR Var": [
        0.0,
        0.0
    ],
    "Upstream Delay Avg": [
        0.7589162604538818,
        0.7599244755829201
    ],
    "Upstream Delay 95th Perc": [
        1.440546005384247,
        1.4413528441890102
    ],
    "Upstream Delay Var": [
        0.1911197588429673,
        0.1914451668437636
    ],
    "Downstream Delay Avg": [
        0.0,
        0.0
    ],
    "Downstream Delay 95th Perc": [
        0.0,
        0.0
    ],
    "Downstream Delay Var": [
        0.0,
        0.0
    ],
    "RTT Avg": [
        0.0,
        0.0
    ],
    "RTT 95th Perc": [
        0.0,
        0.0
    ],
    "RTT Var": [
        0.0,
        0.0
    ]
}