{
    "Upstream PDR": [
        0.9730762272292403,
        0.9757796169266041
    ],
    "Downstream PDR": [
        0.0,
        0.0
    ],
    "TicToc PDR": [
        0.0,
        0.0
    ],
    "Packets retransmitted per node AVG": [
        0.0,
        0.0
    ],
    "Counter of retransmission per packet AVG": [
        0.0,
        0.0
    ],
    "Intertime of retransmissions AVG": [
        0.0,
        0.0
    ],
    "Packets delivered": [
        0.9731534623315721,
        0.9758470443654943
    ],
    "Packets lost due to noise": [
        0.024261989089953816,
        0.02483211652757818
    ],
    "Packets collided": [
        0.0,
        0.0
    ],
    "Destinatary out of range": [
        0.0,
        0.0
    ],
    "Packets dropped": [
        0.0,
        0.0
    ],
    "Other causes of loss": [
        -0.00044626288602638627,
        0.0023516505714276195
    ],
    "Queue MN Avg": [
        0.1949866668307998,
        0.19500548248391547
    ],
    "Queue MN Var": [
        3.140320320862071e-08,
        3.5811442660839916e-08
    ],
    "Queue BR Avg": [
        0.0,
        0.0
    ],
    "Queue BR Var": [
        0.0,
        0.0
    ],
    "Upstream Delay Avg": [
        0.38402060470464355,
        0.3842862529314716
    ],
    "Upstream Delay 95th Perc": [
        0.7283190248160686,
        0.7285786017946169
    ],
    "Upstream Delay Var": [
        0.048768941422180974,
        0.048791759159517785
    ],
    "Downstream Delay Avg": [
        0.0,
        0.0
    ],
    "Downstream Delay 95th Perc": [
        0.0,
        0.0
    ],
    "Downstream Delay Var": [
        0.0,
        0.0
    ],
    "RTT Avg": [
        0.0,
        0.0
    ],
    "RTT 95th Perc": [
        0.0,
        0.0
    ],
    "RTT Var": [
        0.0,
        0.0
    ]
}