{
    "Upstream PDR": [
        0.3559538220749775,
        0.36474228182112645
    ],
    "Downstream PDR": [
        0.8553001689216451,
        0.8630233173387551
    ],
    "TicToc PDR": [
        0.30508792363666903,
        0.3142436780949326
    ],
    "Packets retransmitted per node AVG": [
        0.0,
        0.0
    ],
    "Counter of retransmission per packet AVG": [
        0.0,
        0.0
    ],
    "Intertime of retransmissions AVG": [
        0.0,
        0.0
    ],
    "Packets delivered": [
        0.4892530285644137,
        0.4989118334332802
    ],
    "Packets lost due to noise": [
        0.09363007681541882,
        0.09772414765054255
    ],
    "Packets collided": [
        0.0,
        0.0
    ],
    "Destinatary out of range": [
        0.0,
        0.0
    ],
    "Packets dropped": [
        0.0,
        0.0
    ],
    "Other causes of loss": [
        0.4055210633789019,
        0.41495985015744286
    ],
    "Queue MN Avg": [
        0.2324832628043281,
        0.2325058507822408
    ],
    "Queue MN Var": [
        3.112562700858488e-08,
        3.639729782985205e-08
    ],
    "Queue BR Avg": [
        0.07519568623817037,
        0.07705251465384218
    ],
    "Queue BR Var": [
        0.003064407265646968,
        0.0036383144142820584
    ],
    "Upstream Delay Avg": [
        0.45893230300686244,
        0.4595787164809029
    ],
    "Upstream Delay 95th Perc": [
        0.8707601337868585,
        0.8712353824992558
    ],
    "Upstream Delay Var": [
        0.06970619723845185,
        0.06982836359529639
    ],
    "Downstream Delay Avg": [
        0.46499999995218994,
        0.4649999999622119
    ],
    "Downstream Delay 95th Perc": [
        0.4650000030090951,
        0.46500000305249695
    ],
    "Downstream Delay Var": [
        5.480609243905325e-18,
        5.7505820131432805e-18
    ],
    "RTT Avg": [
        1286.2109913180664,
        1289.3693105656505
    ],
    "RTT 95th Perc": [
        2238.6987693774354,
        2249.600638818033
    ],
    "RTT Var": [
        385058.93448491424,
        390006.94150807586
    ]
}