{
    "Upstream PDR": [
        0.5502958793348671,
        0.5522917108527234
    ],
    "Downstream PDR": [
        0.749123400130979,
        0.7504374883003635
    ],
    "TicToc PDR": [
        0.4126819754454169,
        0.414011242447801
    ],
    "Packets retransmitted per node AVG": [
        0.0,
        0.0
    ],
    "Counter of retransmission per packet AVG": [
        0.0,
        0.0
    ],
    "Intertime of retransmissions AVG": [
        0.0,
        0.0
    ],
    "Packets delivered": [
        0.74813121248044,
        0.7498048312610961
    ],
    "Packets lost due to noise": [
        0.21971173449339676,
        0.22042815060505838
    ],
    "Packets collided": [
        0.0,
        0.0
    ],
    "Destinatary out of range": [
        0.0,
        0.0
    ],
    "Packets dropped": [
        0.0,
        0.0
    ],
    "Other causes of loss": [
        0.030315844664083172,
        0.031608226495925276
    ],
    "Queue MN Avg": [
        171.31934998562045,
        171.3394751865092
    ],
    "Queue MN Var": [
        0.08198820606841997,
        0.0864155231796882
    ],
    "Queue BR Avg": [
        33.79248294354284,
        33.915230403196354
    ],
    "Queue BR Var": [
        0.0,
        0.0
    ],
    "Upstream Delay Avg": [
        342.53303371756664,
        342.81635330458374
    ],
    "Upstream Delay 95th Perc": [
        603.4015929423767,
        603.6081369204162
    ],
    "Upstream Delay Var": [
        27988.065757934022,
        28019.906579840277
    ],
    "Downstream Delay Avg": [
        1.3650000000000087,
        1.365000000000009
    ],
    "Downstream Delay 95th Perc": [
        1.3649999999999969,
        1.3649999999999973
    ],
    "Downstream Delay Var": [
        4.364881312505303e-29,
        4.38087440735038e-29
    ],
    "RTT Avg": [
        1299.0451255083437,
        1300.5204638048501
    ],
    "RTT 95th Perc": [
        2287.8470654462863,
        2289.0221238208933
    ],
    "RTT Var": [
        403259.8299545073,
        404180.8777100466
    ]
}{
    "Upstream PDR": [
        0.5502958793348671,
        0.5522917108527234
    ],
    "Downstream PDR": [
        0.749123400130979,
        0.7504374883003635
    ],
    "TicToc PDR": [
        0.4126819754454169,
        0.414011242447801
    ],
    "Packets retransmitted per node AVG": [
        0.0,
        0.0
    ],
    "Counter of retransmission per packet AVG": [
        0.0,
        0.0
    ],
    "Intertime of retransmissions AVG": [
        0.0,
        0.0
    ],
    "Packets delivered": [
        0.74813121248044,
        0.7498048312610961
    ],
    "Packets lost due to noise": [
        0.21971173449339676,
        0.22042815060505838
    ],
    "Packets collided": [
        0.0,
        0.0
    ],
    "Destinatary out of range": [
        0.0,
        0.0
    ],
    "Packets dropped": [
        0.0,
        0.0
    ],
    "Other causes of loss": [
        0.030315844664083172,
        0.031608226495925276
    ],
    "Queue MN Avg": [
        171.31934998562045,
        171.3394751865092
    ],
    "Queue MN Var": [
        0.08198820606841997,
        0.0864155231796882
    ],
    "Queue BR Avg": [
        33.79248294354284,
        33.915230403196354
    ],
    "Queue BR Var": [
        0.0,
        0.0
    ],
    "Upstream Delay Avg": [
        342.53303371756664,
        342.81635330458374
    ],
    "Upstream Delay 95th Perc": [
        603.4015929423767,
        603.6081369204162
    ],
    "Upstream Delay Var": [
        27988.065757934022,
        28019.906579840277
    ],
    "Downstream Delay Avg": [
        1.3650000000000087,
        1.365000000000009
    ],
    "Downstream Delay 95th Perc": [
        1.3649999999999969,
        1.3649999999999973
    ],
    "Downstream Delay Var": [
        4.364881312505303e-29,
        4.38087440735038e-29
    ],
    "RTT Avg": [
        1299.0451255083437,
        1300.5204638048501
    ],
    "RTT 95th Perc": [
        2287.8470654462863,
        2289.0221238208933
    ],
    "RTT Var": [
        403259.8299545073,
        404180.8777100466
    ]
}{
    "Upstream PDR": [
        0.5502958793348671,
        0.5522917108527234
    ],
    "Downstream PDR": [
        0.749123400130979,
        0.7504374883003635
    ],
    "TicToc PDR": [
        0.4126819754454169,
        0.414011242447801
    ],
    "Packets retransmitted per node AVG": [
        0.0,
        0.0
    ],
    "Counter of retransmission per packet AVG": [
        0.0,
        0.0
    ],
    "Intertime of retransmissions AVG": [
        0.0,
        0.0
    ],
    "Packets delivered": [
        0.74813121248044,
        0.7498048312610961
    ],
    "Packets lost due to noise": [
        0.21971173449339676,
        0.22042815060505838
    ],
    "Packets collided": [
        0.0,
        0.0
    ],
    "Destinatary out of range": [
        0.0,
        0.0
    ],
    "Packets dropped": [
        0.0,
        0.0
    ],
    "Other causes of loss": [
        0.030315844664083172,
        0.031608226495925276
    ],
    "Queue MN Avg": [
        171.31934998562045,
        171.3394751865092
    ],
    "Queue MN Var": [
        0.08198820606841997,
        0.0864155231796882
    ],
    "Queue BR Avg": [
        33.79248294354284,
        33.915230403196354
    ],
    "Queue BR Var": [
        0.0,
        0.0
    ],
    "Upstream Delay Avg": [
        342.53303371756664,
        342.81635330458374
    ],
    "Upstream Delay 95th Perc": [
        603.4015929423767,
        603.6081369204162
    ],
    "Upstream Delay Var": [
        27988.065757934022,
        28019.906579840277
    ],
    "Downstream Delay Avg": [
        1.3650000000000087,
        1.365000000000009
    ],
    "Downstream Delay 95th Perc": [
        1.3649999999999969,
        1.3649999999999973
    ],
    "Downstream Delay Var": [
        4.364881312505303e-29,
        4.38087440735038e-29
    ],
    "RTT Avg": [
        1299.0451255083437,
        1300.5204638048501
    ],
    "RTT 95th Perc": [
        2287.8470654462863,
        2289.0221238208933
    ],
    "RTT Var": [
        403259.8299545073,
        404180.8777100466
    ]
}