{
    "Upstream PDR": [
        0.054703826035361114,
        0.05703643370489862
    ],
    "Downstream PDR": [
        0.7273098592618222,
        0.7336520426947403
    ],
    "TicToc PDR": [
        0.039935902170411715,
        0.04169111081660127
    ],
    "Packets retransmitted per node AVG": [
        0.0,
        0.0
    ],
    "Counter of retransmission per packet AVG": [
        0.0,
        0.0
    ],
    "Intertime of retransmissions AVG": [
        0.0,
        0.0
    ],
    "Packets delivered": [
        0.14314646607299938,
        0.14814039218497901
    ],
    "Packets lost due to noise": [
        0.07050582404100676,
        0.07264309891870678
    ],
    "Packets collided": [
        0.0,
        0.0
    ],
    "Destinatary out of range": [
        0.0,
        0.0
    ],
    "Packets dropped": [
        0.0,
        0.0
    ],
    "Other causes of loss": [
        0.7793784855739015,
        0.7861857332084065
    ],
    "Queue MN Avg": [
        218.89581090451819,
        218.91399058416758
    ],
    "Queue MN Var": [
        0.085771876064893,
        0.09069230346439136
    ],
    "Queue BR Avg": [
        0.2958196000239854,
        0.3084234990401727
    ],
    "Queue BR Var": [
        0.07098143741107826,
        0.08635385928028155
    ],
    "Upstream Delay Avg": [
        437.16632810776673,
        445.2902574166251
    ],
    "Upstream Delay 95th Perc": [
        767.1842908296654,
        771.9622355903567
    ],
    "Upstream Delay Var": [
        43762.943610144735,
        45263.72734446208
    ],
    "Downstream Delay Avg": [
        1.5149999999826531,
        1.5150000000859434
    ],
    "Downstream Delay 95th Perc": [
        1.5150000084211803,
        1.5150000089304902
    ],
    "Downstream Delay Var": [
        3.882852984126806e-17,
        4.600071943843525e-17
    ],
    "RTT Avg": [
        1294.5294704308337,
        1326.6131643375568
    ],
    "RTT 95th Perc": [
        1830.703661829622,
        1871.4048721695744
    ],
    "RTT Var": [
        222205.05723549897,
        238064.68094779667
    ]
}