{
    "Upstream PDR": [
        0.0866493284648733,
        0.09305197023642542
    ],
    "Downstream PDR": [
        0.7423442438602409,
        0.7484352810291336
    ],
    "TicToc PDR": [
        0.06451007393838563,
        0.06950118147286975
    ],
    "Packets retransmitted per node AVG": [
        0.0,
        0.0
    ],
    "Counter of retransmission per packet AVG": [
        0.0,
        0.0
    ],
    "Intertime of retransmissions AVG": [
        0.0,
        0.0
    ],
    "Packets delivered": [
        0.15868394667316568,
        0.16818592379811184
    ],
    "Packets lost due to noise": [
        0.06804384279077126,
        0.0716180456823317
    ],
    "Packets collided": [
        -6.583508785452722e-07,
        6.5836032142901104e-06
    ],
    "Destinatary out of range": [
        -1.6515755006350198e-06,
        2.3863701484676355e-05
    ],
    "Packets dropped": [
        0.0,
        0.0
    ],
    "Other causes of loss": [
        0.7603036735527818,
        0.7731364301245182
    ],
    "Queue MN Avg": [
        0.4574908872145862,
        0.4575242005156106
    ],
    "Queue MN Var": [
        1.2319017233109694e-07,
        1.3886863573732195e-07
    ],
    "Queue BR Avg": [
        0.07208043242137605,
        0.07740775592511387
    ],
    "Queue BR Var": [
        0.0048378373565722875,
        0.006129882795191321
    ],
    "Upstream Delay Avg": [
        0.9075189854285153,
        0.909941783370315
    ],
    "Upstream Delay 95th Perc": [
        1.7252127301056348,
        1.7274640853924799
    ],
    "Upstream Delay Var": [
        0.2741251320496449,
        0.2751401726019869
    ],
    "Downstream Delay Avg": [
        0.9149999999769924,
        0.9150000000583605
    ],
    "Downstream Delay 95th Perc": [
        0.9150000053330777,
        0.9150000058325846
    ],
    "Downstream Delay Var": [
        1.3634607046428698e-17,
        2.0186197845532054e-17
    ],
    "RTT Avg": [
        1296.5982193113693,
        1326.0694387752826
    ],
    "RTT 95th Perc": [
        1808.1244934729486,
        1846.5199416796447
    ],
    "RTT Var": [
        205092.4950210126,
        222908.52030187333
    ]
}