{
    "Upstream PDR": [
        0.4977197641398644,
        0.4998395432194429
    ],
    "Downstream PDR": [
        0.49984533241401197,
        0.5019550993528243
    ],
    "TicToc PDR": [
        0.24931132858612018,
        0.2503562038814122
    ],
    "Packets retransmitted per node AVG": [
        0.0,
        0.0
    ],
    "Counter of retransmission per packet AVG": [
        0.0,
        0.0
    ],
    "Intertime of retransmissions AVG": [
        0.0,
        0.0
    ],
    "Packets delivered": [
        0.4987718207166007,
        0.5000603824202082
    ],
    "Packets lost due to noise": [
        0.38101280876889665,
        0.3819539718818802
    ],
    "Packets collided": [
        -2.627788494891509e-07,
        8.102553251093391e-07
    ],
    "Destinatary out of range": [
        -2.627788494891509e-07,
        8.102553251093391e-07
    ],
    "Packets dropped": [
        0.0,
        0.0
    ],
    "Other causes of loss": [
        0.11847539629887624,
        0.11972452496058666
    ],
    "Queue MN Avg": [
        0.45750705999993124,
        0.45753423564160045
    ],
    "Queue MN Var": [
        1.1841559450807023e-07,
        1.3034611180811507e-07
    ],
    "Queue BR Avg": [
        13.663806519396482,
        13.721962117210944
    ],
    "Queue BR Var": [
        0.0,
        0.0
    ],
    "Upstream Delay Avg": [
        0.9091862946929579,
        0.9106268735052141
    ],
    "Upstream Delay 95th Perc": [
        1.7258208649947933,
        1.727024656692464
    ],
    "Upstream Delay Var": [
        0.27413899460963304,
        0.27473970865902736
    ],
    "Downstream Delay Avg": [
        0.9149999999999988,
        0.914999999999999
    ],
    "Downstream Delay 95th Perc": [
        0.9149999999999994,
        0.9149999999999994
    ],
    "Downstream Delay Var": [
        4.67910760517865e-30,
        4.80633944901156e-30
    ],
    "RTT Avg": [
        1298.2353018436013,
        1300.7539954307802
    ],
    "RTT 95th Perc": [
        2286.2775219953605,
        2288.0562720937264
    ],
    "RTT Var": [
        402623.66142284084,
        404460.8486199922
    ]
}{
    "Upstream PDR": [
        0.4977197641398644,
        0.4998395432194429
    ],
    "Downstream PDR": [
        0.49984533241401197,
        0.5019550993528243
    ],
    "TicToc PDR": [
        0.24931132858612018,
        0.2503562038814122
    ],
    "Packets retransmitted per node AVG": [
        0.0,
        0.0
    ],
    "Counter of retransmission per packet AVG": [
        0.0,
        0.0
    ],
    "Intertime of retransmissions AVG": [
        0.0,
        0.0
    ],
    "Packets delivered": [
        0.4987718207166007,
        0.5000603824202082
    ],
    "Packets lost due to noise": [
        0.38101280876889665,
        0.3819539718818802
    ],
    "Packets collided": [
        -2.627788494891509e-07,
        8.102553251093391e-07
    ],
    "Destinatary out of range": [
        -2.627788494891509e-07,
        8.102553251093391e-07
    ],
    "Packets dropped": [
        0.0,
        0.0
    ],
    "Other causes of loss": [
        0.11847539629887624,
        0.11972452496058666
    ],
    "Queue MN Avg": [
        0.45750705999993124,
        0.45753423564160045
    ],
    "Queue MN Var": [
        1.1841559450807023e-07,
        1.3034611180811507e-07
    ],
    "Queue BR Avg": [
        13.663806519396482,
        13.721962117210944
    ],
    "Queue BR Var": [
        0.0,
        0.0
    ],
    "Upstream Delay Avg": [
        0.9091862946929579,
        0.9106268735052141
    ],
    "Upstream Delay 95th Perc": [
        1.7258208649947933,
        1.727024656692464
    ],
    "Upstream Delay Var": [
        0.27413899460963304,
        0.27473970865902736
    ],
    "Downstream Delay Avg": [
        0.9149999999999988,
        0.914999999999999
    ],
    "Downstream Delay 95th Perc": [
        0.9149999999999994,
        0.9149999999999994
    ],
    "Downstream Delay Var": [
        4.67910760517865e-30,
        4.80633944901156e-30
    ],
    "RTT Avg": [
        1298.2353018436013,
        1300.7539954307802
    ],
    "RTT 95th Perc": [
        2286.2775219953605,
        2288.0562720937264
    ],
    "RTT Var": [
        402623.66142284084,
        404460.8486199922
    ]
}{
    "Upstream PDR": [
        0.4977197641398644,
        0.4998395432194429
    ],
    "Downstream PDR": [
        0.49984533241401197,
        0.5019550993528243
    ],
    "TicToc PDR": [
        0.24931132858612018,
        0.2503562038814122
    ],
    "Packets retransmitted per node AVG": [
        0.0,
        0.0
    ],
    "Counter of retransmission per packet AVG": [
        0.0,
        0.0
    ],
    "Intertime of retransmissions AVG": [
        0.0,
        0.0
    ],
    "Packets delivered": [
        0.4987718207166007,
        0.5000603824202082
    ],
    "Packets lost due to noise": [
        0.38101280876889665,
        0.3819539718818802
    ],
    "Packets collided": [
        -2.627788494891509e-07,
        8.102553251093391e-07
    ],
    "Destinatary out of range": [
        -2.627788494891509e-07,
        8.102553251093391e-07
    ],
    "Packets dropped": [
        0.0,
        0.0
    ],
    "Other causes of loss": [
        0.11847539629887624,
        0.11972452496058666
    ],
    "Queue MN Avg": [
        0.45750705999993124,
        0.45753423564160045
    ],
    "Queue MN Var": [
        1.1841559450807023e-07,
        1.3034611180811507e-07
    ],
    "Queue BR Avg": [
        13.663806519396482,
        13.721962117210944
    ],
    "Queue BR Var": [
        0.0,
        0.0
    ],
    "Upstream Delay Avg": [
        0.9091862946929579,
        0.9106268735052141
    ],
    "Upstream Delay 95th Perc": [
        1.7258208649947933,
        1.727024656692464
    ],
    "Upstream Delay Var": [
        0.27413899460963304,
        0.27473970865902736
    ],
    "Downstream Delay Avg": [
        0.9149999999999988,
        0.914999999999999
    ],
    "Downstream Delay 95th Perc": [
        0.9149999999999994,
        0.9149999999999994
    ],
    "Downstream Delay Var": [
        4.67910760517865e-30,
        4.80633944901156e-30
    ],
    "RTT Avg": [
        1298.2353018436013,
        1300.7539954307802
    ],
    "RTT 95th Perc": [
        2286.2775219953605,
        2288.0562720937264
    ],
    "RTT Var": [
        402623.66142284084,
        404460.8486199922
    ]
}