{
    "Upstream PDR": [
        0.99346183311608,
        0.9958628422085949
    ],
    "Downstream PDR": [
        0.0,
        0.0
    ],
    "TicToc PDR": [
        0.0,
        0.0
    ],
    "Packets retransmitted per node AVG": [
        0.0,
        0.0
    ],
    "Counter of retransmission per packet AVG": [
        0.0,
        0.0
    ],
    "Intertime of retransmissions AVG": [
        0.0,
        0.0
    ],
    "Packets delivered": [
        0.9934952095537654,
        0.9958872705362255
    ],
    "Packets lost due to noise": [
        0.00409949553127837,
        0.006410482265801452
    ],
    "Packets collided": [
        0.0,
        0.0
    ],
    "Destinatary out of range": [
        0.0,
        0.0
    ],
    "Packets dropped": [
        0.0,
        0.0
    ],
    "Other causes of loss": [
        3.221298481640759e-06,
        0.00010432081444803248
    ],
    "Queue MN Avg": [
        0.05955115449854981,
        0.060272000541764625
    ],
    "Queue MN Var": [
        1.059127495671043e-05,
        1.3825532226241917e-05
    ],
    "Queue BR Avg": [
        0.0,
        0.0
    ],
    "Queue BR Var": [
        0.0,
        0.0
    ],
    "Upstream Delay Avg": [
        0.1133248727146657,
        0.11481406863241193
    ],
    "Upstream Delay 95th Perc": [
        0.21434876917917783,
        0.2166308311580793
    ],
    "Upstream Delay Var": [
        0.004208425053867413,
        0.00422061412392456
    ],
    "Downstream Delay Avg": [
        0.0,
        0.0
    ],
    "Downstream Delay 95th Perc": [
        0.0,
        0.0
    ],
    "Downstream Delay Var": [
        0.0,
        0.0
    ],
    "RTT Avg": [
        0.0,
        0.0
    ],
    "RTT 95th Perc": [
        0.0,
        0.0
    ],
    "RTT Var": [
        0.0,
        0.0
    ]
}