{
    "Upstream PDR": [
        0.9653332020189546,
        0.9710044603187077
    ],
    "Downstream PDR": [
        0.0,
        0.0
    ],
    "TicToc PDR": [
        0.0,
        0.0
    ],
    "Packets retransmitted per node AVG": [
        0.0,
        0.0
    ],
    "Counter of retransmission per packet AVG": [
        0.0,
        0.0
    ],
    "Intertime of retransmissions AVG": [
        0.0,
        0.0
    ],
    "Packets delivered": [
        0.9652535153124288,
        0.9709992237558301
    ],
    "Packets lost due to noise": [
        0.028195281048149223,
        0.03333993235965316
    ],
    "Packets collided": [
        0.0,
        0.0
    ],
    "Destinatary out of range": [
        0.0,
        0.0
    ],
    "Packets dropped": [
        0.0,
        0.0
    ],
    "Other causes of loss": [
        0.0005783087593353828,
        0.0016337387646038282
    ],
    "Queue MN Avg": [
        0.10499057763951108,
        0.10500614961826527
    ],
    "Queue MN Var": [
        9.440398981347613e-09,
        1.1724103216077275e-08
    ],
    "Queue BR Avg": [
        0.0,
        0.0
    ],
    "Queue BR Var": [
        0.0,
        0.0
    ],
    "Upstream Delay Avg": [
        0.2040552311482962,
        0.20430198172856773
    ],
    "Upstream Delay 95th Perc": [
        0.38619537283177785,
        0.38642958198919364
    ],
    "Upstream Delay Var": [
        0.013664925567487135,
        0.013674054752317828
    ],
    "Downstream Delay Avg": [
        0.0,
        0.0
    ],
    "Downstream Delay 95th Perc": [
        0.0,
        0.0
    ],
    "Downstream Delay Var": [
        0.0,
        0.0
    ],
    "RTT Avg": [
        0.0,
        0.0
    ],
    "RTT 95th Perc": [
        0.0,
        0.0
    ],
    "RTT Var": [
        0.0,
        0.0
    ]
}