{
    "Upstream PDR": [
        0.939118032088546,
        0.9517079419374278
    ],
    "Downstream PDR": [
        0.8699609994911647,
        0.897256856783441
    ],
    "TicToc PDR": [
        0.8180924912756201,
        0.8539854308023022
    ],
    "Packets retransmitted per node AVG": [
        0.0,
        0.0
    ],
    "Counter of retransmission per packet AVG": [
        0.0,
        0.0
    ],
    "Intertime of retransmissions AVG": [
        0.0,
        0.0
    ],
    "Packets delivered": [
        0.90598769165119,
        0.9250073548247286
    ],
    "Packets lost due to noise": [
        0.06629565516540384,
        0.08251913818662682
    ],
    "Packets collided": [
        0.0,
        0.0
    ],
    "Destinatary out of range": [
        0.0,
        0.0
    ],
    "Packets dropped": [
        0.0,
        0.0
    ],
    "Other causes of loss": [
        0.008633104201090041,
        0.011557055970960886
    ],
    "Queue MN Avg": [
        0.08249031744846085,
        0.08250914683477818
    ],
    "Queue MN Var": [
        6.397549657804377e-09,
        8.083544207768267e-09
    ],
    "Queue BR Avg": [
        0.033686130255686834,
        0.034137436079533325
    ],
    "Queue BR Var": [
        0.0022208936982353353,
        0.00267784452502585
    ],
    "Upstream Delay Avg": [
        0.15903638841999765,
        0.15942233873841596
    ],
    "Upstream Delay 95th Perc": [
        0.30054925847279035,
        0.30098923557212387
    ],
    "Upstream Delay Var": [
        0.008261592746125253,
        0.008274211571134896
    ],
    "Downstream Delay Avg": [
        0.16500000000000062,
        0.16500000000000078
    ],
    "Downstream Delay 95th Perc": [
        0.165,
        0.165
    ],
    "Downstream Delay Var": [
        1.5393921180084283e-30,
        1.9434330255665302e-30
    ],
    "RTT Avg": [
        1299.0012507144706,
        1301.5915905399856
    ],
    "RTT 95th Perc": [
        2288.3607337143417,
        2289.9618745236526
    ],
    "RTT Var": [
        402811.1261566628,
        403780.31255383976
    ]
}