{
    "Upstream PDR": [
        0.632474962018793,
        0.6685617726750848
    ],
    "Downstream PDR": [
        0.0,
        0.0
    ],
    "TicToc PDR": [
        0.0,
        0.0
    ],
    "Packets retransmitted per node AVG": [
        0.0,
        0.0
    ],
    "Counter of retransmission per packet AVG": [
        0.0,
        0.0
    ],
    "Intertime of retransmissions AVG": [
        0.0,
        0.0
    ],
    "Packets delivered": [
        0.6324761531728388,
        0.6685393490032531
    ],
    "Packets lost due to noise": [
        0.12963510935070285,
        0.14218646812325483
    ],
    "Packets collided": [
        0.0,
        0.0
    ],
    "Destinatary out of range": [
        -3.3525904431524425e-07,
        1.0337415909826093e-06
    ],
    "Packets dropped": [
        0.0,
        0.0
    ],
    "Other causes of loss": [
        0.19658377410590988,
        0.23057844776149367
    ],
    "Queue MN Avg": [
        0.3373948627200412,
        0.3375565762980554
    ],
    "Queue MN Var": [
        5.991625494566327e-06,
        6.434761864943136e-06
    ],
    "Queue BR Avg": [
        0.0,
        0.0
    ],
    "Queue BR Var": [
        0.0,
        0.0
    ],
    "Upstream Delay Avg": [
        0.6686773563894943,
        0.6694924520289993
    ],
    "Upstream Delay 95th Perc": [
        1.2694856480461492,
        1.2701158230814515
    ],
    "Upstream Delay Var": [
        0.14844853808371625,
        0.14865366904694524
    ],
    "Downstream Delay Avg": [
        0.0,
        0.0
    ],
    "Downstream Delay 95th Perc": [
        0.0,
        0.0
    ],
    "Downstream Delay Var": [
        0.0,
        0.0
    ],
    "RTT Avg": [
        0.0,
        0.0
    ],
    "RTT 95th Perc": [
        0.0,
        0.0
    ],
    "RTT Var": [
        0.0,
        0.0
    ]
}