{
    "Upstream PDR": [
        0.658862262292159,
        0.6608857896558927
    ],
    "Downstream PDR": [
        0.9727697694717201,
        0.9755251596233612
    ],
    "TicToc PDR": [
        0.6414224942226939,
        0.6442086746084746
    ],
    "Packets retransmitted per node AVG": [
        0.0,
        0.0
    ],
    "Counter of retransmission per packet AVG": [
        0.0,
        0.0
    ],
    "Intertime of retransmissions AVG": [
        0.0,
        0.0
    ],
    "Packets delivered": [
        0.9836166433410971,
        0.9857445176254669
    ],
    "Packets lost due to noise": [
        0.012173722403171761,
        0.013672578704494474
    ],
    "Packets collided": [
        0.0,
        0.0
    ],
    "Destinatary out of range": [
        0.0,
        0.0
    ],
    "Packets dropped": [
        0.0,
        0.0
    ],
    "Other causes of loss": [
        0.001665818508540402,
        0.003126719417229463
    ],
    "Queue MN Avg": [
        218.89658615632598,
        218.91954825984695
    ],
    "Queue MN Var": [
        0.08223338518503921,
        0.08726784144311166
    ],
    "Queue BR Avg": [
        1.3062550491637377,
        1.3413525629981007
    ],
    "Queue BR Var": [
        0.5688296797309629,
        1.0026847534559693
    ],
    "Upstream Delay Avg": [
        437.86269278193674,
        437.9157132263206
    ],
    "Upstream Delay 95th Perc": [
        771.2807544414595,
        771.3343438692077
    ],
    "Upstream Delay Var": [
        45749.41636791858,
        45754.9332090013
    ],
    "Downstream Delay Avg": [
        1.505229642489318,
        1.5451260326568723
    ],
    "Downstream Delay 95th Perc": [
        1.4976342515196697,
        1.5685457484803282
    ],
    "Downstream Delay Var": [
        -0.08485869953749851,
        0.2616542895890496
    ],
    "RTT Avg": [
        1299.5299563541655,
        1300.1664799786734
    ],
    "RTT 95th Perc": [
        2288.102113125819,
        2289.180231152632
    ],
    "RTT Var": [
        402918.836310957,
        403569.63657509664
    ]
}