{
    "Upstream PDR": [
        0.05196843837591125,
        0.05423497071499786
    ],
    "Downstream PDR": [
        0.7311739050901227,
        0.739065678406446
    ],
    "TicToc PDR": [
        0.03812760124788109,
        0.03997012602484619
    ],
    "Packets retransmitted per node AVG": [
        0.0,
        0.0
    ],
    "Counter of retransmission per packet AVG": [
        0.0,
        0.0
    ],
    "Intertime of retransmissions AVG": [
        0.0,
        0.0
    ],
    "Packets delivered": [
        0.1435275292457513,
        0.14853157115756055
    ],
    "Packets lost due to noise": [
        0.06565196150874289,
        0.06771079767639582
    ],
    "Packets collided": [
        0.0,
        0.0
    ],
    "Destinatary out of range": [
        0.0,
        0.0
    ],
    "Packets dropped": [
        0.0,
        0.0
    ],
    "Other causes of loss": [
        0.7839626859548441,
        0.7906154544567054
    ],
    "Queue MN Avg": [
        218.89543807477955,
        218.91423497910975
    ],
    "Queue MN Var": [
        0.08570435548507441,
        0.09106130623607067
    ],
    "Queue BR Avg": [
        0.11923570962026751,
        0.12443177192602108
    ],
    "Queue BR Var": [
        0.01209280817320912,
        0.014276236482084731
    ],
    "Upstream Delay Avg": [
        433.54791592267725,
        441.8725513860227
    ],
    "Upstream Delay 95th Perc": [
        766.16215844918,
        772.2958344508206
    ],
    "Upstream Delay Var": [
        43684.96585143978,
        45154.35651016211
    ],
    "Downstream Delay Avg": [
        1.514999999982701,
        1.515000000147647
    ],
    "Downstream Delay 95th Perc": [
        1.5150000082066521,
        1.5150000086177455
    ],
    "Downstream Delay Var": [
        3.6707415028165995e-17,
        4.342593812363995e-17
    ],
    "RTT Avg": [
        1282.98156602917,
        1321.247152822799
    ],
    "RTT 95th Perc": [
        1799.4491724930874,
        1834.87812653809
    ],
    "RTT Var": [
        211767.68698309662,
        221791.38604986892
    ]
}