{
    "Upstream PDR": [
        0.8516864722545837,
        0.854526514758403
    ],
    "Downstream PDR": [
        0.8464826166172119,
        0.848158494916919
    ],
    "TicToc PDR": [
        0.7215254254899829,
        0.7241814390740245
    ],
    "Packets retransmitted per node AVG": [
        0.0,
        0.0
    ],
    "Counter of retransmission per packet AVG": [
        0.0,
        0.0
    ],
    "Intertime of retransmissions AVG": [
        0.0,
        0.0
    ],
    "Packets delivered": [
        0.8752456697445304,
        0.8768268779003755
    ],
    "Packets lost due to noise": [
        0.10253581478004355,
        0.10361994305367637
    ],
    "Packets collided": [
        -1.8336647315736107e-06,
        1.159160139290647e-05
    ],
    "Destinatary out of range": [
        -9.020825664182148e-07,
        5.585319014370995e-06
    ],
    "Packets dropped": [
        0.0,
        0.0
    ],
    "Other causes of loss": [
        0.020030239720724746,
        0.021727013627540367
    ],
    "Queue MN Avg": [
        35.7353141842112,
        35.755143245532544
    ],
    "Queue MN Var": [
        0.07777296404319889,
        0.08271987763363048
    ],
    "Queue BR Avg": [
        1.670777807825747,
        1.6760982869985104
    ],
    "Queue BR Var": [
        0.9465425475038982,
        0.9816018808440303
    ],
    "Upstream Delay Avg": [
        71.43532394690618,
        71.49669096310888
    ],
    "Upstream Delay 95th Perc": [
        125.28158843654874,
        125.33739350281697
    ],
    "Upstream Delay Var": [
        1192.6222329628629,
        1193.9106404231409
    ],
    "Downstream Delay Avg": [
        1.064945296743139,
        1.0653204696663752
    ],
    "Downstream Delay 95th Perc": [
        1.0641713033261848,
        1.0675552411408005
    ],
    "Downstream Delay Var": [
        -0.00010459105245596363,
        0.0006242009243247941
    ],
    "RTT Avg": [
        1299.0584151022422,
        1301.0664829344673
    ],
    "RTT 95th Perc": [
        2287.2672149396885,
        2288.9930953170815
    ],
    "RTT Var": [
        402814.0565695637,
        403737.3589160417
    ]
}