{
    "Upstream PDR": [
        0.9930601596906677,
        0.9963943857638781
    ],
    "Downstream PDR": [
        0.0,
        0.0
    ],
    "TicToc PDR": [
        0.0,
        0.0
    ],
    "Packets retransmitted per node AVG": [
        0.0,
        0.0
    ],
    "Counter of retransmission per packet AVG": [
        0.0,
        0.0
    ],
    "Intertime of retransmissions AVG": [
        0.0,
        0.0
    ],
    "Packets delivered": [
        0.993100368735513,
        0.9964727737589699
    ],
    "Packets lost due to noise": [
        0.0025817853932495393,
        0.003493132302206714
    ],
    "Packets collided": [
        0.0,
        0.0
    ],
    "Destinatary out of range": [
        0.0,
        0.0
    ],
    "Packets dropped": [
        0.0,
        0.0
    ],
    "Other causes of loss": [
        0.0005864310676897992,
        0.003765508742370702
    ],
    "Queue MN Avg": [
        0.3824585920959809,
        0.3825128493320633
    ],
    "Queue MN Var": [
        4.914959908797586e-07,
        5.288978267119224e-07
    ],
    "Queue BR Avg": [
        0.0,
        0.0
    ],
    "Queue BR Var": [
        0.0,
        0.0
    ],
    "Upstream Delay Avg": [
        0.7586399773751757,
        0.7592053232699401
    ],
    "Upstream Delay 95th Perc": [
        1.4406422320831,
        1.4409323308265576
    ],
    "Upstream Delay Var": [
        0.1912433960843391,
        0.19126886257656317
    ],
    "Downstream Delay Avg": [
        0.0,
        0.0
    ],
    "Downstream Delay 95th Perc": [
        0.0,
        0.0
    ],
    "Downstream Delay Var": [
        0.0,
        0.0
    ],
    "RTT Avg": [
        0.0,
        0.0
    ],
    "RTT 95th Perc": [
        0.0,
        0.0
    ],
    "RTT Var": [
        0.0,
        0.0
    ]
}