{
    "Upstream PDR": [
        0.10054091982350677,
        0.10777076848818157
    ],
    "Downstream PDR": [
        0.7294828472805581,
        0.7407370350361884
    ],
    "TicToc PDR": [
        0.07365809053501397,
        0.07966658478966139
    ],
    "Packets retransmitted per node AVG": [
        0.0,
        0.0
    ],
    "Counter of retransmission per packet AVG": [
        0.0,
        0.0
    ],
    "Intertime of retransmissions AVG": [
        0.0,
        0.0
    ],
    "Packets delivered": [
        0.17473859528508126,
        0.18571394504330183
    ],
    "Packets lost due to noise": [
        0.08008918464647376,
        0.08406316414361513
    ],
    "Packets collided": [
        0.0,
        0.0
    ],
    "Destinatary out of range": [
        0.0,
        0.0
    ],
    "Packets dropped": [
        0.0,
        0.0
    ],
    "Other causes of loss": [
        0.7307704156481545,
        0.7446246952333733
    ],
    "Queue MN Avg": [
        0.2325007544959271,
        0.23252312548243687
    ],
    "Queue MN Var": [
        3.03585904732285e-08,
        3.439627089144688e-08
    ],
    "Queue BR Avg": [
        0.05008492190481517,
        0.05368752566936337
    ],
    "Queue BR Var": [
        0.002402599463122237,
        0.0032420912023672695
    ],
    "Upstream Delay Avg": [
        0.45850862585216623,
        0.46005071642243145
    ],
    "Upstream Delay 95th Perc": [
        0.8701762293815357,
        0.8716215878643497
    ],
    "Upstream Delay Var": [
        0.06955985056871758,
        0.06987479651261222
    ],
    "Downstream Delay Avg": [
        0.4649999999859739,
        0.46500000001715885
    ],
    "Downstream Delay 95th Perc": [
        0.46500000281219656,
        0.4650000028935902
    ],
    "Downstream Delay Var": [
        3.7934625802653765e-18,
        4.017693389603063e-18
    ],
    "RTT Avg": [
        1295.152045161603,
        1348.7799405932897
    ],
    "RTT 95th Perc": [
        1875.7586953772452,
        1933.9936753553193
    ],
    "RTT Var": [
        231674.0078612823,
        258480.4511945588
    ]
}