{
    "Upstream PDR": [
        0.24945866725190666,
        0.2504645650713256
    ],
    "Downstream PDR": [
        0.0,
        0.0
    ],
    "TicToc PDR": [
        0.0,
        0.0
    ],
    "Packets retransmitted per node AVG": [
        0.0,
        0.0
    ],
    "Counter of retransmission per packet AVG": [
        0.0,
        0.0
    ],
    "Intertime of retransmissions AVG": [
        0.0,
        0.0
    ],
    "Packets delivered": [
        0.2493981278452149,
        0.25047214800698075
    ],
    "Packets lost due to noise": [
        0.43692521839992493,
        0.43820230226426193
    ],
    "Packets collided": [
        -1.3973928795419721e-05,
        0.0001470912369898815
    ],
    "Destinatary out of range": [
        -4.450728930341407e-06,
        6.693436613397277e-05
    ],
    "Packets dropped": [
        0.0,
        0.0
    ],
    "Other causes of loss": [
        0.31156129022851375,
        0.31324531230970565
    ],
    "Queue MN Avg": [
        0.4348798288604339,
        0.4351377794440308
    ],
    "Queue MN Var": [
        1.2351322402782481e-05,
        1.3171685702152322e-05
    ],
    "Queue BR Avg": [
        0.0,
        0.0
    ],
    "Queue BR Var": [
        0.0,
        0.0
    ],
    "Upstream Delay Avg": [
        0.8640146993729749,
        0.8653727077946527
    ],
    "Upstream Delay 95th Perc": [
        1.6389115064855444,
        1.6403973209527987
    ],
    "Upstream Delay Var": [
        0.24722692127880583,
        0.24801916092556167
    ],
    "Downstream Delay Avg": [
        0.0,
        0.0
    ],
    "Downstream Delay 95th Perc": [
        0.0,
        0.0
    ],
    "Downstream Delay Var": [
        0.0,
        0.0
    ],
    "RTT Avg": [
        0.0,
        0.0
    ],
    "RTT 95th Perc": [
        0.0,
        0.0
    ],
    "RTT Var": [
        0.0,
        0.0
    ]
}