{
    "Upstream PDR": [
        0.0913356796358346,
        0.09699990477974986
    ],
    "Downstream PDR": [
        0.745827327406235,
        0.7540414130146962
    ],
    "TicToc PDR": [
        0.06835401894560975,
        0.07297065637906558
    ],
    "Packets retransmitted per node AVG": [
        0.0,
        0.0
    ],
    "Counter of retransmission per packet AVG": [
        0.0,
        0.0
    ],
    "Intertime of retransmissions AVG": [
        0.0,
        0.0
    ],
    "Packets delivered": [
        0.1672016700352813,
        0.1759541547661626
    ],
    "Packets lost due to noise": [
        0.0695236682345428,
        0.07292352060753605
    ],
    "Packets collided": [
        0.0,
        0.0
    ],
    "Destinatary out of range": [
        -1.3099974037105529e-05,
        4.039261052780072e-05
    ],
    "Packets dropped": [
        0.0,
        0.0
    ],
    "Other causes of loss": [
        0.7514941819222635,
        0.7628755117977232
    ],
    "Queue MN Avg": [
        0.3824617411707468,
        0.38252377499659773
    ],
    "Queue MN Var": [
        4.800294936260195e-07,
        5.280495501124275e-07
    ],
    "Queue BR Avg": [
        0.05293784821235194,
        0.05622169165093349
    ],
    "Queue BR Var": [
        0.0027868211083235685,
        0.003372610767795711
    ],
    "Upstream Delay Avg": [
        0.7585816876154313,
        0.7609137666056097
    ],
    "Upstream Delay 95th Perc": [
        1.4404948605709462,
        1.4418711872184256
    ],
    "Upstream Delay Var": [
        0.19085795028360822,
        0.19156707278804083
    ],
    "Downstream Delay Avg": [
        0.7649927828214983,
        0.7650222533963403
    ],
    "Downstream Delay 95th Perc": [
        0.7650000047320639,
        0.7650000049265965
    ],
    "Downstream Delay Var": [
        -1.0889167023872818e-05,
        3.357578277042607e-05
    ],
    "RTT Avg": [
        1289.6852851631763,
        1323.7589250466292
    ],
    "RTT 95th Perc": [
        1820.253333477723,
        1861.2382606784352
    ],
    "RTT Var": [
        211024.71505602848,
        229063.34567282625
    ]
}