{
    "Upstream PDR": [
        0.2067840511391212,
        0.20972857512350498
    ],
    "Downstream PDR": [
        0.8435320111519198,
        0.847447750079108
    ],
    "TicToc PDR": [
        0.17465794437318408,
        0.17751440411166444
    ],
    "Packets retransmitted per node AVG": [
        0.0,
        0.0
    ],
    "Counter of retransmission per packet AVG": [
        0.0,
        0.0
    ],
    "Intertime of retransmissions AVG": [
        0.0,
        0.0
    ],
    "Packets delivered": [
        0.4011733800576774,
        0.40624539218395256
    ],
    "Packets lost due to noise": [
        0.09003425748016795,
        0.09232376033514232
    ],
    "Packets collided": [
        0.0,
        0.0
    ],
    "Destinatary out of range": [
        -2.8123094362766554e-05,
        8.671507242794603e-05
    ],
    "Packets dropped": [
        0.0,
        0.0
    ],
    "Other causes of loss": [
        0.5023428157963581,
        0.5078218021686365
    ],
    "Queue MN Avg": [
        171.3296780132697,
        171.3474603676429
    ],
    "Queue MN Var": [
        0.08531477619004606,
        0.09126164816498465
    ],
    "Queue BR Avg": [
        0.38420671340913143,
        0.3896917035876228
    ],
    "Queue BR Var": [
        0.04948265879094493,
        0.05855731221491946
    ],
    "Upstream Delay Avg": [
        340.6297046333507,
        341.0986273117243
    ],
    "Upstream Delay 95th Perc": [
        608.3515656673304,
        610.5650025844101
    ],
    "Upstream Delay Var": [
        27315.779744239862,
        27514.57069325588
    ],
    "Downstream Delay Avg": [
        1.364806424231212,
        1.3655968731613097
    ],
    "Downstream Delay 95th Perc": [
        1.364095042884742,
        1.367790391671473
    ],
    "Downstream Delay Var": [
        -0.00041536021661837914,
        0.0012807264664105162
    ],
    "RTT Avg": [
        1286.3041155301773,
        1288.2540430485285
    ],
    "RTT 95th Perc": [
        2237.093736859751,
        2244.69705676855
    ],
    "RTT Var": [
        388288.7736950389,
        391318.3150093322
    ]
}