{
    "Upstream PDR": [
        0.08943022931464659,
        0.09477548497106769
    ],
    "Downstream PDR": [
        0.730427206832767,
        0.7378817651481046
    ],
    "TicToc PDR": [
        0.06553287322661025,
        0.06977102287728584
    ],
    "Packets retransmitted per node AVG": [
        0.0,
        0.0
    ],
    "Counter of retransmission per packet AVG": [
        0.0,
        0.0
    ],
    "Intertime of retransmissions AVG": [
        0.0,
        0.0
    ],
    "Packets delivered": [
        0.1562426886587035,
        0.16371150079706198
    ],
    "Packets lost due to noise": [
        0.07409674578419949,
        0.07740026809453911
    ],
    "Packets collided": [
        -2.5490675892219632e-06,
        7.859824305669597e-06
    ],
    "Destinatary out of range": [
        -9.346581160480525e-06,
        2.8819355787455185e-05
    ],
    "Packets dropped": [
        0.0,
        0.0
    ],
    "Other causes of loss": [
        0.7591307363015087,
        0.7693932768326439
    ],
    "Queue MN Avg": [
        0.3824617411707468,
        0.38252377499659773
    ],
    "Queue MN Var": [
        4.800294936260195e-07,
        5.280495501124275e-07
    ],
    "Queue BR Avg": [
        0.12217837415887964,
        0.12948286252009147
    ],
    "Queue BR Var": [
        0.013339875766973019,
        0.017295530998854343
    ],
    "Upstream Delay Avg": [
        0.7591520430911074,
        0.7613811468221909
    ],
    "Upstream Delay 95th Perc": [
        1.441226718144834,
        1.4429928201332805
    ],
    "Upstream Delay Var": [
        0.1910148516599268,
        0.1918392134534944
    ],
    "Downstream Delay Avg": [
        0.7649999999762098,
        0.765000000042918
    ],
    "Downstream Delay 95th Perc": [
        0.7650000047554368,
        0.7650000049979837
    ],
    "Downstream Delay Var": [
        9.578285359215611e-18,
        1.2814241551694631e-17
    ],
    "RTT Avg": [
        1288.7177958922193,
        1326.9849745801484
    ],
    "RTT 95th Perc": [
        1841.5547656184503,
        1891.0179878609542
    ],
    "RTT Var": [
        221529.05811494248,
        240141.00654407972
    ]
}