{
    "Upstream PDR": [
        0.1919177827730201,
        0.19498899933376204
    ],
    "Downstream PDR": [
        0.8166419405050216,
        0.8222190166484344
    ],
    "TicToc PDR": [
        0.15691353986145956,
        0.1601739060259864
    ],
    "Packets retransmitted per node AVG": [
        0.0,
        0.0
    ],
    "Counter of retransmission per packet AVG": [
        0.0,
        0.0
    ],
    "Intertime of retransmissions AVG": [
        0.0,
        0.0
    ],
    "Packets delivered": [
        0.3715920768999461,
        0.3769300889193514
    ],
    "Packets lost due to noise": [
        0.09807166443775989,
        0.10034276838224018
    ],
    "Packets collided": [
        0.0,
        0.0
    ],
    "Destinatary out of range": [
        -2.4527894229762267e-05,
        7.562959101167697e-05
    ],
    "Packets dropped": [
        0.0,
        0.0
    ],
    "Other causes of loss": [
        0.5238960020753153,
        0.5291162975886053
    ],
    "Queue MN Avg": [
        171.32876992639635,
        171.34605466477828
    ],
    "Queue MN Var": [
        0.08496281390328937,
        0.09064265213973034
    ],
    "Queue BR Avg": [
        0.5115915461479851,
        0.5197932210159298
    ],
    "Queue BR Var": [
        0.07303707742202743,
        0.0873042192901911
    ],
    "Upstream Delay Avg": [
        340.7558261001803,
        341.26529182311043
    ],
    "Upstream Delay 95th Perc": [
        609.5940618340479,
        611.767613844518
    ],
    "Upstream Delay Var": [
        27441.14926132558,
        27629.01480229144
    ],
    "Downstream Delay Avg": [
        1.3649999998727576,
        1.3649999998964861
    ],
    "Downstream Delay 95th Perc": [
        1.3650000084694736,
        1.3650000085670266
    ],
    "Downstream Delay Var": [
        4.191126640669356e-17,
        4.373412858741621e-17
    ],
    "RTT Avg": [
        1286.7176479005543,
        1289.0041881398756
    ],
    "RTT 95th Perc": [
        2243.894321682327,
        2253.013362736267
    ],
    "RTT Var": [
        390190.7024607865,
        393337.2907046044
    ]
}