{
    "Upstream PDR": [
        0.9675605574987156,
        0.9719251567869993
    ],
    "Downstream PDR": [
        0.911685657053666,
        0.9184438945028344
    ],
    "TicToc PDR": [
        0.8827983270639291,
        0.8920224521568497
    ],
    "Packets retransmitted per node AVG": [
        0.0,
        0.0
    ],
    "Counter of retransmission per packet AVG": [
        0.0,
        0.0
    ],
    "Intertime of retransmissions AVG": [
        0.0,
        0.0
    ],
    "Packets delivered": [
        0.9407092398129201,
        0.9454767206477807
    ],
    "Packets lost due to noise": [
        0.047724860715740614,
        0.05182804301753602
    ],
    "Packets collided": [
        0.0,
        0.0
    ],
    "Destinatary out of range": [
        0.0,
        0.0
    ],
    "Packets dropped": [
        0.0,
        0.0
    ],
    "Other causes of loss": [
        0.006732386449347938,
        0.007528749356674267
    ],
    "Queue MN Avg": [
        0.08249465373446083,
        0.08251260279198969
    ],
    "Queue MN Var": [
        6.124113971529138e-09,
        8.449306589342764e-09
    ],
    "Queue BR Avg": [
        0.03193025253465222,
        0.0320742513819236
    ],
    "Queue BR Var": [
        0.0003865638750382411,
        0.0005153639068719968
    ],
    "Upstream Delay Avg": [
        0.15922216335136724,
        0.15956666271067693
    ],
    "Upstream Delay 95th Perc": [
        0.30076870460404964,
        0.30108065230137887
    ],
    "Upstream Delay Var": [
        0.008267173724388689,
        0.008275959614089666
    ],
    "Downstream Delay Avg": [
        0.1650000000026953,
        0.16500000000748086
    ],
    "Downstream Delay 95th Perc": [
        0.16500000219114283,
        0.16500000242526872
    ],
    "Downstream Delay Var": [
        1.6558223778350208e-18,
        1.8964382101731227e-18
    ],
    "RTT Avg": [
        1299.0861862530824,
        1300.6034711408897
    ],
    "RTT 95th Perc": [
        2287.8475713660964,
        2289.3248368392196
    ],
    "RTT Var": [
        403146.04561770166,
        404011.0446297115
    ]
}