{
    "Upstream PDR": [
        0.24777981988777273,
        0.250573426865474
    ],
    "Downstream PDR": [
        0.2487262166910579,
        0.2538841884393482
    ],
    "TicToc PDR": [
        0.06187151420040645,
        0.063370044241152
    ],
    "Packets retransmitted per node AVG": [
        0.0,
        0.0
    ],
    "Counter of retransmission per packet AVG": [
        0.0,
        0.0
    ],
    "Intertime of retransmissions AVG": [
        0.0,
        0.0
    ],
    "Packets delivered": [
        0.24881587933685514,
        0.251346061756946
    ],
    "Packets lost due to noise": [
        0.43654072356127394,
        0.4392872753047865
    ],
    "Packets collided": [
        0.0,
        0.0
    ],
    "Destinatary out of range": [
        0.0,
        0.0
    ],
    "Packets dropped": [
        0.0,
        0.0
    ],
    "Other causes of loss": [
        0.31069808288830564,
        0.3133119771518324
    ],
    "Queue MN Avg": [
        0.08248485340088492,
        0.08250245498294421
    ],
    "Queue MN Var": [
        5.699652918396329e-09,
        7.384793067418498e-09
    ],
    "Queue BR Avg": [
        0.20442139046705818,
        0.206730088792676
    ],
    "Queue BR Var": [
        0.0,
        0.0
    ],
    "Upstream Delay Avg": [
        0.1588507186052174,
        0.159792465950331
    ],
    "Upstream Delay 95th Perc": [
        0.3004977879682718,
        0.3014217143004711
    ],
    "Upstream Delay Var": [
        0.008244173344049106,
        0.008311573826786624
    ],
    "Downstream Delay Avg": [
        0.1649999999999998,
        0.16499999999999987
    ],
    "Downstream Delay 95th Perc": [
        0.165,
        0.165
    ],
    "Downstream Delay Var": [
        5.757936086973571e-32,
        6.473666729737899e-32
    ],
    "RTT Avg": [
        1295.6886598608992,
        1309.7143019536804
    ],
    "RTT 95th Perc": [
        2265.0752647555246,
        2278.501943690275
    ],
    "RTT Var": [
        395593.2620186324,
        405609.6294837196
    ]
}{
    "Upstream PDR": [
        0.24777981988777273,
        0.250573426865474
    ],
    "Downstream PDR": [
        0.2487262166910579,
        0.2538841884393482
    ],
    "TicToc PDR": [
        0.06187151420040645,
        0.063370044241152
    ],
    "Packets retransmitted per node AVG": [
        0.0,
        0.0
    ],
    "Counter of retransmission per packet AVG": [
        0.0,
        0.0
    ],
    "Intertime of retransmissions AVG": [
        0.0,
        0.0
    ],
    "Packets delivered": [
        0.24881587933685514,
        0.251346061756946
    ],
    "Packets lost due to noise": [
        0.43654072356127394,
        0.4392872753047865
    ],
    "Packets collided": [
        0.0,
        0.0
    ],
    "Destinatary out of range": [
        0.0,
        0.0
    ],
    "Packets dropped": [
        0.0,
        0.0
    ],
    "Other causes of loss": [
        0.31069808288830564,
        0.3133119771518324
    ],
    "Queue MN Avg": [
        0.08248485340088492,
        0.08250245498294421
    ],
    "Queue MN Var": [
        5.699652918396329e-09,
        7.384793067418498e-09
    ],
    "Queue BR Avg": [
        0.20442139046705818,
        0.206730088792676
    ],
    "Queue BR Var": [
        0.0,
        0.0
    ],
    "Upstream Delay Avg": [
        0.1588507186052174,
        0.159792465950331
    ],
    "Upstream Delay 95th Perc": [
        0.3004977879682718,
        0.3014217143004711
    ],
    "Upstream Delay Var": [
        0.008244173344049106,
        0.008311573826786624
    ],
    "Downstream Delay Avg": [
        0.1649999999999998,
        0.16499999999999987
    ],
    "Downstream Delay 95th Perc": [
        0.165,
        0.165
    ],
    "Downstream Delay Var": [
        5.757936086973571e-32,
        6.473666729737899e-32
    ],
    "RTT Avg": [
        1295.6886598608992,
        1309.7143019536804
    ],
    "RTT 95th Perc": [
        2265.0752647555246,
        2278.501943690275
    ],
    "RTT Var": [
        395593.2620186324,
        405609.6294837196
    ]
}{
    "Upstream PDR": [
        0.24777981988777273,
        0.250573426865474
    ],
    "Downstream PDR": [
        0.2487262166910579,
        0.2538841884393482
    ],
    "TicToc PDR": [
        0.06187151420040645,
        0.063370044241152
    ],
    "Packets retransmitted per node AVG": [
        0.0,
        0.0
    ],
    "Counter of retransmission per packet AVG": [
        0.0,
        0.0
    ],
    "Intertime of retransmissions AVG": [
        0.0,
        0.0
    ],
    "Packets delivered": [
        0.24881587933685514,
        0.251346061756946
    ],
    "Packets lost due to noise": [
        0.43654072356127394,
        0.4392872753047865
    ],
    "Packets collided": [
        0.0,
        0.0
    ],
    "Destinatary out of range": [
        0.0,
        0.0
    ],
    "Packets dropped": [
        0.0,
        0.0
    ],
    "Other causes of loss": [
        0.31069808288830564,
        0.3133119771518324
    ],
    "Queue MN Avg": [
        0.08248485340088492,
        0.08250245498294421
    ],
    "Queue MN Var": [
        5.699652918396329e-09,
        7.384793067418498e-09
    ],
    "Queue BR Avg": [
        0.20442139046705818,
        0.206730088792676
    ],
    "Queue BR Var": [
        0.0,
        0.0
    ],
    "Upstream Delay Avg": [
        0.1588507186052174,
        0.159792465950331
    ],
    "Upstream Delay 95th Perc": [
        0.3004977879682718,
        0.3014217143004711
    ],
    "Upstream Delay Var": [
        0.008244173344049106,
        0.008311573826786624
    ],
    "Downstream Delay Avg": [
        0.1649999999999998,
        0.16499999999999987
    ],
    "Downstream Delay 95th Perc": [
        0.165,
        0.165
    ],
    "Downstream Delay Var": [
        5.757936086973571e-32,
        6.473666729737899e-32
    ],
    "RTT Avg": [
        1295.6886598608992,
        1309.7143019536804
    ],
    "RTT 95th Perc": [
        2265.0752647555246,
        2278.501943690275
    ],
    "RTT Var": [
        395593.2620186324,
        405609.6294837196
    ]
}