{
    "Upstream PDR": [
        0.9935948832121682,
        0.9971583635410788
    ],
    "Downstream PDR": [
        0.9745749741396581,
        0.9760138911230356
    ],
    "TicToc PDR": [
        0.968880512178489,
        0.972690916392939
    ],
    "Packets retransmitted per node AVG": [
        0.0,
        0.0
    ],
    "Counter of retransmission per packet AVG": [
        0.0,
        0.0
    ],
    "Intertime of retransmissions AVG": [
        0.0,
        0.0
    ],
    "Packets delivered": [
        0.9841963460791455,
        0.9862177586619628
    ],
    "Packets lost due to noise": [
        0.012305871012461961,
        0.013101350562484088
    ],
    "Packets collided": [
        -1.1485859879454336e-06,
        5.674083405710131e-06
    ],
    "Destinatary out of range": [
        -1.9744402910764365e-07,
        6.088011889332693e-07
    ],
    "Packets dropped": [
        0.0,
        0.0
    ],
    "Other causes of loss": [
        0.0011804403030188375,
        0.002993296526349836
    ],
    "Queue MN Avg": [
        0.457486732308837,
        0.4575112254733667
    ],
    "Queue MN Var": [
        1.1632832614874252e-07,
        1.3032010579829356e-07
    ],
    "Queue BR Avg": [
        0.7178508178528988,
        0.7203898412729319
    ],
    "Queue BR Var": [
        0.05071813569014195,
        0.06328821063410144
    ],
    "Upstream Delay Avg": [
        0.9083134413380627,
        0.9092033934530026
    ],
    "Upstream Delay 95th Perc": [
        1.7256397672389403,
        1.725879533436202
    ],
    "Upstream Delay Var": [
        0.274495732257141,
        0.2745321206959455
    ],
    "Downstream Delay Avg": [
        0.914993018120717,
        0.9150745175423186
    ],
    "Downstream Delay 95th Perc": [
        0.9150000063029451,
        0.9150000064631147
    ],
    "Downstream Delay Var": [
        -1.2366005250010804e-05,
        0.00013319596918964002
    ],
    "RTT Avg": [
        1299.8272251213607,
        1300.109748292833
    ],
    "RTT 95th Perc": [
        2289.994479524395,
        2290.296571503411
    ],
    "RTT Var": [
        403769.4650197852,
        403928.5562459971
    ]
}