{
    "Upstream PDR": [
        0.9022156893793892,
        0.9043791158154154
    ],
    "Downstream PDR": [
        0.0,
        0.0
    ],
    "TicToc PDR": [
        0.0,
        0.0
    ],
    "Packets retransmitted per node AVG": [
        0.0,
        0.0
    ],
    "Counter of retransmission per packet AVG": [
        0.0,
        0.0
    ],
    "Intertime of retransmissions AVG": [
        0.0,
        0.0
    ],
    "Packets delivered": [
        0.9020627137017154,
        0.9043249581884205
    ],
    "Packets lost due to noise": [
        0.09133381625936753,
        0.09346683382503256
    ],
    "Packets collided": [
        0.0,
        0.0
    ],
    "Destinatary out of range": [
        0.0,
        0.0
    ],
    "Packets dropped": [
        0.0,
        0.0
    ],
    "Other causes of loss": [
        0.004215580534609941,
        0.004596097490854267
    ],
    "Queue MN Avg": [
        0.10499269196795802,
        0.10500791193081571
    ],
    "Queue MN Var": [
        1.1226429460275644e-08,
        1.383984421104087e-08
    ],
    "Queue BR Avg": [
        0.0,
        0.0
    ],
    "Queue BR Var": [
        0.0,
        0.0
    ],
    "Upstream Delay Avg": [
        0.20407579619080615,
        0.2043466018247231
    ],
    "Upstream Delay 95th Perc": [
        0.3862400657913612,
        0.3864723611142387
    ],
    "Upstream Delay Var": [
        0.013660742124294167,
        0.013678471943575363
    ],
    "Downstream Delay Avg": [
        0.0,
        0.0
    ],
    "Downstream Delay 95th Perc": [
        0.0,
        0.0
    ],
    "Downstream Delay Var": [
        0.0,
        0.0
    ],
    "RTT Avg": [
        0.0,
        0.0
    ],
    "RTT 95th Perc": [
        0.0,
        0.0
    ],
    "RTT Var": [
        0.0,
        0.0
    ]
}