{
    "Upstream PDR": [
        0.9286962387918142,
        0.932822870670153
    ],
    "Downstream PDR": [
        0.9657671359875767,
        0.9697295563608322
    ],
    "TicToc PDR": [
        0.8972486465830344,
        0.9042823367193779
    ],
    "Packets retransmitted per node AVG": [
        0.0,
        0.0
    ],
    "Counter of retransmission per packet AVG": [
        0.0,
        0.0
    ],
    "Intertime of retransmissions AVG": [
        0.0,
        0.0
    ],
    "Packets delivered": [
        0.9742115606434848,
        0.9780306618950102
    ],
    "Packets lost due to noise": [
        0.020091719622264307,
        0.0229212310533483
    ],
    "Packets collided": [
        -2.3415710690706253e-06,
        7.220027150300672e-06
    ],
    "Destinatary out of range": [
        -1.7996366557373153e-07,
        5.549020350792441e-07
    ],
    "Packets dropped": [
        0.0,
        0.0
    ],
    "Other causes of loss": [
        0.001486347201032924,
        0.0032532261904086143
    ],
    "Queue MN Avg": [
        35.74763690392763,
        35.77498176291287
    ],
    "Queue MN Var": [
        0.08091083372017618,
        0.0857022028451637
    ],
    "Queue BR Avg": [
        1.0442679587144683,
        1.0735232496646399
    ],
    "Queue BR Var": [
        0.4891814124935466,
        0.7962023531712763
    ],
    "Upstream Delay Avg": [
        71.48056567173194,
        71.53826413853932
    ],
    "Upstream Delay 95th Perc": [
        125.3210838065573,
        125.37656764527473
    ],
    "Upstream Delay Var": [
        1193.0777433531262,
        1193.4031669707238
    ],
    "Downstream Delay Avg": [
        1.0577299335230503,
        1.0876031652251485
    ],
    "Downstream Delay 95th Perc": [
        1.052600897600114,
        1.1067501228080456
    ],
    "Downstream Delay Var": [
        -0.039035022103978106,
        0.12073633177144111
    ],
    "RTT Avg": [
        1300.2017180037053,
        1300.7676291333812
    ],
    "RTT 95th Perc": [
        2289.6219049645933,
        2289.9543184850445
    ],
    "RTT Var": [
        403302.96711691923,
        404138.7866831026
    ]
}