{
    "Upstream PDR": [
        0.2318112835980476,
        0.24291495016818626
    ],
    "Downstream PDR": [
        0.7862205228162197,
        0.7967648653107767
    ],
    "TicToc PDR": [
        0.1827053120693056,
        0.19340273987874643
    ],
    "Packets retransmitted per node AVG": [
        0.0,
        0.0
    ],
    "Counter of retransmission per packet AVG": [
        0.0,
        0.0
    ],
    "Intertime of retransmissions AVG": [
        0.0,
        0.0
    ],
    "Packets delivered": [
        0.3301877852599048,
        0.34478917786746277
    ],
    "Packets lost due to noise": [
        0.10610910314393814,
        0.109699332781667
    ],
    "Packets collided": [
        0.0,
        0.0
    ],
    "Destinatary out of range": [
        -5.074162456275553e-06,
        2.8343751328344e-05
    ],
    "Packets dropped": [
        0.0,
        0.0
    ],
    "Other causes of loss": [
        0.5474562952405518,
        0.5617350361176038
    ],
    "Queue MN Avg": [
        0.3824671238827403,
        0.3825479872243215
    ],
    "Queue MN Var": [
        4.711661425869667e-07,
        5.285377550187145e-07
    ],
    "Queue BR Avg": [
        0.3166160892948456,
        0.3317708467865517
    ],
    "Queue BR Var": [
        0.033357131170705066,
        0.04499120642298079
    ],
    "Upstream Delay Avg": [
        0.7590346555427734,
        0.7603194591987832
    ],
    "Upstream Delay 95th Perc": [
        1.4405998422222535,
        1.4418715795065475
    ],
    "Upstream Delay Var": [
        0.19115118808063417,
        0.19162002228637262
    ],
    "Downstream Delay Avg": [
        0.7649732916448051,
        0.7651460765289446
    ],
    "Downstream Delay 95th Perc": [
        0.7650000048127655,
        0.7650000049810776
    ],
    "Downstream Delay Var": [
        -3.878655127747581e-05,
        0.00021408778222688617
    ],
    "RTT Avg": [
        1295.4244459668455,
        1307.047376942888
    ],
    "RTT 95th Perc": [
        2260.707563106426,
        2278.225750033131
    ],
    "RTT Var": [
        390019.9915170588,
        396314.21657975775
    ]
}