{
    "Upstream PDR": [
        0.11782924369024236,
        0.12761750955651077
    ],
    "Downstream PDR": [
        0.7445992374280129,
        0.7565833611439848
    ],
    "TicToc PDR": [
        0.08819580487940959,
        0.0962301691465644
    ],
    "Packets retransmitted per node AVG": [
        0.0,
        0.0
    ],
    "Counter of retransmission per packet AVG": [
        0.0,
        0.0
    ],
    "Intertime of retransmissions AVG": [
        0.0,
        0.0
    ],
    "Packets delivered": [
        0.21100302225396053,
        0.22400443970823739
    ],
    "Packets lost due to noise": [
        0.08484630760186371,
        0.09039326791029956
    ],
    "Packets collided": [
        0.0,
        0.0
    ],
    "Destinatary out of range": [
        0.0,
        0.0
    ],
    "Packets dropped": [
        0.0,
        0.0
    ],
    "Other causes of loss": [
        0.6864101840391723,
        0.7033427784864665
    ],
    "Queue MN Avg": [
        0.15748521894814915,
        0.15751253104145252
    ],
    "Queue MN Var": [
        2.1720177509163524e-08,
        2.548486154991259e-08
    ],
    "Queue BR Avg": [
        0.0161385274435883,
        0.01747927640921877
    ],
    "Queue BR Var": [
        0.00025190738055343826,
        0.00032110687454253457
    ],
    "Upstream Delay Avg": [
        0.3076058758246271,
        0.3094540791006331
    ],
    "Upstream Delay 95th Perc": [
        0.5844045616320388,
        0.58641903275059
    ],
    "Upstream Delay Var": [
        0.03136247716875737,
        0.03157896839461931
    ],
    "Downstream Delay Avg": [
        0.3149999999745069,
        0.3150000000027091
    ],
    "Downstream Delay 95th Perc": [
        0.31500000266653067,
        0.31500000278579793
    ],
    "Downstream Delay Var": [
        2.5953655396586658e-18,
        2.754433940245629e-18
    ],
    "RTT Avg": [
        1301.109061948653,
        1363.2787347175731
    ],
    "RTT 95th Perc": [
        1880.221458451544,
        1943.9087107017708
    ],
    "RTT Var": [
        236961.98037155898,
        260621.36616162414
    ]
}