{
    "Upstream PDR": [
        0.7484172024873958,
        0.7513784685082752
    ],
    "Downstream PDR": [
        0.7481684304293947,
        0.7517122731300214
    ],
    "TicToc PDR": [
        0.56127431815811,
        0.5634546861708939
    ],
    "Packets retransmitted per node AVG": [
        0.0,
        0.0
    ],
    "Counter of retransmission per packet AVG": [
        0.0,
        0.0
    ],
    "Intertime of retransmissions AVG": [
        0.0,
        0.0
    ],
    "Packets delivered": [
        0.7487098983581821,
        0.7504046392465398
    ],
    "Packets lost due to noise": [
        0.21894941598400605,
        0.22037130228913207
    ],
    "Packets collided": [
        0.0,
        0.0
    ],
    "Destinatary out of range": [
        0.0,
        0.0
    ],
    "Packets dropped": [
        0.0,
        0.0
    ],
    "Other causes of loss": [
        0.029756367648018835,
        0.03180837647412124
    ],
    "Queue MN Avg": [
        0.23249522389272376,
        0.23251425342277088
    ],
    "Queue MN Var": [
        3.093661919021314e-08,
        3.5737649559630555e-08
    ],
    "Queue BR Avg": [
        5.2194779389905275,
        5.240112072136792
    ],
    "Queue BR Var": [
        0.0,
        0.0
    ],
    "Upstream Delay Avg": [
        0.4587360724245944,
        0.459402819101182
    ],
    "Upstream Delay 95th Perc": [
        0.870566996750346,
        0.8711283110606256
    ],
    "Upstream Delay Var": [
        0.0696329373918084,
        0.06978556813353115
    ],
    "Downstream Delay Avg": [
        0.4649999999999999,
        0.465
    ],
    "Downstream Delay 95th Perc": [
        0.46499999999999997,
        0.46499999999999997
    ],
    "Downstream Delay Var": [
        4.385822074335674e-31,
        5.874870733595271e-31
    ],
    "RTT Avg": [
        1298.3513346736815,
        1300.5108222674496
    ],
    "RTT 95th Perc": [
        2288.417321105921,
        2289.643801494594
    ],
    "RTT Var": [
        403212.8108081283,
        404273.4823683532
    ]
}{
    "Upstream PDR": [
        0.7484172024873958,
        0.7513784685082752
    ],
    "Downstream PDR": [
        0.7481684304293947,
        0.7517122731300214
    ],
    "TicToc PDR": [
        0.56127431815811,
        0.5634546861708939
    ],
    "Packets retransmitted per node AVG": [
        0.0,
        0.0
    ],
    "Counter of retransmission per packet AVG": [
        0.0,
        0.0
    ],
    "Intertime of retransmissions AVG": [
        0.0,
        0.0
    ],
    "Packets delivered": [
        0.7487098983581821,
        0.7504046392465398
    ],
    "Packets lost due to noise": [
        0.21894941598400605,
        0.22037130228913207
    ],
    "Packets collided": [
        0.0,
        0.0
    ],
    "Destinatary out of range": [
        0.0,
        0.0
    ],
    "Packets dropped": [
        0.0,
        0.0
    ],
    "Other causes of loss": [
        0.029756367648018835,
        0.03180837647412124
    ],
    "Queue MN Avg": [
        0.23249522389272376,
        0.23251425342277088
    ],
    "Queue MN Var": [
        3.093661919021314e-08,
        3.5737649559630555e-08
    ],
    "Queue BR Avg": [
        5.2194779389905275,
        5.240112072136792
    ],
    "Queue BR Var": [
        0.0,
        0.0
    ],
    "Upstream Delay Avg": [
        0.4587360724245944,
        0.459402819101182
    ],
    "Upstream Delay 95th Perc": [
        0.870566996750346,
        0.8711283110606256
    ],
    "Upstream Delay Var": [
        0.0696329373918084,
        0.06978556813353115
    ],
    "Downstream Delay Avg": [
        0.4649999999999999,
        0.465
    ],
    "Downstream Delay 95th Perc": [
        0.46499999999999997,
        0.46499999999999997
    ],
    "Downstream Delay Var": [
        4.385822074335674e-31,
        5.874870733595271e-31
    ],
    "RTT Avg": [
        1298.3513346736815,
        1300.5108222674496
    ],
    "RTT 95th Perc": [
        2288.417321105921,
        2289.643801494594
    ],
    "RTT Var": [
        403212.8108081283,
        404273.4823683532
    ]
}{
    "Upstream PDR": [
        0.7484172024873958,
        0.7513784685082752
    ],
    "Downstream PDR": [
        0.7481684304293947,
        0.7517122731300214
    ],
    "TicToc PDR": [
        0.56127431815811,
        0.5634546861708939
    ],
    "Packets retransmitted per node AVG": [
        0.0,
        0.0
    ],
    "Counter of retransmission per packet AVG": [
        0.0,
        0.0
    ],
    "Intertime of retransmissions AVG": [
        0.0,
        0.0
    ],
    "Packets delivered": [
        0.7487098983581821,
        0.7504046392465398
    ],
    "Packets lost due to noise": [
        0.21894941598400605,
        0.22037130228913207
    ],
    "Packets collided": [
        0.0,
        0.0
    ],
    "Destinatary out of range": [
        0.0,
        0.0
    ],
    "Packets dropped": [
        0.0,
        0.0
    ],
    "Other causes of loss": [
        0.029756367648018835,
        0.03180837647412124
    ],
    "Queue MN Avg": [
        0.23249522389272376,
        0.23251425342277088
    ],
    "Queue MN Var": [
        3.093661919021314e-08,
        3.5737649559630555e-08
    ],
    "Queue BR Avg": [
        5.2194779389905275,
        5.240112072136792
    ],
    "Queue BR Var": [
        0.0,
        0.0
    ],
    "Upstream Delay Avg": [
        0.4587360724245944,
        0.459402819101182
    ],
    "Upstream Delay 95th Perc": [
        0.870566996750346,
        0.8711283110606256
    ],
    "Upstream Delay Var": [
        0.0696329373918084,
        0.06978556813353115
    ],
    "Downstream Delay Avg": [
        0.4649999999999999,
        0.465
    ],
    "Downstream Delay 95th Perc": [
        0.46499999999999997,
        0.46499999999999997
    ],
    "Downstream Delay Var": [
        4.385822074335674e-31,
        5.874870733595271e-31
    ],
    "RTT Avg": [
        1298.3513346736815,
        1300.5108222674496
    ],
    "RTT 95th Perc": [
        2288.417321105921,
        2289.643801494594
    ],
    "RTT Var": [
        403212.8108081283,
        404273.4823683532
    ]
}