{
    "Upstream PDR": [
        0.08617369479170194,
        0.09135773377972665
    ],
    "Downstream PDR": [
        0.7380699460982791,
        0.7458485633120024
    ],
    "TicToc PDR": [
        0.06384846398296709,
        0.06792088666638355
    ],
    "Packets retransmitted per node AVG": [
        0.0,
        0.0
    ],
    "Counter of retransmission per packet AVG": [
        0.0,
        0.0
    ],
    "Intertime of retransmissions AVG": [
        0.0,
        0.0
    ],
    "Packets delivered": [
        0.15596352465540278,
        0.1630974201479157
    ],
    "Packets lost due to noise": [
        0.06874357344878292,
        0.07166221182660747
    ],
    "Packets collided": [
        -2.9747415891915384e-06,
        9.172352410220032e-06
    ],
    "Destinatary out of range": [
        -1.9548301871830067e-05,
        6.027545869573159e-05
    ],
    "Packets dropped": [
        0.0,
        0.0
    ],
    "Other causes of loss": [
        0.7655135561608639,
        0.7749727889927824
    ],
    "Queue MN Avg": [
        0.3824617411707468,
        0.38252377499659773
    ],
    "Queue MN Var": [
        4.800294936260195e-07,
        5.280495501124275e-07
    ],
    "Queue BR Avg": [
        0.07165871428176523,
        0.07596902620565138
    ],
    "Queue BR Var": [
        0.004697041474520157,
        0.0061732393769821795
    ],
    "Upstream Delay Avg": [
        0.7574637628161561,
        0.7600575674291362
    ],
    "Upstream Delay 95th Perc": [
        1.4391629212769042,
        1.4410647434171535
    ],
    "Upstream Delay Var": [
        0.19080040253521177,
        0.19150943271835
    ],
    "Downstream Delay Avg": [
        0.7649999999582535,
        0.7650000000287833
    ],
    "Downstream Delay 95th Perc": [
        0.7650000047840719,
        0.7650000050122738
    ],
    "Downstream Delay Var": [
        1.0252183068449917e-17,
        1.2727087708004361e-17
    ],
    "RTT Avg": [
        1287.3296295736975,
        1328.4385496114253
    ],
    "RTT 95th Perc": [
        1806.291708939858,
        1856.6821062625336
    ],
    "RTT Var": [
        206317.28225983592,
        226704.27618607768
    ]
}