{
    "Upstream PDR": [
        0.49803682793070597,
        0.4998494635555854
    ],
    "Downstream PDR": [
        0.0,
        0.0
    ],
    "TicToc PDR": [
        0.0,
        0.0
    ],
    "Packets retransmitted per node AVG": [
        0.0,
        0.0
    ],
    "Counter of retransmission per packet AVG": [
        0.0,
        0.0
    ],
    "Intertime of retransmissions AVG": [
        0.0,
        0.0
    ],
    "Packets delivered": [
        0.49809339510540457,
        0.49991662782839
    ],
    "Packets lost due to noise": [
        0.380952181499378,
        0.3818842254544644
    ],
    "Packets collided": [
        -1.0454045736154872e-05,
        8.815085754722916e-05
    ],
    "Destinatary out of range": [
        -1.8302496018351047e-06,
        1.1610261223619794e-05
    ],
    "Packets dropped": [
        0.0,
        0.0
    ],
    "Other causes of loss": [
        0.11867171951138855,
        0.12039437377754164
    ],
    "Queue MN Avg": [
        0.4348798288604339,
        0.4351377794440308
    ],
    "Queue MN Var": [
        1.2351322402782481e-05,
        1.3171685702152322e-05
    ],
    "Queue BR Avg": [
        0.0,
        0.0
    ],
    "Queue BR Var": [
        0.0,
        0.0
    ],
    "Upstream Delay Avg": [
        0.864244187606088,
        0.8653864680872936
    ],
    "Upstream Delay 95th Perc": [
        1.6402537258519045,
        1.6414346643698672
    ],
    "Upstream Delay Var": [
        0.24787234332450497,
        0.24843090636500814
    ],
    "Downstream Delay Avg": [
        0.0,
        0.0
    ],
    "Downstream Delay 95th Perc": [
        0.0,
        0.0
    ],
    "Downstream Delay Var": [
        0.0,
        0.0
    ],
    "RTT Avg": [
        0.0,
        0.0
    ],
    "RTT 95th Perc": [
        0.0,
        0.0
    ],
    "RTT Var": [
        0.0,
        0.0
    ]
}{
    "Upstream PDR": [
        0.49803682793070597,
        0.4998494635555854
    ],
    "Downstream PDR": [
        0.0,
        0.0
    ],
    "TicToc PDR": [
        0.0,
        0.0
    ],
    "Packets retransmitted per node AVG": [
        0.0,
        0.0
    ],
    "Counter of retransmission per packet AVG": [
        0.0,
        0.0
    ],
    "Intertime of retransmissions AVG": [
        0.0,
        0.0
    ],
    "Packets delivered": [
        0.49809339510540457,
        0.49991662782839
    ],
    "Packets lost due to noise": [
        0.380952181499378,
        0.3818842254544644
    ],
    "Packets collided": [
        -1.0454045736154872e-05,
        8.815085754722916e-05
    ],
    "Destinatary out of range": [
        -1.8302496018351047e-06,
        1.1610261223619794e-05
    ],
    "Packets dropped": [
        0.0,
        0.0
    ],
    "Other causes of loss": [
        0.11867171951138855,
        0.12039437377754164
    ],
    "Queue MN Avg": [
        0.4348798288604339,
        0.4351377794440308
    ],
    "Queue MN Var": [
        1.2351322402782481e-05,
        1.3171685702152322e-05
    ],
    "Queue BR Avg": [
        0.0,
        0.0
    ],
    "Queue BR Var": [
        0.0,
        0.0
    ],
    "Upstream Delay Avg": [
        0.864244187606088,
        0.8653864680872936
    ],
    "Upstream Delay 95th Perc": [
        1.6402537258519045,
        1.6414346643698672
    ],
    "Upstream Delay Var": [
        0.24787234332450497,
        0.24843090636500814
    ],
    "Downstream Delay Avg": [
        0.0,
        0.0
    ],
    "Downstream Delay 95th Perc": [
        0.0,
        0.0
    ],
    "Downstream Delay Var": [
        0.0,
        0.0
    ],
    "RTT Avg": [
        0.0,
        0.0
    ],
    "RTT 95th Perc": [
        0.0,
        0.0
    ],
    "RTT Var": [
        0.0,
        0.0
    ]
}{
    "Upstream PDR": [
        0.49803682793070597,
        0.4998494635555854
    ],
    "Downstream PDR": [
        0.0,
        0.0
    ],
    "TicToc PDR": [
        0.0,
        0.0
    ],
    "Packets retransmitted per node AVG": [
        0.0,
        0.0
    ],
    "Counter of retransmission per packet AVG": [
        0.0,
        0.0
    ],
    "Intertime of retransmissions AVG": [
        0.0,
        0.0
    ],
    "Packets delivered": [
        0.49809339510540457,
        0.49991662782839
    ],
    "Packets lost due to noise": [
        0.380952181499378,
        0.3818842254544644
    ],
    "Packets collided": [
        -1.0454045736154872e-05,
        8.815085754722916e-05
    ],
    "Destinatary out of range": [
        -1.8302496018351047e-06,
        1.1610261223619794e-05
    ],
    "Packets dropped": [
        0.0,
        0.0
    ],
    "Other causes of loss": [
        0.11867171951138855,
        0.12039437377754164
    ],
    "Queue MN Avg": [
        0.4348798288604339,
        0.4351377794440308
    ],
    "Queue MN Var": [
        1.2351322402782481e-05,
        1.3171685702152322e-05
    ],
    "Queue BR Avg": [
        0.0,
        0.0
    ],
    "Queue BR Var": [
        0.0,
        0.0
    ],
    "Upstream Delay Avg": [
        0.864244187606088,
        0.8653864680872936
    ],
    "Upstream Delay 95th Perc": [
        1.6402537258519045,
        1.6414346643698672
    ],
    "Upstream Delay Var": [
        0.24787234332450497,
        0.24843090636500814
    ],
    "Downstream Delay Avg": [
        0.0,
        0.0
    ],
    "Downstream Delay 95th Perc": [
        0.0,
        0.0
    ],
    "Downstream Delay Var": [
        0.0,
        0.0
    ],
    "RTT Avg": [
        0.0,
        0.0
    ],
    "RTT 95th Perc": [
        0.0,
        0.0
    ],
    "RTT Var": [
        0.0,
        0.0
    ]
}