{
    "Upstream PDR": [
        0.2386084019934827,
        0.250853935668855
    ],
    "Downstream PDR": [
        0.7832764113352024,
        0.7938814168404478
    ],
    "TicToc PDR": [
        0.18728493201844387,
        0.19915402902051732
    ],
    "Packets retransmitted per node AVG": [
        0.0,
        0.0
    ],
    "Counter of retransmission per packet AVG": [
        0.0,
        0.0
    ],
    "Intertime of retransmissions AVG": [
        0.0,
        0.0
    ],
    "Packets delivered": [
        0.3385557976703562,
        0.3543288536641051
    ],
    "Packets lost due to noise": [
        0.10783016956703195,
        0.11238810513586683
    ],
    "Packets collided": [
        0.0,
        0.0
    ],
    "Destinatary out of range": [
        0.0,
        0.0
    ],
    "Packets dropped": [
        0.0,
        0.0
    ],
    "Other causes of loss": [
        0.535463238945558,
        0.5514338350170822
    ],
    "Queue MN Avg": [
        0.307468757961982,
        0.3074982418875662
    ],
    "Queue MN Var": [
        6.435141246015331e-08,
        7.156453739791929e-08
    ],
    "Queue BR Avg": [
        0.20962646898160572,
        0.22038630194820977
    ],
    "Queue BR Var": [
        0.01606577478367087,
        0.022039980407379367
    ],
    "Upstream Delay Avg": [
        0.6085856172567506,
        0.6099248290552665
    ],
    "Upstream Delay 95th Perc": [
        1.1558843623639585,
        1.1567723071942695
    ],
    "Upstream Delay Var": [
        0.1229457913172424,
        0.12321437785318229
    ],
    "Downstream Delay Avg": [
        0.6149999999507522,
        0.6149999999699586
    ],
    "Downstream Delay 95th Perc": [
        0.6150000043848186,
        0.6150000045422831
    ],
    "Downstream Delay Var": [
        8.20929669981918e-18,
        8.732638060387252e-18
    ],
    "RTT Avg": [
        1292.9988078255894,
        1302.1812172500915
    ],
    "RTT 95th Perc": [
        2255.5472336487796,
        2272.377248767811
    ],
    "RTT Var": [
        390426.44407499407,
        397019.4517972958
    ]
}