{
    "Upstream PDR": [
        0.8876635934082102,
        0.9014519910073742
    ],
    "Downstream PDR": [
        0.0,
        0.0
    ],
    "TicToc PDR": [
        0.0,
        0.0
    ],
    "Packets retransmitted per node AVG": [
        0.0,
        0.0
    ],
    "Counter of retransmission per packet AVG": [
        0.0,
        0.0
    ],
    "Intertime of retransmissions AVG": [
        0.0,
        0.0
    ],
    "Packets delivered": [
        0.8875597022985741,
        0.9013250804657754
    ],
    "Packets lost due to noise": [
        0.09178487984779639,
        0.1048128637802936
    ],
    "Packets collided": [
        0.0,
        0.0
    ],
    "Destinatary out of range": [
        0.0,
        0.0
    ],
    "Packets dropped": [
        0.0,
        0.0
    ],
    "Other causes of loss": [
        0.005736455969736536,
        0.008781017637823952
    ],
    "Queue MN Avg": [
        0.19499211542743475,
        0.19501278394523516
    ],
    "Queue MN Var": [
        2.8331954653609847e-08,
        3.27211801800587e-08
    ],
    "Queue BR Avg": [
        0.0,
        0.0
    ],
    "Queue BR Var": [
        0.0,
        0.0
    ],
    "Upstream Delay Avg": [
        0.38412246932340727,
        0.38439632203191704
    ],
    "Upstream Delay 95th Perc": [
        0.7283352891521646,
        0.7286596811416068
    ],
    "Upstream Delay Var": [
        0.048737636539613716,
        0.048792934105929164
    ],
    "Downstream Delay Avg": [
        0.0,
        0.0
    ],
    "Downstream Delay 95th Perc": [
        0.0,
        0.0
    ],
    "Downstream Delay Var": [
        0.0,
        0.0
    ],
    "RTT Avg": [
        0.0,
        0.0
    ],
    "RTT 95th Perc": [
        0.0,
        0.0
    ],
    "RTT Var": [
        0.0,
        0.0
    ]
}