{
    "Upstream PDR": [
        0.24942132547355778,
        0.2505388476866154
    ],
    "Downstream PDR": [
        0.24972171533217974,
        0.2522703497369126
    ],
    "TicToc PDR": [
        0.06241050712033502,
        0.06307607296624508
    ],
    "Packets retransmitted per node AVG": [
        0.0,
        0.0
    ],
    "Counter of retransmission per packet AVG": [
        0.0,
        0.0
    ],
    "Intertime of retransmissions AVG": [
        0.0,
        0.0
    ],
    "Packets delivered": [
        0.24960159204684734,
        0.25055885021897545
    ],
    "Packets lost due to noise": [
        0.4371389048885022,
        0.4383450336775197
    ],
    "Packets collided": [
        -3.4560519441645302e-06,
        1.065643029131768e-05
    ],
    "Destinatary out of range": [
        -3.141865403785937e-07,
        9.687663901197893e-07
    ],
    "Packets dropped": [
        0.0,
        0.0
    ],
    "Other causes of loss": [
        0.31139686269033245,
        0.31295090151962607
    ],
    "Queue MN Avg": [
        0.45750705999993124,
        0.45753423564160045
    ],
    "Queue MN Var": [
        1.1841559450807023e-07,
        1.3034611180811507e-07
    ],
    "Queue BR Avg": [
        6.8472246876414555,
        6.87801692060445
    ],
    "Queue BR Var": [
        0.0,
        0.0
    ],
    "Upstream Delay Avg": [
        0.9072089905186596,
        0.909201153594904
    ],
    "Upstream Delay 95th Perc": [
        1.7243787540992541,
        1.7261131982124607
    ],
    "Upstream Delay Var": [
        0.27386910202072984,
        0.2750069798718034
    ],
    "Downstream Delay Avg": [
        0.9149999999999994,
        0.9149999999999994
    ],
    "Downstream Delay 95th Perc": [
        0.9149999999999994,
        0.9149999999999994
    ],
    "Downstream Delay Var": [
        4.024220329117008e-31,
        4.23397896927072e-31
    ],
    "RTT Avg": [
        1298.279986791154,
        1304.2547210930106
    ],
    "RTT 95th Perc": [
        2273.7444584558157,
        2279.2639499899847
    ],
    "RTT Var": [
        401380.2513712424,
        404970.08026263065
    ]
}