{
    "Upstream PDR": [
        0.3669284753885111,
        0.3685127944527587
    ],
    "Downstream PDR": [
        0.4988557784446879,
        0.5006281745817417
    ],
    "TicToc PDR": [
        0.18335677847436652,
        0.1841693398517518
    ],
    "Packets retransmitted per node AVG": [
        0.0,
        0.0
    ],
    "Counter of retransmission per packet AVG": [
        0.0,
        0.0
    ],
    "Intertime of retransmissions AVG": [
        0.0,
        0.0
    ],
    "Packets delivered": [
        0.4985459985930651,
        0.5000065988759704
    ],
    "Packets lost due to noise": [
        0.38109260751927376,
        0.38200274646240007
    ],
    "Packets collided": [
        0.0,
        0.0
    ],
    "Destinatary out of range": [
        0.0,
        0.0
    ],
    "Packets dropped": [
        0.0,
        0.0
    ],
    "Other causes of loss": [
        0.11856561952008449,
        0.119786429029206
    ],
    "Queue MN Avg": [
        171.31934998562045,
        171.3394751865092
    ],
    "Queue MN Var": [
        0.08198820606841997,
        0.0864155231796882
    ],
    "Queue BR Avg": [
        22.532846026597777,
        22.629995882417415
    ],
    "Queue BR Var": [
        0.0,
        0.0
    ],
    "Upstream Delay Avg": [
        342.4170525005772,
        342.86816017307905
    ],
    "Upstream Delay 95th Perc": [
        603.3447665539601,
        603.7080428070097
    ],
    "Upstream Delay Var": [
        27953.83670156506,
        28005.16827995619
    ],
    "Downstream Delay Avg": [
        1.3650000000000064,
        1.3650000000000069
    ],
    "Downstream Delay 95th Perc": [
        1.3649999999999969,
        1.3649999999999973
    ],
    "Downstream Delay Var": [
        1.4227865032950904e-29,
        1.4405751597128976e-29
    ],
    "RTT Avg": [
        1298.7626027673082,
        1301.5733769736376
    ],
    "RTT 95th Perc": [
        2284.8795090845683,
        2286.937194528325
    ],
    "RTT Var": [
        402835.1022369771,
        404412.5173136764
    ]
}{
    "Upstream PDR": [
        0.3669284753885111,
        0.3685127944527587
    ],
    "Downstream PDR": [
        0.4988557784446879,
        0.5006281745817417
    ],
    "TicToc PDR": [
        0.18335677847436652,
        0.1841693398517518
    ],
    "Packets retransmitted per node AVG": [
        0.0,
        0.0
    ],
    "Counter of retransmission per packet AVG": [
        0.0,
        0.0
    ],
    "Intertime of retransmissions AVG": [
        0.0,
        0.0
    ],
    "Packets delivered": [
        0.4985459985930651,
        0.5000065988759704
    ],
    "Packets lost due to noise": [
        0.38109260751927376,
        0.38200274646240007
    ],
    "Packets collided": [
        0.0,
        0.0
    ],
    "Destinatary out of range": [
        0.0,
        0.0
    ],
    "Packets dropped": [
        0.0,
        0.0
    ],
    "Other causes of loss": [
        0.11856561952008449,
        0.119786429029206
    ],
    "Queue MN Avg": [
        171.31934998562045,
        171.3394751865092
    ],
    "Queue MN Var": [
        0.08198820606841997,
        0.0864155231796882
    ],
    "Queue BR Avg": [
        22.532846026597777,
        22.629995882417415
    ],
    "Queue BR Var": [
        0.0,
        0.0
    ],
    "Upstream Delay Avg": [
        342.4170525005772,
        342.86816017307905
    ],
    "Upstream Delay 95th Perc": [
        603.3447665539601,
        603.7080428070097
    ],
    "Upstream Delay Var": [
        27953.83670156506,
        28005.16827995619
    ],
    "Downstream Delay Avg": [
        1.3650000000000064,
        1.3650000000000069
    ],
    "Downstream Delay 95th Perc": [
        1.3649999999999969,
        1.3649999999999973
    ],
    "Downstream Delay Var": [
        1.4227865032950904e-29,
        1.4405751597128976e-29
    ],
    "RTT Avg": [
        1298.7626027673082,
        1301.5733769736376
    ],
    "RTT 95th Perc": [
        2284.8795090845683,
        2286.937194528325
    ],
    "RTT Var": [
        402835.1022369771,
        404412.5173136764
    ]
}{
    "Upstream PDR": [
        0.3669284753885111,
        0.3685127944527587
    ],
    "Downstream PDR": [
        0.4988557784446879,
        0.5006281745817417
    ],
    "TicToc PDR": [
        0.18335677847436652,
        0.1841693398517518
    ],
    "Packets retransmitted per node AVG": [
        0.0,
        0.0
    ],
    "Counter of retransmission per packet AVG": [
        0.0,
        0.0
    ],
    "Intertime of retransmissions AVG": [
        0.0,
        0.0
    ],
    "Packets delivered": [
        0.4985459985930651,
        0.5000065988759704
    ],
    "Packets lost due to noise": [
        0.38109260751927376,
        0.38200274646240007
    ],
    "Packets collided": [
        0.0,
        0.0
    ],
    "Destinatary out of range": [
        0.0,
        0.0
    ],
    "Packets dropped": [
        0.0,
        0.0
    ],
    "Other causes of loss": [
        0.11856561952008449,
        0.119786429029206
    ],
    "Queue MN Avg": [
        171.31934998562045,
        171.3394751865092
    ],
    "Queue MN Var": [
        0.08198820606841997,
        0.0864155231796882
    ],
    "Queue BR Avg": [
        22.532846026597777,
        22.629995882417415
    ],
    "Queue BR Var": [
        0.0,
        0.0
    ],
    "Upstream Delay Avg": [
        342.4170525005772,
        342.86816017307905
    ],
    "Upstream Delay 95th Perc": [
        603.3447665539601,
        603.7080428070097
    ],
    "Upstream Delay Var": [
        27953.83670156506,
        28005.16827995619
    ],
    "Downstream Delay Avg": [
        1.3650000000000064,
        1.3650000000000069
    ],
    "Downstream Delay 95th Perc": [
        1.3649999999999969,
        1.3649999999999973
    ],
    "Downstream Delay Var": [
        1.4227865032950904e-29,
        1.4405751597128976e-29
    ],
    "RTT Avg": [
        1298.7626027673082,
        1301.5733769736376
    ],
    "RTT 95th Perc": [
        2284.8795090845683,
        2286.937194528325
    ],
    "RTT Var": [
        402835.1022369771,
        404412.5173136764
    ]
}