{
    "Upstream PDR": [
        0.6391982600706952,
        0.6893419996695641
    ],
    "Downstream PDR": [
        0.8198465876389499,
        0.8408609503659089
    ],
    "TicToc PDR": [
        0.5273796284075942,
        0.5783329257049601
    ],
    "Packets retransmitted per node AVG": [
        0.0,
        0.0
    ],
    "Counter of retransmission per packet AVG": [
        0.0,
        0.0
    ],
    "Intertime of retransmissions AVG": [
        0.0,
        0.0
    ],
    "Packets delivered": [
        0.7092309619388611,
        0.7485305525674785
    ],
    "Packets lost due to noise": [
        0.12358048811316555,
        0.13870329005396012
    ],
    "Packets collided": [
        0.0,
        0.0
    ],
    "Destinatary out of range": [
        0.0,
        0.0
    ],
    "Packets dropped": [
        0.0,
        0.0
    ],
    "Other causes of loss": [
        0.12313969391692699,
        0.15681501340960813
    ],
    "Queue MN Avg": [
        0.232493549354231,
        0.2325145773057738
    ],
    "Queue MN Var": [
        3.180213008207465e-08,
        3.655864791321741e-08
    ],
    "Queue BR Avg": [
        0.31841406223260227,
        0.3433936213087626
    ],
    "Queue BR Var": [
        0.06720209271521138,
        0.08664949867900704
    ],
    "Upstream Delay Avg": [
        0.4590298121639172,
        0.4594562623453197
    ],
    "Upstream Delay 95th Perc": [
        0.8708284365009462,
        0.8712006825224252
    ],
    "Upstream Delay Var": [
        0.06975102010987949,
        0.06985190021435256
    ],
    "Downstream Delay Avg": [
        0.46499999999999514,
        0.4649999999999958
    ],
    "Downstream Delay 95th Perc": [
        0.46499999999999997,
        0.46499999999999997
    ],
    "Downstream Delay Var": [
        5.074182735654567e-29,
        5.751573453069342e-29
    ],
    "RTT Avg": [
        1296.7704881162313,
        1309.2148891096617
    ],
    "RTT 95th Perc": [
        2253.563243787453,
        2275.190926903835
    ],
    "RTT Var": [
        394608.75009286933,
        406955.6350686225
    ]
}