{
    "Upstream PDR": [
        0.24949481061033518,
        0.2508012932857687
    ],
    "Downstream PDR": [
        0.24886122034503783,
        0.2514241004245266
    ],
    "TicToc PDR": [
        0.06225853472957892,
        0.06288224449120029
    ],
    "Packets retransmitted per node AVG": [
        0.0,
        0.0
    ],
    "Counter of retransmission per packet AVG": [
        0.0,
        0.0
    ],
    "Intertime of retransmissions AVG": [
        0.0,
        0.0
    ],
    "Packets delivered": [
        0.2495300565429798,
        0.2505891440550753
    ],
    "Packets lost due to noise": [
        0.43715271705121933,
        0.4385527181112659
    ],
    "Packets collided": [
        -4.074798240410551e-05,
        0.0001256427973353741
    ],
    "Destinatary out of range": [
        -2.4901544802508947e-05,
        7.678170948272865e-05
    ],
    "Packets dropped": [
        0.0,
        0.0
    ],
    "Other causes of loss": [
        0.3112842824475748,
        0.31275430681227345
    ],
    "Queue MN Avg": [
        0.38245015858197007,
        0.3825141315148666
    ],
    "Queue MN Var": [
        4.776029501856652e-07,
        5.317533470500355e-07
    ],
    "Queue BR Avg": [
        4.77243824427961,
        4.797357462587166
    ],
    "Queue BR Var": [
        0.0,
        0.0
    ],
    "Upstream Delay Avg": [
        0.7578705203152393,
        0.7597582880645651
    ],
    "Upstream Delay 95th Perc": [
        1.4401624223147511,
        1.4418494577202776
    ],
    "Upstream Delay Var": [
        0.19082694560981778,
        0.19187354599159478
    ],
    "Downstream Delay Avg": [
        0.7650000000000005,
        0.7650000000000005
    ],
    "Downstream Delay 95th Perc": [
        0.7650000000000005,
        0.7650000000000005
    ],
    "Downstream Delay Var": [
        1.9812323671908822e-31,
        1.9941523318051972e-31
    ],
    "RTT Avg": [
        1298.95943665022,
        1305.7525664659854
    ],
    "RTT 95th Perc": [
        2272.443926944084,
        2278.433532930288
    ],
    "RTT Var": [
        400179.9168964643,
        404965.5047514327
    ]
}{
    "Upstream PDR": [
        0.24949481061033518,
        0.2508012932857687
    ],
    "Downstream PDR": [
        0.24886122034503783,
        0.2514241004245266
    ],
    "TicToc PDR": [
        0.06225853472957892,
        0.06288224449120029
    ],
    "Packets retransmitted per node AVG": [
        0.0,
        0.0
    ],
    "Counter of retransmission per packet AVG": [
        0.0,
        0.0
    ],
    "Intertime of retransmissions AVG": [
        0.0,
        0.0
    ],
    "Packets delivered": [
        0.2495300565429798,
        0.2505891440550753
    ],
    "Packets lost due to noise": [
        0.43715271705121933,
        0.4385527181112659
    ],
    "Packets collided": [
        -4.074798240410551e-05,
        0.0001256427973353741
    ],
    "Destinatary out of range": [
        -2.4901544802508947e-05,
        7.678170948272865e-05
    ],
    "Packets dropped": [
        0.0,
        0.0
    ],
    "Other causes of loss": [
        0.3112842824475748,
        0.31275430681227345
    ],
    "Queue MN Avg": [
        0.38245015858197007,
        0.3825141315148666
    ],
    "Queue MN Var": [
        4.776029501856652e-07,
        5.317533470500355e-07
    ],
    "Queue BR Avg": [
        4.77243824427961,
        4.797357462587166
    ],
    "Queue BR Var": [
        0.0,
        0.0
    ],
    "Upstream Delay Avg": [
        0.7578705203152393,
        0.7597582880645651
    ],
    "Upstream Delay 95th Perc": [
        1.4401624223147511,
        1.4418494577202776
    ],
    "Upstream Delay Var": [
        0.19082694560981778,
        0.19187354599159478
    ],
    "Downstream Delay Avg": [
        0.7650000000000005,
        0.7650000000000005
    ],
    "Downstream Delay 95th Perc": [
        0.7650000000000005,
        0.7650000000000005
    ],
    "Downstream Delay Var": [
        1.9812323671908822e-31,
        1.9941523318051972e-31
    ],
    "RTT Avg": [
        1298.95943665022,
        1305.7525664659854
    ],
    "RTT 95th Perc": [
        2272.443926944084,
        2278.433532930288
    ],
    "RTT Var": [
        400179.9168964643,
        404965.5047514327
    ]
}{
    "Upstream PDR": [
        0.24949481061033518,
        0.2508012932857687
    ],
    "Downstream PDR": [
        0.24886122034503783,
        0.2514241004245266
    ],
    "TicToc PDR": [
        0.06225853472957892,
        0.06288224449120029
    ],
    "Packets retransmitted per node AVG": [
        0.0,
        0.0
    ],
    "Counter of retransmission per packet AVG": [
        0.0,
        0.0
    ],
    "Intertime of retransmissions AVG": [
        0.0,
        0.0
    ],
    "Packets delivered": [
        0.2495300565429798,
        0.2505891440550753
    ],
    "Packets lost due to noise": [
        0.43715271705121933,
        0.4385527181112659
    ],
    "Packets collided": [
        -4.074798240410551e-05,
        0.0001256427973353741
    ],
    "Destinatary out of range": [
        -2.4901544802508947e-05,
        7.678170948272865e-05
    ],
    "Packets dropped": [
        0.0,
        0.0
    ],
    "Other causes of loss": [
        0.3112842824475748,
        0.31275430681227345
    ],
    "Queue MN Avg": [
        0.38245015858197007,
        0.3825141315148666
    ],
    "Queue MN Var": [
        4.776029501856652e-07,
        5.317533470500355e-07
    ],
    "Queue BR Avg": [
        4.77243824427961,
        4.797357462587166
    ],
    "Queue BR Var": [
        0.0,
        0.0
    ],
    "Upstream Delay Avg": [
        0.7578705203152393,
        0.7597582880645651
    ],
    "Upstream Delay 95th Perc": [
        1.4401624223147511,
        1.4418494577202776
    ],
    "Upstream Delay Var": [
        0.19082694560981778,
        0.19187354599159478
    ],
    "Downstream Delay Avg": [
        0.7650000000000005,
        0.7650000000000005
    ],
    "Downstream Delay 95th Perc": [
        0.7650000000000005,
        0.7650000000000005
    ],
    "Downstream Delay Var": [
        1.9812323671908822e-31,
        1.9941523318051972e-31
    ],
    "RTT Avg": [
        1298.95943665022,
        1305.7525664659854
    ],
    "RTT 95th Perc": [
        2272.443926944084,
        2278.433532930288
    ],
    "RTT Var": [
        400179.9168964643,
        404965.5047514327
    ]
}