{
    "Upstream PDR": [
        0.9827273528508932,
        0.9873419112183704
    ],
    "Downstream PDR": [
        0.9654390953992642,
        0.9701164823007786
    ],
    "TicToc PDR": [
        0.9493309807735895,
        0.9573105776679689
    ],
    "Packets retransmitted per node AVG": [
        0.0,
        0.0
    ],
    "Counter of retransmission per packet AVG": [
        0.0,
        0.0
    ],
    "Intertime of retransmissions AVG": [
        0.0,
        0.0
    ],
    "Packets delivered": [
        0.974403498964844,
        0.9784775097581113
    ],
    "Packets lost due to noise": [
        0.019631665274438704,
        0.02282111808432483
    ],
    "Packets collided": [
        0.0,
        0.0
    ],
    "Destinatary out of range": [
        0.0,
        0.0
    ],
    "Packets dropped": [
        0.0,
        0.0
    ],
    "Other causes of loss": [
        0.001424353266740366,
        0.003241854651541656
    ],
    "Queue MN Avg": [
        0.4575029284162112,
        0.45752699704376765
    ],
    "Queue MN Var": [
        1.2154578876961784e-07,
        1.3425771584941164e-07
    ],
    "Queue BR Avg": [
        0.8175583305257105,
        0.8213721888167672
    ],
    "Queue BR Var": [
        0.37221522091401016,
        0.4291742174802825
    ],
    "Upstream Delay Avg": [
        0.9088137607502187,
        0.9095541787296495
    ],
    "Upstream Delay 95th Perc": [
        1.7258435885660321,
        1.726106401029225
    ],
    "Upstream Delay Var": [
        0.27447272019078434,
        0.27453556792008343
    ],
    "Downstream Delay Avg": [
        0.9149933070976898,
        0.9150457125833259
    ],
    "Downstream Delay 95th Perc": [
        0.9149999999999994,
        0.9149999999999994
    ],
    "Downstream Delay Var": [
        -1.1899840644608241e-05,
        8.205315903978211e-05
    ],
    "RTT Avg": [
        1299.8276825133119,
        1300.2152407331685
    ],
    "RTT 95th Perc": [
        2289.4475612730907,
        2289.857154421698
    ],
    "RTT Var": [
        403613.5965548991,
        403851.44451951527
    ]
}