{
    "Upstream PDR": [
        0.7480800333246915,
        0.7500869425565702
    ],
    "Downstream PDR": [
        0.0,
        0.0
    ],
    "TicToc PDR": [
        0.0,
        0.0
    ],
    "Packets retransmitted per node AVG": [
        0.0,
        0.0
    ],
    "Counter of retransmission per packet AVG": [
        0.0,
        0.0
    ],
    "Intertime of retransmissions AVG": [
        0.0,
        0.0
    ],
    "Packets delivered": [
        0.748099298877581,
        0.7500297471267086
    ],
    "Packets lost due to noise": [
        0.21936003650381194,
        0.22039566217912074
    ],
    "Packets collided": [
        -5.4240080253145904e-06,
        2.0791887760671797e-05
    ],
    "Destinatary out of range": [
        0.0,
        0.0
    ],
    "Packets dropped": [
        0.0,
        0.0
    ],
    "Other causes of loss": [
        0.03002542121863761,
        0.032074466214404795
    ],
    "Queue MN Avg": [
        0.3373923855977061,
        0.3376183189959019
    ],
    "Queue MN Var": [
        5.910573943660224e-06,
        6.388631204483019e-06
    ],
    "Queue BR Avg": [
        0.0,
        0.0
    ],
    "Queue BR Var": [
        0.0,
        0.0
    ],
    "Upstream Delay Avg": [
        0.6686616928950121,
        0.6692893207342924
    ],
    "Upstream Delay 95th Perc": [
        1.269747270291476,
        1.270387652096467
    ],
    "Upstream Delay Var": [
        0.1483778649901948,
        0.1486731527650957
    ],
    "Downstream Delay Avg": [
        0.0,
        0.0
    ],
    "Downstream Delay 95th Perc": [
        0.0,
        0.0
    ],
    "Downstream Delay Var": [
        0.0,
        0.0
    ],
    "RTT Avg": [
        0.0,
        0.0
    ],
    "RTT 95th Perc": [
        0.0,
        0.0
    ],
    "RTT Var": [
        0.0,
        0.0
    ]
}