{
    "Upstream PDR": [
        0.9925322942207839,
        0.9958290333405435
    ],
    "Downstream PDR": [
        0.0,
        0.0
    ],
    "TicToc PDR": [
        0.0,
        0.0
    ],
    "Packets retransmitted per node AVG": [
        0.0,
        0.0
    ],
    "Counter of retransmission per packet AVG": [
        0.0,
        0.0
    ],
    "Intertime of retransmissions AVG": [
        0.0,
        0.0
    ],
    "Packets delivered": [
        0.9926718698708116,
        0.9959755641519857
    ],
    "Packets lost due to noise": [
        0.002680770674895871,
        0.003520370595051351
    ],
    "Packets collided": [
        0.0,
        0.0
    ],
    "Destinatary out of range": [
        0.0,
        0.0
    ],
    "Packets dropped": [
        0.0,
        0.0
    ],
    "Other causes of loss": [
        0.0010024273115432111,
        0.004148997395712008
    ],
    "Queue MN Avg": [
        0.4348315291762982,
        0.4350991523261185
    ],
    "Queue MN Var": [
        1.21102831534002e-05,
        1.2723688755769483e-05
    ],
    "Queue BR Avg": [
        0.0,
        0.0
    ],
    "Queue BR Var": [
        0.0,
        0.0
    ],
    "Upstream Delay Avg": [
        0.8630569324624734,
        0.8641468734937748
    ],
    "Upstream Delay 95th Perc": [
        1.6397069659596692,
        1.640681547104559
    ],
    "Upstream Delay Var": [
        0.24794691486262047,
        0.24798010643207233
    ],
    "Downstream Delay Avg": [
        0.0,
        0.0
    ],
    "Downstream Delay 95th Perc": [
        0.0,
        0.0
    ],
    "Downstream Delay Var": [
        0.0,
        0.0
    ],
    "RTT Avg": [
        0.0,
        0.0
    ],
    "RTT 95th Perc": [
        0.0,
        0.0
    ],
    "RTT Var": [
        0.0,
        0.0
    ]
}