{
    "Upstream PDR": [
        0.24941539209805133,
        0.2504381143954553
    ],
    "Downstream PDR": [
        0.0,
        0.0
    ],
    "TicToc PDR": [
        0.0,
        0.0
    ],
    "Packets retransmitted per node AVG": [
        0.0,
        0.0
    ],
    "Counter of retransmission per packet AVG": [
        0.0,
        0.0
    ],
    "Intertime of retransmissions AVG": [
        0.0,
        0.0
    ],
    "Packets delivered": [
        0.24927943508438166,
        0.2503712425688475
    ],
    "Packets lost due to noise": [
        0.43726337345602356,
        0.43825959092530636
    ],
    "Packets collided": [
        -3.868936406484472e-06,
        3.1255892325694466e-05
    ],
    "Destinatary out of range": [
        -5.931035766858789e-06,
        2.940598555502692e-05
    ],
    "Packets dropped": [
        0.0,
        0.0
    ],
    "Other causes of loss": [
        0.3116029775910603,
        0.31317251846867306
    ],
    "Queue MN Avg": [
        0.4799800590721784,
        0.48002369678850715
    ],
    "Queue MN Var": [
        6.697603393512508e-07,
        7.160037729301542e-07
    ],
    "Queue BR Avg": [
        0.0,
        0.0
    ],
    "Queue BR Var": [
        0.0,
        0.0
    ],
    "Upstream Delay Avg": [
        0.9540008047139414,
        0.9558221733815577
    ],
    "Upstream Delay 95th Perc": [
        1.8101752112389693,
        1.8113725270937733
    ],
    "Upstream Delay Var": [
        0.3015955920304908,
        0.3024633287671197
    ],
    "Downstream Delay Avg": [
        0.0,
        0.0
    ],
    "Downstream Delay 95th Perc": [
        0.0,
        0.0
    ],
    "Downstream Delay Var": [
        0.0,
        0.0
    ],
    "RTT Avg": [
        0.0,
        0.0
    ],
    "RTT 95th Perc": [
        0.0,
        0.0
    ],
    "RTT Var": [
        0.0,
        0.0
    ]
}