{
    "Upstream PDR": [
        0.994634052464479,
        0.9977036098731833
    ],
    "Downstream PDR": [
        0.9726288128824772,
        0.9768965773209548
    ],
    "TicToc PDR": [
        0.9680924023797384,
        0.9739816235942877
    ],
    "Packets retransmitted per node AVG": [
        0.0,
        0.0
    ],
    "Counter of retransmission per packet AVG": [
        0.0,
        0.0
    ],
    "Intertime of retransmissions AVG": [
        0.0,
        0.0
    ],
    "Packets delivered": [
        0.9839786447205042,
        0.9869700538126253
    ],
    "Packets lost due to noise": [
        0.011917995859772927,
        0.014178723099948158
    ],
    "Packets collided": [
        0.0,
        0.0
    ],
    "Destinatary out of range": [
        0.0,
        0.0
    ],
    "Packets dropped": [
        0.0,
        0.0
    ],
    "Other causes of loss": [
        0.0007478218286477567,
        0.002206760678501521
    ],
    "Queue MN Avg": [
        0.3074686087425857,
        0.3075003099468529
    ],
    "Queue MN Var": [
        5.708560066376529e-08,
        6.419458189012216e-08
    ],
    "Queue BR Avg": [
        0.3219704718476428,
        0.3229621247359552
    ],
    "Queue BR Var": [
        0.0900662262470888,
        0.1058907957992227
    ],
    "Upstream Delay Avg": [
        0.608657434992673,
        0.6093784517536873
    ],
    "Upstream Delay 95th Perc": [
        1.1557261501575604,
        1.1559942310798108
    ],
    "Upstream Delay Var": [
        0.12300358019530712,
        0.12302152238880389
    ],
    "Downstream Delay Avg": [
        0.6150000000000065,
        0.6150000000000065
    ],
    "Downstream Delay 95th Perc": [
        0.6149999999999994,
        0.6149999999999994
    ],
    "Downstream Delay Var": [
        4.6582888507759836e-29,
        4.6821505050588867e-29
    ],
    "RTT Avg": [
        1300.0472534079393,
        1300.3181671923874
    ],
    "RTT 95th Perc": [
        2289.760809823569,
        2290.0446769225923
    ],
    "RTT Var": [
        403547.307784514,
        403771.86772114545
    ]
}