{
    "Upstream PDR": [
        0.29785652882239744,
        0.3039737742079055
    ],
    "Downstream PDR": [
        0.0,
        0.0
    ],
    "TicToc PDR": [
        0.0,
        0.0
    ],
    "Packets retransmitted per node AVG": [
        0.0,
        0.0
    ],
    "Counter of retransmission per packet AVG": [
        0.0,
        0.0
    ],
    "Intertime of retransmissions AVG": [
        0.0,
        0.0
    ],
    "Packets delivered": [
        0.295873447905655,
        0.30222731428535915
    ],
    "Packets lost due to noise": [
        0.08809008679225623,
        0.0906065993370838
    ],
    "Packets collided": [
        0.0,
        0.0
    ],
    "Destinatary out of range": [
        -9.947101765303964e-07,
        9.143308008215802e-06
    ],
    "Packets dropped": [
        0.0,
        0.0
    ],
    "Other causes of loss": [
        0.6077045030672572,
        0.6154899000145566
    ],
    "Queue MN Avg": [
        0.2925007867106228,
        0.2925213400129107
    ],
    "Queue MN Var": [
        6.168369687908759e-08,
        6.640387320996038e-08
    ],
    "Queue BR Avg": [
        0.0,
        0.0
    ],
    "Queue BR Var": [
        0.0,
        0.0
    ],
    "Upstream Delay Avg": [
        0.5787211654712395,
        0.579338570734831
    ],
    "Upstream Delay 95th Perc": [
        1.0986754208153684,
        1.099139835840004
    ],
    "Upstream Delay Var": [
        0.11110068670832474,
        0.11128605257622787
    ],
    "Downstream Delay Avg": [
        0.0,
        0.0
    ],
    "Downstream Delay 95th Perc": [
        0.0,
        0.0
    ],
    "Downstream Delay Var": [
        0.0,
        0.0
    ],
    "RTT Avg": [
        0.0,
        0.0
    ],
    "RTT 95th Perc": [
        0.0,
        0.0
    ],
    "RTT Var": [
        0.0,
        0.0
    ]
}