{
    "Upstream PDR": [
        0.07965364610103902,
        0.08260667135927845
    ],
    "Downstream PDR": [
        0.0,
        0.0
    ],
    "TicToc PDR": [
        0.0,
        0.0
    ],
    "Packets retransmitted per node AVG": [
        0.0,
        0.0
    ],
    "Counter of retransmission per packet AVG": [
        0.0,
        0.0
    ],
    "Intertime of retransmissions AVG": [
        0.0,
        0.0
    ],
    "Packets delivered": [
        0.09060031120025132,
        0.09371314194221146
    ],
    "Packets lost due to noise": [
        0.05626322625711539,
        0.05802088351903736
    ],
    "Packets collided": [
        6.271875927127041e-07,
        1.4043206984184296e-05
    ],
    "Destinatary out of range": [
        7.795176300274644e-06,
        6.175258851428299e-05
    ],
    "Packets dropped": [
        0.0,
        0.0
    ],
    "Other causes of loss": [
        0.848370005096644,
        0.8529482138253487
    ],
    "Queue MN Avg": [
        0.43484080355917604,
        0.43506118084310225
    ],
    "Queue MN Var": [
        1.2158188238748739e-05,
        1.3079839700613e-05
    ],
    "Queue BR Avg": [
        0.0,
        0.0
    ],
    "Queue BR Var": [
        0.0,
        0.0
    ],
    "Upstream Delay Avg": [
        0.8633642362313957,
        0.8654941294908806
    ],
    "Upstream Delay 95th Perc": [
        1.6393530083253882,
        1.6410769337637552
    ],
    "Upstream Delay Var": [
        0.24744812031506205,
        0.2482627952862351
    ],
    "Downstream Delay Avg": [
        0.0,
        0.0
    ],
    "Downstream Delay 95th Perc": [
        0.0,
        0.0
    ],
    "Downstream Delay Var": [
        0.0,
        0.0
    ],
    "RTT Avg": [
        0.0,
        0.0
    ],
    "RTT 95th Perc": [
        0.0,
        0.0
    ],
    "RTT Var": [
        0.0,
        0.0
    ]
}