{
    "Upstream PDR": [
        0.07962945858405836,
        0.08393046720443885
    ],
    "Downstream PDR": [
        0.7288020105969847,
        0.7345614107973405
    ],
    "TicToc PDR": [
        0.05819780764921783,
        0.06150683056970612
    ],
    "Packets retransmitted per node AVG": [
        0.0,
        0.0
    ],
    "Counter of retransmission per packet AVG": [
        0.0,
        0.0
    ],
    "Intertime of retransmissions AVG": [
        0.0,
        0.0
    ],
    "Packets delivered": [
        0.14753580903872682,
        0.15396653422443385
    ],
    "Packets lost due to noise": [
        0.07118384592848842,
        0.07378117951295404
    ],
    "Packets collided": [
        -1.6645687127906889e-06,
        6.442776285439371e-06
    ],
    "Destinatary out of range": [
        -1.4791833635940017e-05,
        8.903641056074024e-05
    ],
    "Packets dropped": [
        0.0,
        0.0
    ],
    "Other causes of loss": [
        0.7724601073571847,
        0.7809935011537147
    ],
    "Queue MN Avg": [
        35.7353141842112,
        35.755143245532544
    ],
    "Queue MN Var": [
        0.07777296404319889,
        0.08271987763363048
    ],
    "Queue BR Avg": [
        0.2119651964050047,
        0.2234218290090054
    ],
    "Queue BR Var": [
        0.03805859202688064,
        0.048437667148097774
    ],
    "Upstream Delay Avg": [
        71.23571762269705,
        72.53397554079294
    ],
    "Upstream Delay 95th Perc": [
        123.9660432293223,
        125.1945510145497
    ],
    "Upstream Delay Var": [
        1139.6237839420892,
        1181.5046046184189
    ],
    "Downstream Delay Avg": [
        1.064999999955778,
        1.0650000000175552
    ],
    "Downstream Delay 95th Perc": [
        1.0650000059138345,
        1.0650000061126803
    ],
    "Downstream Delay Var": [
        1.8651900923994857e-17,
        2.0470501920370797e-17
    ],
    "RTT Avg": [
        1287.1824734576835,
        1318.7096294403536
    ],
    "RTT 95th Perc": [
        1816.611223689248,
        1859.1301220176645
    ],
    "RTT Var": [
        212961.52814001904,
        229930.26911856653
    ]
}