{
    "Upstream PDR": [
        0.1335096895657885,
        0.14523576497966614
    ],
    "Downstream PDR": [
        0.7567764432055851,
        0.7666700826827725
    ],
    "TicToc PDR": [
        0.10139492154161939,
        0.11123105248435466
    ],
    "Packets retransmitted per node AVG": [
        0.0,
        0.0
    ],
    "Counter of retransmission per packet AVG": [
        0.0,
        0.0
    ],
    "Intertime of retransmissions AVG": [
        0.0,
        0.0
    ],
    "Packets delivered": [
        0.24053774646012593,
        0.25547829579739345
    ],
    "Packets lost due to noise": [
        0.08956415697413064,
        0.09485612483631672
    ],
    "Packets collided": [
        0.0,
        0.0
    ],
    "Destinatary out of range": [
        0.0,
        0.0
    ],
    "Packets dropped": [
        0.0,
        0.0
    ],
    "Other causes of loss": [
        0.6503219664326212,
        0.6692417094994121
    ],
    "Queue MN Avg": [
        0.15748521894814915,
        0.15751253104145252
    ],
    "Queue MN Var": [
        2.1720177509163524e-08,
        2.548486154991259e-08
    ],
    "Queue BR Avg": [
        0.012745042027848652,
        0.013864287896496724
    ],
    "Queue BR Var": [
        0.00017260886030356755,
        0.000233276790994003
    ],
    "Upstream Delay Avg": [
        0.3079795177115011,
        0.30950510331523795
    ],
    "Upstream Delay 95th Perc": [
        0.5846418624939386,
        0.5868080703082902
    ],
    "Upstream Delay Var": [
        0.031483067178585844,
        0.03170010717231747
    ],
    "Downstream Delay Avg": [
        0.3149999999800743,
        0.31500000001869527
    ],
    "Downstream Delay 95th Perc": [
        0.31500000267365935,
        0.3150000027871921
    ],
    "Downstream Delay Var": [
        2.570270116600683e-18,
        2.7297642462087792e-18
    ],
    "RTT Avg": [
        1298.0194686988145,
        1367.6840773813763
    ],
    "RTT 95th Perc": [
        1919.2646467755392,
        1992.0583514727434
    ],
    "RTT Var": [
        243355.88494930373,
        269233.56936047936
    ]
}