{
    "Upstream PDR": [
        0.6632686360188356,
        0.6652219844717853
    ],
    "Downstream PDR": [
        0.8461864137032186,
        0.8477727588840417
    ],
    "TicToc PDR": [
        0.5615614792993479,
        0.5636448699070015
    ],
    "Packets retransmitted per node AVG": [
        0.0,
        0.0
    ],
    "Counter of retransmission per packet AVG": [
        0.0,
        0.0
    ],
    "Intertime of retransmissions AVG": [
        0.0,
        0.0
    ],
    "Packets delivered": [
        0.8749188710884132,
        0.876514305861617
    ],
    "Packets lost due to noise": [
        0.10260260915164107,
        0.10372318069959577
    ],
    "Packets collided": [
        -2.2420945324474877e-06,
        6.9133000538124135e-06
    ],
    "Destinatary out of range": [
        -1.1210472662237438e-06,
        3.4566500269062067e-06
    ],
    "Packets dropped": [
        0.0,
        0.0
    ],
    "Other causes of loss": [
        0.020304677785050285,
        0.021929348605400644
    ],
    "Queue MN Avg": [
        171.32206002580807,
        171.34223274260296
    ],
    "Queue MN Var": [
        0.08367877053359699,
        0.08995764351689672
    ],
    "Queue BR Avg": [
        2.1437546073954485,
        2.150029858543759
    ],
    "Queue BR Var": [
        1.5521433036049492,
        1.6225406791770531
    ],
    "Upstream Delay Avg": [
        342.6048530843286,
        342.81861946063475
    ],
    "Upstream Delay 95th Perc": [
        603.5046941040938,
        603.666770631254
    ],
    "Upstream Delay Var": [
        27983.07206001211,
        28021.858622316755
    ],
    "Downstream Delay Avg": [
        1.3649660346549561,
        1.3651047294336434
    ],
    "Downstream Delay 95th Perc": [
        1.365000008971483,
        1.3650000091676937
    ],
    "Downstream Delay Var": [
        -8.857599473665883e-05,
        0.0002731162403359064
    ],
    "RTT Avg": [
        1298.5098058115136,
        1300.5086085039352
    ],
    "RTT 95th Perc": [
        2287.0076751900974,
        2288.4591806465655
    ],
    "RTT Var": [
        402560.83983535605,
        403884.2482272762
    ]
}