{
    "Upstream PDR": [
        0.9005233725844817,
        0.9034852854241766
    ],
    "Downstream PDR": [
        0.846641107102221,
        0.8485875041921526
    ],
    "TicToc PDR": [
        0.7631602089377205,
        0.7659384923609802
    ],
    "Packets retransmitted per node AVG": [
        0.0,
        0.0
    ],
    "Counter of retransmission per packet AVG": [
        0.0,
        0.0
    ],
    "Intertime of retransmissions AVG": [
        0.0,
        0.0
    ],
    "Packets delivered": [
        0.8753445790798389,
        0.876904301895727
    ],
    "Packets lost due to noise": [
        0.10234281858095623,
        0.10361736738886407
    ],
    "Packets collided": [
        -1.839448780384193e-07,
        3.200787141068292e-06
    ],
    "Destinatary out of range": [
        -4.2439594700658243e-07,
        2.5793939926879623e-06
    ],
    "Packets dropped": [
        0.0,
        0.0
    ],
    "Other causes of loss": [
        0.020037926911058955,
        0.021747834303246144
    ],
    "Queue MN Avg": [
        0.4574908872145862,
        0.4575242005156106
    ],
    "Queue MN Var": [
        1.2319017233109694e-07,
        1.3886863573732195e-07
    ],
    "Queue BR Avg": [
        1.301179739179791,
        1.3054335991525714
    ],
    "Queue BR Var": [
        0.5794536511840013,
        0.6179976843080061
    ],
    "Upstream Delay Avg": [
        0.9086033971502597,
        0.9093671750870557
    ],
    "Upstream Delay 95th Perc": [
        1.725792380571707,
        1.726103693650978
    ],
    "Upstream Delay Var": [
        0.2744300658138674,
        0.2746169381946142
    ],
    "Downstream Delay Avg": [
        0.9149948719820344,
        0.9150383608369042
    ],
    "Downstream Delay 95th Perc": [
        0.9150000061201938,
        0.9150000063315921
    ],
    "Downstream Delay Var": [
        -9.189422149932259e-06,
        6.906034645111498e-05
    ],
    "RTT Avg": [
        1299.42210869762,
        1301.22144403032
    ],
    "RTT 95th Perc": [
        2287.69617582946,
        2288.9095609598044
    ],
    "RTT Var": [
        402920.44721993175,
        404143.2445449716
    ]
}