{
    "Upstream PDR": [
        0.09014302199688205,
        0.09711022475636473
    ],
    "Downstream PDR": [
        0.0,
        0.0
    ],
    "TicToc PDR": [
        0.0,
        0.0
    ],
    "Packets retransmitted per node AVG": [
        0.0,
        0.0
    ],
    "Counter of retransmission per packet AVG": [
        0.0,
        0.0
    ],
    "Intertime of retransmissions AVG": [
        0.0,
        0.0
    ],
    "Packets delivered": [
        0.10284997994577652,
        0.10992971307576782
    ],
    "Packets lost due to noise": [
        0.06311760550967793,
        0.06640586137720933
    ],
    "Packets collided": [
        0.0,
        0.0
    ],
    "Destinatary out of range": [
        0.0,
        0.0
    ],
    "Packets dropped": [
        0.0,
        0.0
    ],
    "Other causes of loss": [
        0.8238624205887779,
        0.8338344195027905
    ],
    "Queue MN Avg": [
        0.1949866668307998,
        0.19500548248391547
    ],
    "Queue MN Var": [
        3.140320320862071e-08,
        3.5811442660839916e-08
    ],
    "Queue BR Avg": [
        0.0,
        0.0
    ],
    "Queue BR Var": [
        0.0,
        0.0
    ],
    "Upstream Delay Avg": [
        0.383461687643619,
        0.38458961630632205
    ],
    "Upstream Delay 95th Perc": [
        0.7276991824467158,
        0.7288443378980272
    ],
    "Upstream Delay Var": [
        0.04863440827788848,
        0.04884677686897285
    ],
    "Downstream Delay Avg": [
        0.0,
        0.0
    ],
    "Downstream Delay 95th Perc": [
        0.0,
        0.0
    ],
    "Downstream Delay Var": [
        0.0,
        0.0
    ],
    "RTT Avg": [
        0.0,
        0.0
    ],
    "RTT 95th Perc": [
        0.0,
        0.0
    ],
    "RTT Var": [
        0.0,
        0.0
    ]
}