{
    "Upstream PDR": [
        0.2741552978048716,
        0.2785200268704531
    ],
    "Downstream PDR": [
        0.8221805887509118,
        0.8282353814868423
    ],
    "TicToc PDR": [
        0.22567957617796897,
        0.23046414676575394
    ],
    "Packets retransmitted per node AVG": [
        0.0,
        0.0
    ],
    "Counter of retransmission per packet AVG": [
        0.0,
        0.0
    ],
    "Intertime of retransmissions AVG": [
        0.0,
        0.0
    ],
    "Packets delivered": [
        0.3890020647730969,
        0.395438519468505
    ],
    "Packets lost due to noise": [
        0.09844224574422164,
        0.10117267733994392
    ],
    "Packets collided": [
        -2.529371363299125e-06,
        1.02210966880486e-05
    ],
    "Destinatary out of range": [
        -3.5191345055804522e-06,
        3.997626572512292e-05
    ],
    "Packets dropped": [
        0.0,
        0.0
    ],
    "Other causes of loss": [
        0.5048663750525683,
        0.5110339687651196
    ],
    "Queue MN Avg": [
        0.457486732308837,
        0.4575112254733667
    ],
    "Queue MN Var": [
        1.1632832614874252e-07,
        1.3032010579829356e-07
    ],
    "Queue BR Avg": [
        0.3271763966993105,
        0.33238708691767554
    ],
    "Queue BR Var": [
        0.03865818791042398,
        0.045441433320138294
    ],
    "Upstream Delay Avg": [
        0.9084160118769533,
        0.9095297333100534
    ],
    "Upstream Delay 95th Perc": [
        1.725315417684913,
        1.7263643956631447
    ],
    "Upstream Delay Var": [
        0.2741106343367823,
        0.2747136604468935
    ],
    "Downstream Delay Avg": [
        0.9149899407113945,
        0.9150614794836126
    ],
    "Downstream Delay 95th Perc": [
        0.9150000057013856,
        0.9150000059280599
    ],
    "Downstream Delay Var": [
        -1.8095604145884472e-05,
        0.00011062289998204822
    ],
    "RTT Avg": [
        1287.3499601431856,
        1290.4112656077325
    ],
    "RTT 95th Perc": [
        2247.617065949964,
        2256.687713702877
    ],
    "RTT Var": [
        389880.71838923905,
        393348.6007340688
    ]
}