{
    "Upstream PDR": [
        0.7394685009884019,
        0.743854875634975
    ],
    "Downstream PDR": [
        0.8508745946564072,
        0.855859630934826
    ],
    "TicToc PDR": [
        0.6294932704853743,
        0.6363956905535865
    ],
    "Packets retransmitted per node AVG": [
        0.0,
        0.0
    ],
    "Counter of retransmission per packet AVG": [
        0.0,
        0.0
    ],
    "Intertime of retransmissions AVG": [
        0.0,
        0.0
    ],
    "Packets delivered": [
        0.8728349287689446,
        0.8775631540592902
    ],
    "Packets lost due to noise": [
        0.10200724047035033,
        0.10541873646859116
    ],
    "Packets collided": [
        -1.183747919384367e-06,
        5.099806317454584e-06
    ],
    "Destinatary out of range": [
        -1.6829926962652403e-06,
        9.521710786272982e-06
    ],
    "Packets dropped": [
        0.0,
        0.0
    ],
    "Other causes of loss": [
        0.02010453094854622,
        0.022059654507789333
    ],
    "Queue MN Avg": [
        111.93155921880259,
        111.9532565044095
    ],
    "Queue MN Var": [
        0.08659461756104915,
        0.09210420331404885
    ],
    "Queue BR Avg": [
        1.8918036545720431,
        1.9028881668240638
    ],
    "Queue BR Var": [
        0.21911281816328482,
        0.2715038515943061
    ],
    "Upstream Delay Avg": [
        223.85645699484283,
        223.95557315648333
    ],
    "Upstream Delay 95th Perc": [
        394.0595628685669,
        394.1372900238233
    ],
    "Upstream Delay Var": [
        11916.013577795793,
        11925.690473125424
    ],
    "Downstream Delay Avg": [
        1.214867665732822,
        1.2154335349665126
    ],
    "Downstream Delay 95th Perc": [
        1.214172039917083,
        1.2175529779590204
    ],
    "Downstream Delay Var": [
        -0.00026416352770975137,
        0.0008755087678809885
    ],
    "RTT Avg": [
        1299.5058346723185,
        1300.2599063577413
    ],
    "RTT 95th Perc": [
        2289.7729795147557,
        2290.6491144208035
    ],
    "RTT Var": [
        404215.39386549446,
        404737.3379664943
    ]
}