{
    "Upstream PDR": [
        0.9917193338261945,
        0.9944520947452342
    ],
    "Downstream PDR": [
        0.0,
        0.0
    ],
    "TicToc PDR": [
        0.0,
        0.0
    ],
    "Packets retransmitted per node AVG": [
        0.0,
        0.0
    ],
    "Counter of retransmission per packet AVG": [
        0.0,
        0.0
    ],
    "Intertime of retransmissions AVG": [
        0.0,
        0.0
    ],
    "Packets delivered": [
        0.9917029666758884,
        0.9944526250183302
    ],
    "Packets lost due to noise": [
        0.0055027012460276475,
        0.008180386990182337
    ],
    "Packets collided": [
        0.0,
        0.0
    ],
    "Destinatary out of range": [
        0.0,
        0.0
    ],
    "Packets dropped": [
        0.0,
        0.0
    ],
    "Other causes of loss": [
        3.8319429444110505e-05,
        0.00012300064012721486
    ],
    "Queue MN Avg": [
        0.10499057763951108,
        0.10500614961826527
    ],
    "Queue MN Var": [
        9.440398981347613e-09,
        1.1724103216077275e-08
    ],
    "Queue BR Avg": [
        0.0,
        0.0
    ],
    "Queue BR Var": [
        0.0,
        0.0
    ],
    "Upstream Delay Avg": [
        0.20405870626936945,
        0.2043095313417564
    ],
    "Upstream Delay 95th Perc": [
        0.3861605745825955,
        0.38641484674391896
    ],
    "Upstream Delay Var": [
        0.0136672756142917,
        0.013672368996697777
    ],
    "Downstream Delay Avg": [
        0.0,
        0.0
    ],
    "Downstream Delay 95th Perc": [
        0.0,
        0.0
    ],
    "Downstream Delay Var": [
        0.0,
        0.0
    ],
    "RTT Avg": [
        0.0,
        0.0
    ],
    "RTT 95th Perc": [
        0.0,
        0.0
    ],
    "RTT Var": [
        0.0,
        0.0
    ]
}