{
    "Upstream PDR": [
        0.9788364693830142,
        0.9829422319156872
    ],
    "Downstream PDR": [
        0.0,
        0.0
    ],
    "TicToc PDR": [
        0.0,
        0.0
    ],
    "Packets retransmitted per node AVG": [
        0.0,
        0.0
    ],
    "Counter of retransmission per packet AVG": [
        0.0,
        0.0
    ],
    "Intertime of retransmissions AVG": [
        0.0,
        0.0
    ],
    "Packets delivered": [
        0.9788830844552814,
        0.9829996570058608
    ],
    "Packets lost due to noise": [
        0.014831207145129437,
        0.01683652286677583
    ],
    "Packets collided": [
        0.0,
        0.0
    ],
    "Destinatary out of range": [
        0.0,
        0.0
    ],
    "Packets dropped": [
        0.0,
        0.0
    ],
    "Other causes of loss": [
        0.0017304995180968134,
        0.004719029008855906
    ],
    "Queue MN Avg": [
        0.4800020443442922,
        0.48006018061333106
    ],
    "Queue MN Var": [
        6.495863589269793e-07,
        7.07039957339503e-07
    ],
    "Queue BR Avg": [
        0.0,
        0.0
    ],
    "Queue BR Var": [
        0.0,
        0.0
    ],
    "Upstream Delay Avg": [
        0.9536529604982347,
        0.954321515801132
    ],
    "Upstream Delay 95th Perc": [
        1.8112239961809413,
        1.8114369445032859
    ],
    "Upstream Delay Var": [
        0.3023825478276112,
        0.30246571851188053
    ],
    "Downstream Delay Avg": [
        0.0,
        0.0
    ],
    "Downstream Delay 95th Perc": [
        0.0,
        0.0
    ],
    "Downstream Delay Var": [
        0.0,
        0.0
    ],
    "RTT Avg": [
        0.0,
        0.0
    ],
    "RTT 95th Perc": [
        0.0,
        0.0
    ],
    "RTT Var": [
        0.0,
        0.0
    ]
}