{
    "Upstream PDR": [
        0.7471409891380955,
        0.7502061970090906
    ],
    "Downstream PDR": [
        0.7493081069574788,
        0.7512343508862206
    ],
    "TicToc PDR": [
        0.5608324993049543,
        0.5625666348941805
    ],
    "Packets retransmitted per node AVG": [
        0.0,
        0.0
    ],
    "Counter of retransmission per packet AVG": [
        0.0,
        0.0
    ],
    "Intertime of retransmissions AVG": [
        0.0,
        0.0
    ],
    "Packets delivered": [
        0.7483918717206554,
        0.7500667605355485
    ],
    "Packets lost due to noise": [
        0.21961229739099533,
        0.22035502084998518
    ],
    "Packets collided": [
        -6.780268569027524e-07,
        2.0906358043678256e-06
    ],
    "Destinatary out of range": [
        0.0,
        0.0
    ],
    "Packets dropped": [
        0.0,
        0.0
    ],
    "Other causes of loss": [
        0.030090763357772648,
        0.03148187353609532
    ],
    "Queue MN Avg": [
        0.45750705999993124,
        0.45753423564160045
    ],
    "Queue MN Var": [
        1.1841559450807023e-07,
        1.3034611180811507e-07
    ],
    "Queue BR Avg": [
        20.511100955404608,
        20.595295502234492
    ],
    "Queue BR Var": [
        0.0,
        0.0
    ],
    "Upstream Delay Avg": [
        0.908669430072889,
        0.909677863959026
    ],
    "Upstream Delay 95th Perc": [
        1.7255977478072295,
        1.726305009861342
    ],
    "Upstream Delay Var": [
        0.2743501837390434,
        0.2746584837133589
    ],
    "Downstream Delay Avg": [
        0.9150000000000055,
        0.9150000000000059
    ],
    "Downstream Delay 95th Perc": [
        0.9149999999999994,
        0.9149999999999994
    ],
    "Downstream Delay Var": [
        2.2131469690162696e-29,
        2.2990734828878596e-29
    ],
    "RTT Avg": [
        1299.0268925549685,
        1300.5075472277863
    ],
    "RTT 95th Perc": [
        2288.840642922163,
        2289.8785368212084
    ],
    "RTT Var": [
        403573.6592558494,
        404453.2813830338
    ]
}{
    "Upstream PDR": [
        0.7471409891380955,
        0.7502061970090906
    ],
    "Downstream PDR": [
        0.7493081069574788,
        0.7512343508862206
    ],
    "TicToc PDR": [
        0.5608324993049543,
        0.5625666348941805
    ],
    "Packets retransmitted per node AVG": [
        0.0,
        0.0
    ],
    "Counter of retransmission per packet AVG": [
        0.0,
        0.0
    ],
    "Intertime of retransmissions AVG": [
        0.0,
        0.0
    ],
    "Packets delivered": [
        0.7483918717206554,
        0.7500667605355485
    ],
    "Packets lost due to noise": [
        0.21961229739099533,
        0.22035502084998518
    ],
    "Packets collided": [
        -6.780268569027524e-07,
        2.0906358043678256e-06
    ],
    "Destinatary out of range": [
        0.0,
        0.0
    ],
    "Packets dropped": [
        0.0,
        0.0
    ],
    "Other causes of loss": [
        0.030090763357772648,
        0.03148187353609532
    ],
    "Queue MN Avg": [
        0.45750705999993124,
        0.45753423564160045
    ],
    "Queue MN Var": [
        1.1841559450807023e-07,
        1.3034611180811507e-07
    ],
    "Queue BR Avg": [
        20.511100955404608,
        20.595295502234492
    ],
    "Queue BR Var": [
        0.0,
        0.0
    ],
    "Upstream Delay Avg": [
        0.908669430072889,
        0.909677863959026
    ],
    "Upstream Delay 95th Perc": [
        1.7255977478072295,
        1.726305009861342
    ],
    "Upstream Delay Var": [
        0.2743501837390434,
        0.2746584837133589
    ],
    "Downstream Delay Avg": [
        0.9150000000000055,
        0.9150000000000059
    ],
    "Downstream Delay 95th Perc": [
        0.9149999999999994,
        0.9149999999999994
    ],
    "Downstream Delay Var": [
        2.2131469690162696e-29,
        2.2990734828878596e-29
    ],
    "RTT Avg": [
        1299.0268925549685,
        1300.5075472277863
    ],
    "RTT 95th Perc": [
        2288.840642922163,
        2289.8785368212084
    ],
    "RTT Var": [
        403573.6592558494,
        404453.2813830338
    ]
}{
    "Upstream PDR": [
        0.7471409891380955,
        0.7502061970090906
    ],
    "Downstream PDR": [
        0.7493081069574788,
        0.7512343508862206
    ],
    "TicToc PDR": [
        0.5608324993049543,
        0.5625666348941805
    ],
    "Packets retransmitted per node AVG": [
        0.0,
        0.0
    ],
    "Counter of retransmission per packet AVG": [
        0.0,
        0.0
    ],
    "Intertime of retransmissions AVG": [
        0.0,
        0.0
    ],
    "Packets delivered": [
        0.7483918717206554,
        0.7500667605355485
    ],
    "Packets lost due to noise": [
        0.21961229739099533,
        0.22035502084998518
    ],
    "Packets collided": [
        -6.780268569027524e-07,
        2.0906358043678256e-06
    ],
    "Destinatary out of range": [
        0.0,
        0.0
    ],
    "Packets dropped": [
        0.0,
        0.0
    ],
    "Other causes of loss": [
        0.030090763357772648,
        0.03148187353609532
    ],
    "Queue MN Avg": [
        0.45750705999993124,
        0.45753423564160045
    ],
    "Queue MN Var": [
        1.1841559450807023e-07,
        1.3034611180811507e-07
    ],
    "Queue BR Avg": [
        20.511100955404608,
        20.595295502234492
    ],
    "Queue BR Var": [
        0.0,
        0.0
    ],
    "Upstream Delay Avg": [
        0.908669430072889,
        0.909677863959026
    ],
    "Upstream Delay 95th Perc": [
        1.7255977478072295,
        1.726305009861342
    ],
    "Upstream Delay Var": [
        0.2743501837390434,
        0.2746584837133589
    ],
    "Downstream Delay Avg": [
        0.9150000000000055,
        0.9150000000000059
    ],
    "Downstream Delay 95th Perc": [
        0.9149999999999994,
        0.9149999999999994
    ],
    "Downstream Delay Var": [
        2.2131469690162696e-29,
        2.2990734828878596e-29
    ],
    "RTT Avg": [
        1299.0268925549685,
        1300.5075472277863
    ],
    "RTT 95th Perc": [
        2288.840642922163,
        2289.8785368212084
    ],
    "RTT Var": [
        403573.6592558494,
        404453.2813830338
    ]
}