{
    "Upstream PDR": [
        0.9130118489460666,
        0.9212660731318556
    ],
    "Downstream PDR": [
        0.0,
        0.0
    ],
    "TicToc PDR": [
        0.0,
        0.0
    ],
    "Packets retransmitted per node AVG": [
        0.0,
        0.0
    ],
    "Counter of retransmission per packet AVG": [
        0.0,
        0.0
    ],
    "Intertime of retransmissions AVG": [
        0.0,
        0.0
    ],
    "Packets delivered": [
        0.9130990014189675,
        0.9213522080627317
    ],
    "Packets lost due to noise": [
        0.06992357370172443,
        0.07672497831410328
    ],
    "Packets collided": [
        0.0,
        0.0
    ],
    "Destinatary out of range": [
        0.0,
        0.0
    ],
    "Packets dropped": [
        0.0,
        0.0
    ],
    "Other causes of loss": [
        0.0078024199515441175,
        0.011097818550929539
    ],
    "Queue MN Avg": [
        0.3824585920959809,
        0.3825128493320633
    ],
    "Queue MN Var": [
        4.914959908797586e-07,
        5.288978267119224e-07
    ],
    "Queue BR Avg": [
        0.0,
        0.0
    ],
    "Queue BR Var": [
        0.0,
        0.0
    ],
    "Upstream Delay Avg": [
        0.7584712926501386,
        0.7592496940490675
    ],
    "Upstream Delay 95th Perc": [
        1.4405654709208102,
        1.4409255866419897
    ],
    "Upstream Delay Var": [
        0.1912104624678875,
        0.19131037558371014
    ],
    "Downstream Delay Avg": [
        0.0,
        0.0
    ],
    "Downstream Delay 95th Perc": [
        0.0,
        0.0
    ],
    "Downstream Delay Var": [
        0.0,
        0.0
    ],
    "RTT Avg": [
        0.0,
        0.0
    ],
    "RTT 95th Perc": [
        0.0,
        0.0
    ],
    "RTT Var": [
        0.0,
        0.0
    ]
}