{
    "Upstream PDR": [
        0.9912728109962171,
        0.9940180980946923
    ],
    "Downstream PDR": [
        0.964375986085803,
        0.9712496691884267
    ],
    "TicToc PDR": [
        0.9562492004163686,
        0.9652027476355792
    ],
    "Packets retransmitted per node AVG": [
        0.0,
        0.0
    ],
    "Counter of retransmission per packet AVG": [
        0.0,
        0.0
    ],
    "Intertime of retransmissions AVG": [
        0.0,
        0.0
    ],
    "Packets delivered": [
        0.9779837732670864,
        0.98254881751382
    ],
    "Packets lost due to noise": [
        0.016257445277753333,
        0.02049353989574376
    ],
    "Packets collided": [
        0.0,
        0.0
    ],
    "Destinatary out of range": [
        0.0,
        0.0
    ],
    "Packets dropped": [
        0.0,
        0.0
    ],
    "Other causes of loss": [
        0.001175561480614682,
        0.0015408625649814475
    ],
    "Queue MN Avg": [
        0.15750735524841583,
        0.15752651178847069
    ],
    "Queue MN Var": [
        2.123462199630079e-08,
        2.5454434928505526e-08
    ],
    "Queue BR Avg": [
        0.09462583477913135,
        0.09488795462818204
    ],
    "Queue BR Var": [
        0.014271292605115393,
        0.01678415451196097
    ],
    "Upstream Delay Avg": [
        0.30910057757612996,
        0.3093512759708327
    ],
    "Upstream Delay 95th Perc": [
        0.5857575179462444,
        0.5860182417532986
    ],
    "Upstream Delay Var": [
        0.03151457016309275,
        0.031526084561469644
    ],
    "Downstream Delay Avg": [
        0.31499999999999784,
        0.31499999999999795
    ],
    "Downstream Delay 95th Perc": [
        0.31499999999999995,
        0.31500000000000006
    ],
    "Downstream Delay Var": [
        3.758246536975378e-30,
        3.766987184616367e-30
    ],
    "RTT Avg": [
        1299.7408196452677,
        1300.3039190633956
    ],
    "RTT 95th Perc": [
        2289.494421670411,
        2289.9769293730947
    ],
    "RTT Var": [
        403417.0835179271,
        403762.87454236264
    ]
}