{
    "Upstream PDR": [
        0.1708267260409913,
        0.17338626097199583
    ],
    "Downstream PDR": [
        0.8163689239705937,
        0.8224963105890538
    ],
    "TicToc PDR": [
        0.13961339386770086,
        0.1424889437946367
    ],
    "Packets retransmitted per node AVG": [
        0.0,
        0.0
    ],
    "Counter of retransmission per packet AVG": [
        0.0,
        0.0
    ],
    "Intertime of retransmissions AVG": [
        0.0,
        0.0
    ],
    "Packets delivered": [
        0.3678939520321362,
        0.37334277594394444
    ],
    "Packets lost due to noise": [
        0.09705853196017658,
        0.09928808895744895
    ],
    "Packets collided": [
        0.0,
        0.0
    ],
    "Destinatary out of range": [
        0.0,
        0.0
    ],
    "Packets dropped": [
        0.0,
        0.0
    ],
    "Other causes of loss": [
        0.5287399033650709,
        0.5336767477412231
    ],
    "Queue MN Avg": [
        218.89186141462648,
        218.90912733140374
    ],
    "Queue MN Var": [
        0.08318183922198714,
        0.08909751879107107
    ],
    "Queue BR Avg": [
        0.5614246665075301,
        0.569850407893595
    ],
    "Queue BR Var": [
        0.08617891073122991,
        0.10045609416789977
    ],
    "Upstream Delay Avg": [
        435.38866063294995,
        436.01086335722755
    ],
    "Upstream Delay 95th Perc": [
        778.9670025069581,
        781.5813757660501
    ],
    "Upstream Delay Var": [
        44857.27572259731,
        45101.41484221757
    ],
    "Downstream Delay Avg": [
        1.5149999998596122,
        1.5149999998914352
    ],
    "Downstream Delay 95th Perc": [
        1.5150000087414581,
        1.5150000088674893
    ],
    "Downstream Delay Var": [
        5.1500399587895033e-17,
        5.42158118992394e-17
    ],
    "RTT Avg": [
        1286.4483324613234,
        1288.9753448939646
    ],
    "RTT 95th Perc": [
        2245.685456745113,
        2255.316351482018
    ],
    "RTT Var": [
        390585.71954200114,
        393045.73808985075
    ]
}