{
    "Upstream PDR": [
        0.9011707333499495,
        0.904133162753946
    ],
    "Downstream PDR": [
        0.84734668664695,
        0.8496058956009923
    ],
    "TicToc PDR": [
        0.7642224076076815,
        0.7675365534312794
    ],
    "Packets retransmitted per node AVG": [
        0.0,
        0.0
    ],
    "Counter of retransmission per packet AVG": [
        0.0,
        0.0
    ],
    "Intertime of retransmissions AVG": [
        0.0,
        0.0
    ],
    "Packets delivered": [
        0.8757356646379849,
        0.8776625208692673
    ],
    "Packets lost due to noise": [
        0.10236199309202876,
        0.10371426188651206
    ],
    "Packets collided": [
        -7.451989027621696e-07,
        2.2977548627010504e-06
    ],
    "Destinatary out of range": [
        -9.935985370162264e-07,
        3.063673150268068e-06
    ],
    "Packets dropped": [
        0.0,
        0.0
    ],
    "Other causes of loss": [
        0.01942482495265257,
        0.021097111930981075
    ],
    "Queue MN Avg": [
        0.3824617411707468,
        0.38252377499659773
    ],
    "Queue MN Var": [
        4.800294936260195e-07,
        5.280495501124275e-07
    ],
    "Queue BR Avg": [
        0.9072517960385291,
        0.9102169778290594
    ],
    "Queue BR Var": [
        0.2884092568578305,
        0.3064443039719811
    ],
    "Upstream Delay Avg": [
        0.758952643242296,
        0.759439631231475
    ],
    "Upstream Delay 95th Perc": [
        1.4408204609231317,
        1.4412026010950396
    ],
    "Upstream Delay Var": [
        0.19119951148211095,
        0.19132176247394905
    ],
    "Downstream Delay Avg": [
        0.7649880662104923,
        0.7650367968888491
    ],
    "Downstream Delay 95th Perc": [
        0.7650000054422823,
        0.7650000057760951
    ],
    "Downstream Delay Var": [
        -1.7936820163159663e-05,
        5.530659747157828e-05
    ],
    "RTT Avg": [
        1298.508217619233,
        1301.028081638752
    ],
    "RTT 95th Perc": [
        2286.942629089074,
        2288.586430555806
    ],
    "RTT Var": [
        402435.5807381346,
        403924.6944420854
    ]
}