{
    "Upstream PDR": [
        0.06079159608842956,
        0.06368978919295573
    ],
    "Downstream PDR": [
        0.724664521777108,
        0.7312361491326139
    ],
    "TicToc PDR": [
        0.04419882175753419,
        0.04643956208084965
    ],
    "Packets retransmitted per node AVG": [
        0.0,
        0.0
    ],
    "Counter of retransmission per packet AVG": [
        0.0,
        0.0
    ],
    "Intertime of retransmissions AVG": [
        0.0,
        0.0
    ],
    "Packets delivered": [
        0.1433973700754454,
        0.14904901183844094
    ],
    "Packets lost due to noise": [
        0.07088763950324156,
        0.07296400913293036
    ],
    "Packets collided": [
        0.0,
        0.0
    ],
    "Destinatary out of range": [
        -7.783623246663376e-06,
        2.400011339007796e-05
    ],
    "Packets dropped": [
        0.0,
        0.0
    ],
    "Other causes of loss": [
        0.7781840821098605,
        0.785501670849938
    ],
    "Queue MN Avg": [
        171.32206002580807,
        171.34223274260296
    ],
    "Queue MN Var": [
        0.08367877053359699,
        0.08995764351689672
    ],
    "Queue BR Avg": [
        0.26659732065243436,
        0.2793106245691688
    ],
    "Queue BR Var": [
        0.06206304226420903,
        0.07756026769640215
    ],
    "Upstream Delay Avg": [
        343.69502775854653,
        348.9655120899248
    ],
    "Upstream Delay 95th Perc": [
        600.1945715002967,
        604.6985393673506
    ],
    "Upstream Delay Var": [
        26589.902812899134,
        27455.316132976775
    ],
    "Downstream Delay Avg": [
        1.3649999999556108,
        1.3650000000178637
    ],
    "Downstream Delay 95th Perc": [
        1.3650000079848337,
        1.3650000081588802
    ],
    "Downstream Delay Var": [
        3.171051056105385e-17,
        3.462267016941095e-17
    ],
    "RTT Avg": [
        1306.5539313908453,
        1339.1964365328358
    ],
    "RTT 95th Perc": [
        1834.801326939168,
        1877.8823140718198
    ],
    "RTT Var": [
        214765.25024900684,
        228812.22492754983
    ]
}