{
    "Upstream PDR": [
        0.9940037716149022,
        0.9971840747254754
    ],
    "Downstream PDR": [
        0.0,
        0.0
    ],
    "TicToc PDR": [
        0.0,
        0.0
    ],
    "Packets retransmitted per node AVG": [
        0.0,
        0.0
    ],
    "Counter of retransmission per packet AVG": [
        0.0,
        0.0
    ],
    "Intertime of retransmissions AVG": [
        0.0,
        0.0
    ],
    "Packets delivered": [
        0.9943222984698561,
        0.9974822528199403
    ],
    "Packets lost due to noise": [
        0.001498484636130667,
        0.0016109303154102919
    ],
    "Packets collided": [
        0.0,
        0.0
    ],
    "Destinatary out of range": [
        0.0,
        0.0
    ],
    "Packets dropped": [
        0.0,
        0.0
    ],
    "Other causes of loss": [
        0.0009752811703538156,
        0.0041107525883091025
    ],
    "Queue MN Avg": [
        0.43485974747792994,
        0.4351452590003682
    ],
    "Queue MN Var": [
        1.3551819947729616e-05,
        1.9717736776837102e-05
    ],
    "Queue BR Avg": [
        0.0,
        0.0
    ],
    "Queue BR Var": [
        0.0,
        0.0
    ],
    "Upstream Delay Avg": [
        0.8631862779494233,
        0.8641003342253895
    ],
    "Upstream Delay 95th Perc": [
        1.6395635723399156,
        1.6406224800453997
    ],
    "Upstream Delay Var": [
        0.24791821934349068,
        0.24803507676643477
    ],
    "Downstream Delay Avg": [
        0.0,
        0.0
    ],
    "Downstream Delay 95th Perc": [
        0.0,
        0.0
    ],
    "Downstream Delay Var": [
        0.0,
        0.0
    ],
    "RTT Avg": [
        0.0,
        0.0
    ],
    "RTT 95th Perc": [
        0.0,
        0.0
    ],
    "RTT Var": [
        0.0,
        0.0
    ]
}