{
    "Upstream PDR": [
        0.6406875849527315,
        0.7039072202420736
    ],
    "Downstream PDR": [
        0.8191835732784494,
        0.8460800318503232
    ],
    "TicToc PDR": [
        0.5291841749232011,
        0.5947898510508247
    ],
    "Packets retransmitted per node AVG": [
        0.0,
        0.0
    ],
    "Counter of retransmission per packet AVG": [
        0.0,
        0.0
    ],
    "Intertime of retransmissions AVG": [
        0.0,
        0.0
    ],
    "Packets delivered": [
        0.7096199669281107,
        0.7583839099619003
    ],
    "Packets lost due to noise": [
        0.11422602150441043,
        0.13300323202815395
    ],
    "Packets collided": [
        0.0,
        0.0
    ],
    "Destinatary out of range": [
        0.0,
        0.0
    ],
    "Packets dropped": [
        0.0,
        0.0
    ],
    "Other causes of loss": [
        0.12277054958596108,
        0.16199631999146388
    ],
    "Queue MN Avg": [
        0.15750735524841583,
        0.15752651178847069
    ],
    "Queue MN Var": [
        2.123462199630079e-08,
        2.5454434928505526e-08
    ],
    "Queue BR Avg": [
        0.14416146833214394,
        0.1583862055856996
    ],
    "Queue BR Var": [
        0.01995580014312122,
        0.027486070540339774
    ],
    "Upstream Delay Avg": [
        0.3091284433653376,
        0.3095045033654579
    ],
    "Upstream Delay 95th Perc": [
        0.585733024377481,
        0.5861042644740617
    ],
    "Upstream Delay Var": [
        0.03149231227334491,
        0.031537671429359745
    ],
    "Downstream Delay Avg": [
        0.31499999999999834,
        0.31499999999999845
    ],
    "Downstream Delay 95th Perc": [
        0.315,
        0.315
    ],
    "Downstream Delay Var": [
        2.8383168093351418e-30,
        3.0538964481452492e-30
    ],
    "RTT Avg": [
        1286.0744085544818,
        1301.8951891499485
    ],
    "RTT 95th Perc": [
        2240.415632066546,
        2271.5825688961067
    ],
    "RTT Var": [
        391043.4782398776,
        401556.9870984135
    ]
}