{
    "Upstream PDR": [
        0.996341566861188,
        0.9991597318401103
    ],
    "Downstream PDR": [
        0.9749465160021087,
        0.9757388015338557
    ],
    "TicToc PDR": [
        0.9718775022486049,
        0.9744160042449014
    ],
    "Packets retransmitted per node AVG": [
        0.0,
        0.0
    ],
    "Counter of retransmission per packet AVG": [
        0.0,
        0.0
    ],
    "Intertime of retransmissions AVG": [
        0.0,
        0.0
    ],
    "Packets delivered": [
        0.9859126019590182,
        0.9872773691857276
    ],
    "Packets lost due to noise": [
        0.011853354244875346,
        0.012168403951449424
    ],
    "Packets collided": [
        0.0,
        0.0
    ],
    "Destinatary out of range": [
        0.0,
        0.0
    ],
    "Packets dropped": [
        0.0,
        0.0
    ],
    "Other causes of loss": [
        0.0006917824400980106,
        0.002096488218831411
    ],
    "Queue MN Avg": [
        0.3074605596797906,
        0.30749451803764394
    ],
    "Queue MN Var": [
        6.253831656782695e-08,
        7.078179641402866e-08
    ],
    "Queue BR Avg": [
        0.32252206482607865,
        0.3234345965625229
    ],
    "Queue BR Var": [
        0.03410076316032957,
        0.036754129561079645
    ],
    "Upstream Delay Avg": [
        0.6090294948412,
        0.6092837970257367
    ],
    "Upstream Delay 95th Perc": [
        1.1556980662728065,
        1.155938985844565
    ],
    "Upstream Delay Var": [
        0.12300954258964335,
        0.12302592621767185
    ],
    "Downstream Delay Avg": [
        0.6150000000416694,
        0.6150000000622134
    ],
    "Downstream Delay 95th Perc": [
        0.6150000040840826,
        0.6150000041306214
    ],
    "Downstream Delay Var": [
        6.360609941546801e-18,
        9.499251349481738e-18
    ],
    "RTT Avg": [
        1299.84635435101,
        1300.3181713217766
    ],
    "RTT 95th Perc": [
        2289.764716037604,
        2290.134499276334
    ],
    "RTT Var": [
        403553.668248331,
        403825.07255682215
    ]
}