{
    "Upstream PDR": [
        0.08137592335122174,
        0.086411955436657
    ],
    "Downstream PDR": [
        0.7349653153302529,
        0.7433249253542882
    ],
    "TicToc PDR": [
        0.060064714144347595,
        0.06398831615868271
    ],
    "Packets retransmitted per node AVG": [
        0.0,
        0.0
    ],
    "Counter of retransmission per packet AVG": [
        0.0,
        0.0
    ],
    "Intertime of retransmissions AVG": [
        0.0,
        0.0
    ],
    "Packets delivered": [
        0.14792634375010413,
        0.15543522006034663
    ],
    "Packets lost due to noise": [
        0.06720351579676627,
        0.07046491833381464
    ],
    "Packets collided": [
        -1.1692124870164473e-06,
        3.6051632223487756e-06
    ],
    "Destinatary out of range": [
        -6.071942705558316e-06,
        2.8822290084427365e-05
    ],
    "Packets dropped": [
        0.0,
        0.0
    ],
    "Other causes of loss": [
        0.7743552743182073,
        0.784589541442647
    ],
    "Queue MN Avg": [
        0.45749068652379016,
        0.4575266260541819
    ],
    "Queue MN Var": [
        1.22154885144897e-07,
        1.3901914200897685e-07
    ],
    "Queue BR Avg": [
        0.09712770276357809,
        0.10313951188967697
    ],
    "Queue BR Var": [
        0.008424056698877112,
        0.01064302917056097
    ],
    "Upstream Delay Avg": [
        0.9089340175424954,
        0.9116139187485783
    ],
    "Upstream Delay 95th Perc": [
        1.7242936720634516,
        1.7269453117729243
    ],
    "Upstream Delay Var": [
        0.2739793384260261,
        0.275076174543429
    ],
    "Downstream Delay Avg": [
        0.914999999936158,
        0.9150000000204783
    ],
    "Downstream Delay 95th Perc": [
        0.9150000053399563,
        0.9150000055968324
    ],
    "Downstream Delay Var": [
        1.3890067784568012e-17,
        1.658926627991763e-17
    ],
    "RTT Avg": [
        1301.2139895477385,
        1341.85872781025
    ],
    "RTT 95th Perc": [
        1817.3404264478968,
        1859.096310652158
    ],
    "RTT Var": [
        209650.56635401328,
        224466.34435230523
    ]
}