{
    "Upstream PDR": [
        0.24945833480378382,
        0.2506014054559565
    ],
    "Downstream PDR": [
        0.0,
        0.0
    ],
    "TicToc PDR": [
        0.0,
        0.0
    ],
    "Packets retransmitted per node AVG": [
        0.0,
        0.0
    ],
    "Counter of retransmission per packet AVG": [
        0.0,
        0.0
    ],
    "Intertime of retransmissions AVG": [
        0.0,
        0.0
    ],
    "Packets delivered": [
        0.24931328936071878,
        0.2505027216796111
    ],
    "Packets lost due to noise": [
        0.43701008902758787,
        0.43846672802825337
    ],
    "Packets collided": [
        0.0,
        0.0
    ],
    "Destinatary out of range": [
        0.0,
        0.0
    ],
    "Packets dropped": [
        0.0,
        0.0
    ],
    "Other causes of loss": [
        0.3114003797027142,
        0.31330679220111507
    ],
    "Queue MN Avg": [
        0.2924891602669525,
        0.29250912868588996
    ],
    "Queue MN Var": [
        5.8932307528018406e-08,
        6.557004671938988e-08
    ],
    "Queue BR Avg": [
        0.0,
        0.0
    ],
    "Queue BR Var": [
        0.0,
        0.0
    ],
    "Upstream Delay Avg": [
        0.5783209632275967,
        0.5796116848115123
    ],
    "Upstream Delay 95th Perc": [
        1.0982292026300833,
        1.0992710247807738
    ],
    "Upstream Delay Var": [
        0.11103363267544829,
        0.1115052375984615
    ],
    "Downstream Delay Avg": [
        0.0,
        0.0
    ],
    "Downstream Delay 95th Perc": [
        0.0,
        0.0
    ],
    "Downstream Delay Var": [
        0.0,
        0.0
    ],
    "RTT Avg": [
        0.0,
        0.0
    ],
    "RTT 95th Perc": [
        0.0,
        0.0
    ],
    "RTT Var": [
        0.0,
        0.0
    ]
}{
    "Upstream PDR": [
        0.24945833480378382,
        0.2506014054559565
    ],
    "Downstream PDR": [
        0.0,
        0.0
    ],
    "TicToc PDR": [
        0.0,
        0.0
    ],
    "Packets retransmitted per node AVG": [
        0.0,
        0.0
    ],
    "Counter of retransmission per packet AVG": [
        0.0,
        0.0
    ],
    "Intertime of retransmissions AVG": [
        0.0,
        0.0
    ],
    "Packets delivered": [
        0.24931328936071878,
        0.2505027216796111
    ],
    "Packets lost due to noise": [
        0.43701008902758787,
        0.43846672802825337
    ],
    "Packets collided": [
        0.0,
        0.0
    ],
    "Destinatary out of range": [
        0.0,
        0.0
    ],
    "Packets dropped": [
        0.0,
        0.0
    ],
    "Other causes of loss": [
        0.3114003797027142,
        0.31330679220111507
    ],
    "Queue MN Avg": [
        0.2924891602669525,
        0.29250912868588996
    ],
    "Queue MN Var": [
        5.8932307528018406e-08,
        6.557004671938988e-08
    ],
    "Queue BR Avg": [
        0.0,
        0.0
    ],
    "Queue BR Var": [
        0.0,
        0.0
    ],
    "Upstream Delay Avg": [
        0.5783209632275967,
        0.5796116848115123
    ],
    "Upstream Delay 95th Perc": [
        1.0982292026300833,
        1.0992710247807738
    ],
    "Upstream Delay Var": [
        0.11103363267544829,
        0.1115052375984615
    ],
    "Downstream Delay Avg": [
        0.0,
        0.0
    ],
    "Downstream Delay 95th Perc": [
        0.0,
        0.0
    ],
    "Downstream Delay Var": [
        0.0,
        0.0
    ],
    "RTT Avg": [
        0.0,
        0.0
    ],
    "RTT 95th Perc": [
        0.0,
        0.0
    ],
    "RTT Var": [
        0.0,
        0.0
    ]
}{
    "Upstream PDR": [
        0.24945833480378382,
        0.2506014054559565
    ],
    "Downstream PDR": [
        0.0,
        0.0
    ],
    "TicToc PDR": [
        0.0,
        0.0
    ],
    "Packets retransmitted per node AVG": [
        0.0,
        0.0
    ],
    "Counter of retransmission per packet AVG": [
        0.0,
        0.0
    ],
    "Intertime of retransmissions AVG": [
        0.0,
        0.0
    ],
    "Packets delivered": [
        0.24931328936071878,
        0.2505027216796111
    ],
    "Packets lost due to noise": [
        0.43701008902758787,
        0.43846672802825337
    ],
    "Packets collided": [
        0.0,
        0.0
    ],
    "Destinatary out of range": [
        0.0,
        0.0
    ],
    "Packets dropped": [
        0.0,
        0.0
    ],
    "Other causes of loss": [
        0.3114003797027142,
        0.31330679220111507
    ],
    "Queue MN Avg": [
        0.2924891602669525,
        0.29250912868588996
    ],
    "Queue MN Var": [
        5.8932307528018406e-08,
        6.557004671938988e-08
    ],
    "Queue BR Avg": [
        0.0,
        0.0
    ],
    "Queue BR Var": [
        0.0,
        0.0
    ],
    "Upstream Delay Avg": [
        0.5783209632275967,
        0.5796116848115123
    ],
    "Upstream Delay 95th Perc": [
        1.0982292026300833,
        1.0992710247807738
    ],
    "Upstream Delay Var": [
        0.11103363267544829,
        0.1115052375984615
    ],
    "Downstream Delay Avg": [
        0.0,
        0.0
    ],
    "Downstream Delay 95th Perc": [
        0.0,
        0.0
    ],
    "Downstream Delay Var": [
        0.0,
        0.0
    ],
    "RTT Avg": [
        0.0,
        0.0
    ],
    "RTT 95th Perc": [
        0.0,
        0.0
    ],
    "RTT Var": [
        0.0,
        0.0
    ]
}