{
    "Upstream PDR": [
        0.9745302318122462,
        0.9757347032526891
    ],
    "Downstream PDR": [
        0.0,
        0.0
    ],
    "TicToc PDR": [
        0.0,
        0.0
    ],
    "Packets retransmitted per node AVG": [
        0.0,
        0.0
    ],
    "Counter of retransmission per packet AVG": [
        0.0,
        0.0
    ],
    "Intertime of retransmissions AVG": [
        0.0,
        0.0
    ],
    "Packets delivered": [
        0.9745901116122625,
        0.9759193322071397
    ],
    "Packets lost due to noise": [
        0.023827199600637658,
        0.02512073692101778
    ],
    "Packets collided": [
        0.0,
        0.0
    ],
    "Destinatary out of range": [
        0.0,
        0.0
    ],
    "Packets dropped": [
        0.0,
        0.0
    ],
    "Other causes of loss": [
        0.00021874053738704934,
        0.00032387912155475515
    ],
    "Queue MN Avg": [
        0.05943357757433752,
        0.06018674537518205
    ],
    "Queue MN Var": [
        9.792762217798432e-06,
        1.2536302786198114e-05
    ],
    "Queue BR Avg": [
        0.0,
        0.0
    ],
    "Queue BR Var": [
        0.0,
        0.0
    ],
    "Upstream Delay Avg": [
        0.11308275982699119,
        0.11463059523298637
    ],
    "Upstream Delay 95th Perc": [
        0.21385156122314028,
        0.21629899886314544
    ],
    "Upstream Delay Var": [
        0.004201924557332075,
        0.00421412941093586
    ],
    "Downstream Delay Avg": [
        0.0,
        0.0
    ],
    "Downstream Delay 95th Perc": [
        0.0,
        0.0
    ],
    "Downstream Delay Var": [
        0.0,
        0.0
    ],
    "RTT Avg": [
        0.0,
        0.0
    ],
    "RTT 95th Perc": [
        0.0,
        0.0
    ],
    "RTT Var": [
        0.0,
        0.0
    ]
}