{
    "Upstream PDR": [
        0.25319771550340037,
        0.2582724143667295
    ],
    "Downstream PDR": [
        0.8198759878657896,
        0.8262277318169157
    ],
    "TicToc PDR": [
        0.20778538668668928,
        0.21328622741349634
    ],
    "Packets retransmitted per node AVG": [
        0.0,
        0.0
    ],
    "Counter of retransmission per packet AVG": [
        0.0,
        0.0
    ],
    "Intertime of retransmissions AVG": [
        0.0,
        0.0
    ],
    "Packets delivered": [
        0.3810180041342439,
        0.38806116810236935
    ],
    "Packets lost due to noise": [
        0.09792847668654478,
        0.10087717309149516
    ],
    "Packets collided": [
        -1.266383071250352e-05,
        4.489020742976404e-05
    ],
    "Destinatary out of range": [
        -4.293059183692304e-06,
        7.862370971301454e-05
    ],
    "Packets dropped": [
        0.0,
        0.0
    ],
    "Other causes of loss": [
        0.5127604089542495,
        0.5192482120038509
    ],
    "Queue MN Avg": [
        35.74721440348576,
        35.77119622381915
    ],
    "Queue MN Var": [
        0.07819415112126654,
        0.08432095484710347
    ],
    "Queue BR Avg": [
        0.4100099733873709,
        0.41820340160834424
    ],
    "Queue BR Var": [
        0.05301266660747834,
        0.06617836151516268
    ],
    "Upstream Delay Avg": [
        71.01792300380787,
        71.13745649691127
    ],
    "Upstream Delay 95th Perc": [
        126.19496508599443,
        126.68289690182442
    ],
    "Upstream Delay Var": [
        1166.5405776396208,
        1173.3208515402127
    ],
    "Downstream Delay Avg": [
        1.0647596126026022,
        1.065741212886522
    ],
    "Downstream Delay 95th Perc": [
        1.0641713028776827,
        1.067555240726002
    ],
    "Downstream Delay Var": [
        -0.00036232169418755854,
        0.0011171868766791876
    ],
    "RTT Avg": [
        1287.1697172534207,
        1290.6633641473875
    ],
    "RTT 95th Perc": [
        2248.56446955518,
        2258.5068529567807
    ],
    "RTT Var": [
        390537.66595289536,
        393316.8688164695
    ]
}