{
    "Upstream PDR": [
        0.9828292586312157,
        0.9873993127973553
    ],
    "Downstream PDR": [
        0.0,
        0.0
    ],
    "TicToc PDR": [
        0.0,
        0.0
    ],
    "Packets retransmitted per node AVG": [
        0.0,
        0.0
    ],
    "Counter of retransmission per packet AVG": [
        0.0,
        0.0
    ],
    "Intertime of retransmissions AVG": [
        0.0,
        0.0
    ],
    "Packets delivered": [
        0.9826996167857524,
        0.9873324718425348
    ],
    "Packets lost due to noise": [
        0.011489992772297135,
        0.01386509584096504
    ],
    "Packets collided": [
        0.0,
        0.0
    ],
    "Destinatary out of range": [
        0.0,
        0.0
    ],
    "Packets dropped": [
        0.0,
        0.0
    ],
    "Other causes of loss": [
        0.0005091586691203754,
        0.0041036640893304215
    ],
    "Queue MN Avg": [
        0.2924914590694572,
        0.29251236886960147
    ],
    "Queue MN Var": [
        5.99778166810182e-08,
        6.726865107056777e-08
    ],
    "Queue BR Avg": [
        0.0,
        0.0
    ],
    "Queue BR Var": [
        0.0,
        0.0
    ],
    "Upstream Delay Avg": [
        0.5788235727887718,
        0.579388381221879
    ],
    "Upstream Delay 95th Perc": [
        1.098896984532383,
        1.099140538600417
    ],
    "Upstream Delay Var": [
        0.11115019113990918,
        0.11118239534324878
    ],
    "Downstream Delay Avg": [
        0.0,
        0.0
    ],
    "Downstream Delay 95th Perc": [
        0.0,
        0.0
    ],
    "Downstream Delay Var": [
        0.0,
        0.0
    ],
    "RTT Avg": [
        0.0,
        0.0
    ],
    "RTT 95th Perc": [
        0.0,
        0.0
    ],
    "RTT Var": [
        0.0,
        0.0
    ]
}