{
    "Upstream PDR": [
        0.15663267314970472,
        0.17232317100613945
    ],
    "Downstream PDR": [
        0.0,
        0.0
    ],
    "TicToc PDR": [
        0.0,
        0.0
    ],
    "Packets retransmitted per node AVG": [
        0.0,
        0.0
    ],
    "Counter of retransmission per packet AVG": [
        0.0,
        0.0
    ],
    "Intertime of retransmissions AVG": [
        0.0,
        0.0
    ],
    "Packets delivered": [
        0.17287453348119736,
        0.18817500950375682
    ],
    "Packets lost due to noise": [
        0.09827718007517931,
        0.10545294974045345
    ],
    "Packets collided": [
        0.0,
        0.0
    ],
    "Destinatary out of range": [
        0.0,
        0.0
    ],
    "Packets dropped": [
        0.0,
        0.0
    ],
    "Other causes of loss": [
        0.7074118262878674,
        0.7278085009115459
    ],
    "Queue MN Avg": [
        0.05943357757433752,
        0.06018674537518205
    ],
    "Queue MN Var": [
        9.792762217798432e-06,
        1.2536302786198114e-05
    ],
    "Queue BR Avg": [
        0.0,
        0.0
    ],
    "Queue BR Var": [
        0.0,
        0.0
    ],
    "Upstream Delay Avg": [
        0.11325420612272262,
        0.11509366151750637
    ],
    "Upstream Delay 95th Perc": [
        0.21381026149889007,
        0.21649287177642426
    ],
    "Upstream Delay Var": [
        0.0041854404660464336,
        0.004216292522772498
    ],
    "Downstream Delay Avg": [
        0.0,
        0.0
    ],
    "Downstream Delay 95th Perc": [
        0.0,
        0.0
    ],
    "Downstream Delay Var": [
        0.0,
        0.0
    ],
    "RTT Avg": [
        0.0,
        0.0
    ],
    "RTT 95th Perc": [
        0.0,
        0.0
    ],
    "RTT Var": [
        0.0,
        0.0
    ]
}