{
    "Upstream PDR": [
        0.9895086650312573,
        0.992093066570474
    ],
    "Downstream PDR": [
        0.9630491730213262,
        0.9695881986815118
    ],
    "TicToc PDR": [
        0.9531118252035231,
        0.9618111185194211
    ],
    "Packets retransmitted per node AVG": [
        0.0,
        0.0
    ],
    "Counter of retransmission per packet AVG": [
        0.0,
        0.0
    ],
    "Intertime of retransmissions AVG": [
        0.0,
        0.0
    ],
    "Packets delivered": [
        0.976533611688419,
        0.9809030696028168
    ],
    "Packets lost due to noise": [
        0.017851540058123193,
        0.02192569440692132
    ],
    "Packets collided": [
        0.0,
        0.0
    ],
    "Destinatary out of range": [
        0.0,
        0.0
    ],
    "Packets dropped": [
        0.0,
        0.0
    ],
    "Other causes of loss": [
        0.0012343263172641728,
        0.001551757926455192
    ],
    "Queue MN Avg": [
        0.232493549354231,
        0.2325145773057738
    ],
    "Queue MN Var": [
        3.180213008207465e-08,
        3.655864791321741e-08
    ],
    "Queue BR Avg": [
        0.20912052323974872,
        0.2096657132736825
    ],
    "Queue BR Var": [
        0.04560038006666353,
        0.05269761059133998
    ],
    "Upstream Delay Avg": [
        0.4591392879108131,
        0.459342578043427
    ],
    "Upstream Delay 95th Perc": [
        0.8709107522312864,
        0.8710972007794564
    ],
    "Upstream Delay Var": [
        0.06976346856918228,
        0.06979117214497763
    ],
    "Downstream Delay Avg": [
        0.4649999999999895,
        0.4649999999999897
    ],
    "Downstream Delay 95th Perc": [
        0.46499999999999997,
        0.46499999999999997
    ],
    "Downstream Delay Var": [
        1.067855878944737e-28,
        1.09608922539113e-28
    ],
    "RTT Avg": [
        1299.7986648230385,
        1300.2698875030455
    ],
    "RTT 95th Perc": [
        2289.3152632607357,
        2289.680687784225
    ],
    "RTT Var": [
        403268.90729736903,
        403533.1074013176
    ]
}