{
    "Upstream PDR": [
        0.2801611472130602,
        0.2841187950668822
    ],
    "Downstream PDR": [
        0.0,
        0.0
    ],
    "TicToc PDR": [
        0.0,
        0.0
    ],
    "Packets retransmitted per node AVG": [
        0.0,
        0.0
    ],
    "Counter of retransmission per packet AVG": [
        0.0,
        0.0
    ],
    "Intertime of retransmissions AVG": [
        0.0,
        0.0
    ],
    "Packets delivered": [
        0.27718918840001294,
        0.2812716887473041
    ],
    "Packets lost due to noise": [
        0.08643764059292754,
        0.08833048613828788
    ],
    "Packets collided": [
        -5.352284600770593e-07,
        3.2519546115849967e-06
    ],
    "Destinatary out of range": [
        -1.0700659939646925e-05,
        6.231754234526171e-05
    ],
    "Packets dropped": [
        0.0,
        0.0
    ],
    "Other causes of loss": [
        0.6307465200901156,
        0.6359701424227951
    ],
    "Queue MN Avg": [
        0.43484496634911063,
        0.4350558751908302
    ],
    "Queue MN Var": [
        1.241413835000856e-05,
        1.2996247193406592e-05
    ],
    "Queue BR Avg": [
        0.0,
        0.0
    ],
    "Queue BR Var": [
        0.0,
        0.0
    ],
    "Upstream Delay Avg": [
        0.8633191055838093,
        0.8644112193720553
    ],
    "Upstream Delay 95th Perc": [
        1.6396249313989573,
        1.6405096488955564
    ],
    "Upstream Delay Var": [
        0.2478507400670949,
        0.24818156330247493
    ],
    "Downstream Delay Avg": [
        0.0,
        0.0
    ],
    "Downstream Delay 95th Perc": [
        0.0,
        0.0
    ],
    "Downstream Delay Var": [
        0.0,
        0.0
    ],
    "RTT Avg": [
        0.0,
        0.0
    ],
    "RTT 95th Perc": [
        0.0,
        0.0
    ],
    "RTT Var": [
        0.0,
        0.0
    ]
}