{
    "Upstream PDR": [
        0.8862972394299463,
        0.9077053579726512
    ],
    "Downstream PDR": [
        0.83982748411173,
        0.8681284772827534
    ],
    "TicToc PDR": [
        0.7461169270860353,
        0.7883272287581207
    ],
    "Packets retransmitted per node AVG": [
        0.0,
        0.0
    ],
    "Counter of retransmission per packet AVG": [
        0.0,
        0.0
    ],
    "Intertime of retransmissions AVG": [
        0.0,
        0.0
    ],
    "Packets delivered": [
        0.864735826776372,
        0.8884877878260357
    ],
    "Packets lost due to noise": [
        0.09378983358607233,
        0.11328157756735495
    ],
    "Packets collided": [
        0.0,
        0.0
    ],
    "Destinatary out of range": [
        0.0,
        0.0
    ],
    "Packets dropped": [
        0.0,
        0.0
    ],
    "Other causes of loss": [
        0.01758795963889717,
        0.02211701460526771
    ],
    "Queue MN Avg": [
        0.15750735524841583,
        0.15752651178847069
    ],
    "Queue MN Var": [
        2.123462199630079e-08,
        2.5454434928505526e-08
    ],
    "Queue BR Avg": [
        0.14694538828309134,
        0.1504951366514668
    ],
    "Queue BR Var": [
        0.019598635420220962,
        0.024555443350576845
    ],
    "Upstream Delay Avg": [
        0.3089949731322113,
        0.30937074374490164
    ],
    "Upstream Delay 95th Perc": [
        0.5857319879659556,
        0.586026814987587
    ],
    "Upstream Delay Var": [
        0.03149278213098982,
        0.03153640105115619
    ],
    "Downstream Delay Avg": [
        0.314999999999998,
        0.3149999999999981
    ],
    "Downstream Delay 95th Perc": [
        0.31499999999999995,
        0.31500000000000006
    ],
    "Downstream Delay Var": [
        3.2174088131562615e-30,
        3.346097749001227e-30
    ],
    "RTT Avg": [
        1298.8468840371677,
        1301.6435274117282
    ],
    "RTT 95th Perc": [
        2288.913525545933,
        2290.3891398442147
    ],
    "RTT Var": [
        403235.78536771715,
        404324.2267931653
    ]
}