{
    "Upstream PDR": [
        0.08731361127530489,
        0.09228985192815832
    ],
    "Downstream PDR": [
        0.7307413904821665,
        0.738486406615924
    ],
    "TicToc PDR": [
        0.06401421047842867,
        0.06799531333109513
    ],
    "Packets retransmitted per node AVG": [
        0.0,
        0.0
    ],
    "Counter of retransmission per packet AVG": [
        0.0,
        0.0
    ],
    "Intertime of retransmissions AVG": [
        0.0,
        0.0
    ],
    "Packets delivered": [
        0.15190984593601833,
        0.15899776814726999
    ],
    "Packets lost due to noise": [
        0.07228661725723742,
        0.07499072814419847
    ],
    "Packets collided": [
        -7.18807621548603e-07,
        2.2163796828442274e-06
    ],
    "Destinatary out of range": [
        -7.86451941818141e-06,
        4.219999489853168e-05
    ],
    "Packets dropped": [
        0.0,
        0.0
    ],
    "Other causes of loss": [
        0.7662615361890777,
        0.7755176712786565
    ],
    "Queue MN Avg": [
        0.4574908872145862,
        0.4575242005156106
    ],
    "Queue MN Var": [
        1.2319017233109694e-07,
        1.3886863573732195e-07
    ],
    "Queue BR Avg": [
        0.17120689292550845,
        0.18096476351323038
    ],
    "Queue BR Var": [
        0.02499707924976882,
        0.032807418595353056
    ],
    "Upstream Delay Avg": [
        0.9074744822265153,
        0.9105246797051192
    ],
    "Upstream Delay 95th Perc": [
        1.7250526168912275,
        1.727491746774487
    ],
    "Upstream Delay Var": [
        0.274405838994218,
        0.2756582213233276
    ],
    "Downstream Delay Avg": [
        0.9149999999492376,
        0.9150000000185624
    ],
    "Downstream Delay 95th Perc": [
        0.915000005392546,
        0.9150000056358449
    ],
    "Downstream Delay Var": [
        1.3788379569821367e-17,
        1.7981197033174252e-17
    ],
    "RTT Avg": [
        1287.3194215625724,
        1328.6425114173378
    ],
    "RTT 95th Perc": [
        1835.714974858322,
        1888.2034488224767
    ],
    "RTT Var": [
        218769.430684454,
        238563.9601362338
    ]
}