{
    "Upstream PDR": [
        0.11485669750947225,
        0.1251458998931251
    ],
    "Downstream PDR": [
        0.0,
        0.0
    ],
    "TicToc PDR": [
        0.0,
        0.0
    ],
    "Packets retransmitted per node AVG": [
        0.0,
        0.0
    ],
    "Counter of retransmission per packet AVG": [
        0.0,
        0.0
    ],
    "Intertime of retransmissions AVG": [
        0.0,
        0.0
    ],
    "Packets delivered": [
        0.12834642654484582,
        0.1387463127570492
    ],
    "Packets lost due to noise": [
        0.07653626550637134,
        0.0818709644647292
    ],
    "Packets collided": [
        0.0,
        0.0
    ],
    "Destinatary out of range": [
        0.0,
        0.0
    ],
    "Packets dropped": [
        0.0,
        0.0
    ],
    "Other causes of loss": [
        0.779647300672191,
        0.7948527300548137
    ],
    "Queue MN Avg": [
        0.10499269196795802,
        0.10500791193081571
    ],
    "Queue MN Var": [
        1.1226429460275644e-08,
        1.383984421104087e-08
    ],
    "Queue BR Avg": [
        0.0,
        0.0
    ],
    "Queue BR Var": [
        0.0,
        0.0
    ],
    "Upstream Delay Avg": [
        0.20390921149799454,
        0.20470610131443193
    ],
    "Upstream Delay 95th Perc": [
        0.3861408893428114,
        0.3867918780419887
    ],
    "Upstream Delay Var": [
        0.013649065486813638,
        0.013728342127689456
    ],
    "Downstream Delay Avg": [
        0.0,
        0.0
    ],
    "Downstream Delay 95th Perc": [
        0.0,
        0.0
    ],
    "Downstream Delay Var": [
        0.0,
        0.0
    ],
    "RTT Avg": [
        0.0,
        0.0
    ],
    "RTT 95th Perc": [
        0.0,
        0.0
    ],
    "RTT Var": [
        0.0,
        0.0
    ]
}