{
    "Upstream PDR": [
        0.46811644666332974,
        0.490965227218344
    ],
    "Downstream PDR": [
        0.8374421563364868,
        0.8493890292586829
    ],
    "TicToc PDR": [
        0.3932089965580008,
        0.416338478189474
    ],
    "Packets retransmitted per node AVG": [
        0.0,
        0.0
    ],
    "Counter of retransmission per packet AVG": [
        0.0,
        0.0
    ],
    "Intertime of retransmissions AVG": [
        0.0,
        0.0
    ],
    "Packets delivered": [
        0.714447334274756,
        0.7381095857753598
    ],
    "Packets lost due to noise": [
        0.12581257364590626,
        0.1352548119789186
    ],
    "Packets collided": [
        0.0,
        0.0
    ],
    "Destinatary out of range": [
        0.0,
        0.0
    ],
    "Packets dropped": [
        0.0,
        0.0
    ],
    "Other causes of loss": [
        0.13324526503684397,
        0.15313042928821508
    ],
    "Queue MN Avg": [
        171.3298437902589,
        171.34959836303022
    ],
    "Queue MN Var": [
        0.08431926982735326,
        0.09024481915618542
    ],
    "Queue BR Avg": [
        2.0547170152424044,
        2.157381472034696
    ],
    "Queue BR Var": [
        0.9726739542558867,
        1.2757437373644627
    ],
    "Upstream Delay Avg": [
        342.64821539179945,
        342.8326111591615
    ],
    "Upstream Delay 95th Perc": [
        603.4618821029044,
        603.5854611247571
    ],
    "Upstream Delay Var": [
        27979.277496781928,
        28004.014858595663
    ],
    "Downstream Delay Avg": [
        1.3637894346155213,
        1.3687326712217571
    ],
    "Downstream Delay 95th Perc": [
        1.3612295808780797,
        1.3766257536607958
    ],
    "Downstream Delay Var": [
        -0.004917714733820737,
        0.015163338138488254
    ],
    "RTT Avg": [
        1294.5802313974905,
        1301.3803407671048
    ],
    "RTT 95th Perc": [
        2248.3962596310685,
        2262.0331588017652
    ],
    "RTT Var": [
        392562.4627696146,
        398397.97705801524
    ]
}