{
    "Upstream PDR": [
        0.9931869068227499,
        0.995737768501926
    ],
    "Downstream PDR": [
        0.9633697480542451,
        0.9721887567899306
    ],
    "TicToc PDR": [
        0.9572970025828287,
        0.9675965039106778
    ],
    "Packets retransmitted per node AVG": [
        0.0,
        0.0
    ],
    "Counter of retransmission per packet AVG": [
        0.0,
        0.0
    ],
    "Intertime of retransmissions AVG": [
        0.0,
        0.0
    ],
    "Packets delivered": [
        0.9785948414013191,
        0.9837498956157079
    ],
    "Packets lost due to noise": [
        0.015136303465478703,
        0.01991186532538495
    ],
    "Packets collided": [
        0.0,
        0.0
    ],
    "Destinatary out of range": [
        0.0,
        0.0
    ],
    "Packets dropped": [
        0.0,
        0.0
    ],
    "Other causes of loss": [
        0.0010970326217015695,
        0.0015100615704075442
    ],
    "Queue MN Avg": [
        0.08249031744846085,
        0.08250914683477818
    ],
    "Queue MN Var": [
        6.397549657804377e-09,
        8.083544207768267e-09
    ],
    "Queue BR Avg": [
        0.024829778332643947,
        0.02489380069423496
    ],
    "Queue BR Var": [
        0.0018192097466592473,
        0.0021288733219036724
    ],
    "Upstream Delay Avg": [
        0.15909605784199982,
        0.15941262930476885
    ],
    "Upstream Delay 95th Perc": [
        0.300653465987574,
        0.30106418587779754
    ],
    "Upstream Delay Var": [
        0.008267910595555577,
        0.008271605396884409
    ],
    "Downstream Delay Avg": [
        0.16499999999999987,
        0.16499999999999998
    ],
    "Downstream Delay 95th Perc": [
        0.165,
        0.165
    ],
    "Downstream Delay Var": [
        1.9958124400673065e-31,
        2.981725285222368e-31
    ],
    "RTT Avg": [
        1299.6488811569325,
        1300.5791240406916
    ],
    "RTT 95th Perc": [
        2289.525930410347,
        2290.040477775467
    ],
    "RTT Var": [
        403630.74572746496,
        404037.12152215367
    ]
}