{
    "Upstream PDR": [
        0.9396386450512917,
        0.9428741564329386
    ],
    "Downstream PDR": [
        0.9739619601719206,
        0.9751385403144656
    ],
    "TicToc PDR": [
        0.9155212834203539,
        0.9190857666724106
    ],
    "Packets retransmitted per node AVG": [
        0.0,
        0.0
    ],
    "Counter of retransmission per packet AVG": [
        0.0,
        0.0
    ],
    "Intertime of retransmissions AVG": [
        0.0,
        0.0
    ],
    "Packets delivered": [
        0.9839420673801488,
        0.9859275808760651
    ],
    "Packets lost due to noise": [
        0.012599022208857787,
        0.013209573006139893
    ],
    "Packets collided": [
        -1.5591898184208478e-06,
        1.60886946636347e-05
    ],
    "Destinatary out of range": [
        -3.576720209097155e-07,
        1.1028500206470404e-06
    ],
    "Packets dropped": [
        0.0,
        0.0
    ],
    "Other causes of loss": [
        0.0012990587026912065,
        0.0030074231432529234
    ],
    "Queue MN Avg": [
        35.74721440348576,
        35.77119622381915
    ],
    "Queue MN Var": [
        0.07819415112126654,
        0.08432095484710347
    ],
    "Queue BR Avg": [
        0.9219114082137504,
        0.9247458783700365
    ],
    "Queue BR Var": [
        0.07742429948717049,
        0.0972081762416105
    ],
    "Upstream Delay Avg": [
        71.48057688557536,
        71.52853377662744
    ],
    "Upstream Delay 95th Perc": [
        125.31870883946404,
        125.36670634636279
    ],
    "Upstream Delay Var": [
        1193.1328095704662,
        1193.2635861519057
    ],
    "Downstream Delay Avg": [
        1.0649102917902897,
        1.0657185446842912
    ],
    "Downstream Delay 95th Perc": [
        1.0643691826455017,
        1.0690838920633647
    ],
    "Downstream Delay Var": [
        -0.0001490153888767977,
        0.001293671891552148
    ],
    "RTT Avg": [
        1300.0084830094181,
        1300.3077155628446
    ],
    "RTT 95th Perc": [
        2289.756360331588,
        2290.0985866155493
    ],
    "RTT Var": [
        403496.83755413233,
        403694.1396847508
    ]
}