{
    "Upstream PDR": [
        0.7483251618316591,
        0.7508384745319774
    ],
    "Downstream PDR": [
        0.0,
        0.0
    ],
    "TicToc PDR": [
        0.0,
        0.0
    ],
    "Packets retransmitted per node AVG": [
        0.0,
        0.0
    ],
    "Counter of retransmission per packet AVG": [
        0.0,
        0.0
    ],
    "Intertime of retransmissions AVG": [
        0.0,
        0.0
    ],
    "Packets delivered": [
        0.7481929235424143,
        0.7505959240892885
    ],
    "Packets lost due to noise": [
        0.21841362518579766,
        0.22040024365485367
    ],
    "Packets collided": [
        0.0,
        0.0
    ],
    "Destinatary out of range": [
        0.0,
        0.0
    ],
    "Packets dropped": [
        0.0,
        0.0
    ],
    "Other causes of loss": [
        0.02947025859947928,
        0.03292702492816657
    ],
    "Queue MN Avg": [
        0.14999417595274295,
        0.1500095643238366
    ],
    "Queue MN Var": [
        1.3461201077743008e-08,
        1.5318178534225426e-08
    ],
    "Queue BR Avg": [
        0.0,
        0.0
    ],
    "Queue BR Var": [
        0.0,
        0.0
    ],
    "Upstream Delay Avg": [
        0.2940188690217865,
        0.2944549887172124
    ],
    "Upstream Delay 95th Perc": [
        0.5574803800353227,
        0.5578782606807342
    ],
    "Upstream Delay Var": [
        0.028485878821414255,
        0.028530938510780333
    ],
    "Downstream Delay Avg": [
        0.0,
        0.0
    ],
    "Downstream Delay 95th Perc": [
        0.0,
        0.0
    ],
    "Downstream Delay Var": [
        0.0,
        0.0
    ],
    "RTT Avg": [
        0.0,
        0.0
    ],
    "RTT 95th Perc": [
        0.0,
        0.0
    ],
    "RTT Var": [
        0.0,
        0.0
    ]
}{
    "Upstream PDR": [
        0.7483251618316591,
        0.7508384745319774
    ],
    "Downstream PDR": [
        0.0,
        0.0
    ],
    "TicToc PDR": [
        0.0,
        0.0
    ],
    "Packets retransmitted per node AVG": [
        0.0,
        0.0
    ],
    "Counter of retransmission per packet AVG": [
        0.0,
        0.0
    ],
    "Intertime of retransmissions AVG": [
        0.0,
        0.0
    ],
    "Packets delivered": [
        0.7481929235424143,
        0.7505959240892885
    ],
    "Packets lost due to noise": [
        0.21841362518579766,
        0.22040024365485367
    ],
    "Packets collided": [
        0.0,
        0.0
    ],
    "Destinatary out of range": [
        0.0,
        0.0
    ],
    "Packets dropped": [
        0.0,
        0.0
    ],
    "Other causes of loss": [
        0.02947025859947928,
        0.03292702492816657
    ],
    "Queue MN Avg": [
        0.14999417595274295,
        0.1500095643238366
    ],
    "Queue MN Var": [
        1.3461201077743008e-08,
        1.5318178534225426e-08
    ],
    "Queue BR Avg": [
        0.0,
        0.0
    ],
    "Queue BR Var": [
        0.0,
        0.0
    ],
    "Upstream Delay Avg": [
        0.2940188690217865,
        0.2944549887172124
    ],
    "Upstream Delay 95th Perc": [
        0.5574803800353227,
        0.5578782606807342
    ],
    "Upstream Delay Var": [
        0.028485878821414255,
        0.028530938510780333
    ],
    "Downstream Delay Avg": [
        0.0,
        0.0
    ],
    "Downstream Delay 95th Perc": [
        0.0,
        0.0
    ],
    "Downstream Delay Var": [
        0.0,
        0.0
    ],
    "RTT Avg": [
        0.0,
        0.0
    ],
    "RTT 95th Perc": [
        0.0,
        0.0
    ],
    "RTT Var": [
        0.0,
        0.0
    ]
}{
    "Upstream PDR": [
        0.7483251618316591,
        0.7508384745319774
    ],
    "Downstream PDR": [
        0.0,
        0.0
    ],
    "TicToc PDR": [
        0.0,
        0.0
    ],
    "Packets retransmitted per node AVG": [
        0.0,
        0.0
    ],
    "Counter of retransmission per packet AVG": [
        0.0,
        0.0
    ],
    "Intertime of retransmissions AVG": [
        0.0,
        0.0
    ],
    "Packets delivered": [
        0.7481929235424143,
        0.7505959240892885
    ],
    "Packets lost due to noise": [
        0.21841362518579766,
        0.22040024365485367
    ],
    "Packets collided": [
        0.0,
        0.0
    ],
    "Destinatary out of range": [
        0.0,
        0.0
    ],
    "Packets dropped": [
        0.0,
        0.0
    ],
    "Other causes of loss": [
        0.02947025859947928,
        0.03292702492816657
    ],
    "Queue MN Avg": [
        0.14999417595274295,
        0.1500095643238366
    ],
    "Queue MN Var": [
        1.3461201077743008e-08,
        1.5318178534225426e-08
    ],
    "Queue BR Avg": [
        0.0,
        0.0
    ],
    "Queue BR Var": [
        0.0,
        0.0
    ],
    "Upstream Delay Avg": [
        0.2940188690217865,
        0.2944549887172124
    ],
    "Upstream Delay 95th Perc": [
        0.5574803800353227,
        0.5578782606807342
    ],
    "Upstream Delay Var": [
        0.028485878821414255,
        0.028530938510780333
    ],
    "Downstream Delay Avg": [
        0.0,
        0.0
    ],
    "Downstream Delay 95th Perc": [
        0.0,
        0.0
    ],
    "Downstream Delay Var": [
        0.0,
        0.0
    ],
    "RTT Avg": [
        0.0,
        0.0
    ],
    "RTT 95th Perc": [
        0.0,
        0.0
    ],
    "RTT Var": [
        0.0,
        0.0
    ]
}