{
    "Upstream PDR": [
        0.2905294566660743,
        0.307125088788471
    ],
    "Downstream PDR": [
        0.7926776296755557,
        0.8078246118645672
    ],
    "TicToc PDR": [
        0.23115954849796005,
        0.24783785409944248
    ],
    "Packets retransmitted per node AVG": [
        0.0,
        0.0
    ],
    "Counter of retransmission per packet AVG": [
        0.0,
        0.0
    ],
    "Intertime of retransmissions AVG": [
        0.0,
        0.0
    ],
    "Packets delivered": [
        0.40087721127548487,
        0.42039721900574983
    ],
    "Packets lost due to noise": [
        0.11453444593084074,
        0.12107521315502016
    ],
    "Packets collided": [
        0.0,
        0.0
    ],
    "Destinatary out of range": [
        0.0,
        0.0
    ],
    "Packets dropped": [
        0.0,
        0.0
    ],
    "Other causes of loss": [
        0.4615010636229657,
        0.48161484700993884
    ],
    "Queue MN Avg": [
        0.15748708701597997,
        0.15750727334782455
    ],
    "Queue MN Var": [
        2.016986796767e-08,
        2.4157765016580824e-08
    ],
    "Queue BR Avg": [
        0.06537108184760727,
        0.06910452940513677
    ],
    "Queue BR Var": [
        0.002153557806086258,
        0.0028393165216968825
    ],
    "Upstream Delay Avg": [
        0.30889343652541734,
        0.30954296132278125
    ],
    "Upstream Delay 95th Perc": [
        0.5853208006729124,
        0.5861314099292588
    ],
    "Upstream Delay Var": [
        0.031437819173409584,
        0.03152555435433392
    ],
    "Downstream Delay Avg": [
        0.31499999997603984,
        0.3149999999891791
    ],
    "Downstream Delay 95th Perc": [
        0.31500000268072686,
        0.3150000027728734
    ],
    "Downstream Delay Var": [
        3.0939335415586477e-18,
        3.3619101011706973e-18
    ],
    "RTT Avg": [
        1297.534312778868,
        1303.635127640324
    ],
    "RTT 95th Perc": [
        2266.186435573812,
        2286.7262905890834
    ],
    "RTT Var": [
        391963.66382457555,
        399907.0823352299
    ]
}