{
    "Upstream PDR": [
        0.22807224997279762,
        0.23661865911811147
    ],
    "Downstream PDR": [
        0.0,
        0.0
    ],
    "TicToc PDR": [
        0.0,
        0.0
    ],
    "Packets retransmitted per node AVG": [
        0.0,
        0.0
    ],
    "Counter of retransmission per packet AVG": [
        0.0,
        0.0
    ],
    "Intertime of retransmissions AVG": [
        0.0,
        0.0
    ],
    "Packets delivered": [
        0.22272173080689578,
        0.23085027034975097
    ],
    "Packets lost due to noise": [
        0.09616554098432811,
        0.09959515343130873
    ],
    "Packets collided": [
        -8.027130136215541e-07,
        4.877023549402414e-06
    ],
    "Destinatary out of range": [
        -2.1405938089025092e-06,
        1.6808069905936243e-05
    ],
    "Packets dropped": [
        0.0,
        0.0
    ],
    "Other causes of loss": [
        0.6703930543636727,
        0.6802555082774115
    ],
    "Queue MN Avg": [
        0.2925007867106228,
        0.2925213400129107
    ],
    "Queue MN Var": [
        6.168369687908759e-08,
        6.640387320996038e-08
    ],
    "Queue BR Avg": [
        0.0,
        0.0
    ],
    "Queue BR Var": [
        0.0,
        0.0
    ],
    "Upstream Delay Avg": [
        0.5785922629872765,
        0.5791339863601787
    ],
    "Upstream Delay 95th Perc": [
        1.0984306435074305,
        1.0990592528133125
    ],
    "Upstream Delay Var": [
        0.11099478519286106,
        0.11123866519718516
    ],
    "Downstream Delay Avg": [
        0.0,
        0.0
    ],
    "Downstream Delay 95th Perc": [
        0.0,
        0.0
    ],
    "Downstream Delay Var": [
        0.0,
        0.0
    ],
    "RTT Avg": [
        0.0,
        0.0
    ],
    "RTT 95th Perc": [
        0.0,
        0.0
    ],
    "RTT Var": [
        0.0,
        0.0
    ]
}