{
    "Upstream PDR": [
        0.2193895030079985,
        0.22249945803096258
    ],
    "Downstream PDR": [
        0.8189834966538797,
        0.8244561296538039
    ],
    "TicToc PDR": [
        0.17990219092386295,
        0.183245861024189
    ],
    "Packets retransmitted per node AVG": [
        0.0,
        0.0
    ],
    "Counter of retransmission per packet AVG": [
        0.0,
        0.0
    ],
    "Intertime of retransmissions AVG": [
        0.0,
        0.0
    ],
    "Packets delivered": [
        0.37756600355439984,
        0.3827677145607896
    ],
    "Packets lost due to noise": [
        0.09780521357774097,
        0.10018856909464924
    ],
    "Packets collided": [
        -2.8061163486965796e-07,
        8.652411405361794e-07
    ],
    "Destinatary out of range": [
        -1.0768902194814681e-05,
        5.572647764526468e-05
    ],
    "Packets dropped": [
        0.0,
        0.0
    ],
    "Other causes of loss": [
        0.5182443560952569,
        0.5233826009122072
    ],
    "Queue MN Avg": [
        111.93155921880259,
        111.9532565044095
    ],
    "Queue MN Var": [
        0.08659461756104915,
        0.09210420331404885
    ],
    "Queue BR Avg": [
        0.46306928944196635,
        0.4696462827546436
    ],
    "Queue BR Var": [
        0.06493274852675512,
        0.07789580106199437
    ],
    "Upstream Delay Avg": [
        222.29233161845025,
        222.65374552389477
    ],
    "Upstream Delay 95th Perc": [
        396.30704667492824,
        397.8520977097273
    ],
    "Upstream Delay Var": [
        11631.921675724003,
        11716.4268829106
    ],
    "Downstream Delay Avg": [
        1.2149999998779268,
        1.214999999897584
    ],
    "Downstream Delay 95th Perc": [
        1.2150000081420278,
        1.21500000824448
    ],
    "Downstream Delay Var": [
        3.407916156368752e-17,
        3.5166567726850557e-17
    ],
    "RTT Avg": [
        1285.6636264060674,
        1288.4877241236202
    ],
    "RTT 95th Perc": [
        2247.72291060545,
        2256.1505833355004
    ],
    "RTT Var": [
        390620.1137772221,
        393623.20969762164
    ]
}