{
    "Upstream PDR": [
        0.06764818003365486,
        0.07074987191439708
    ],
    "Downstream PDR": [
        0.7387851337192517,
        0.7452826855643377
    ],
    "TicToc PDR": [
        0.050125179098089244,
        0.05260144427853413
    ],
    "Packets retransmitted per node AVG": [
        0.0,
        0.0
    ],
    "Counter of retransmission per packet AVG": [
        0.0,
        0.0
    ],
    "Intertime of retransmissions AVG": [
        0.0,
        0.0
    ],
    "Packets delivered": [
        0.14990614889324033,
        0.15557339196566028
    ],
    "Packets lost due to noise": [
        0.06551756689594582,
        0.06783342535571005
    ],
    "Packets collided": [
        -1.925618170774747e-06,
        5.9374732023931795e-06
    ],
    "Destinatary out of range": [
        -1.09118363010569e-05,
        3.3645681480228016e-05
    ],
    "Packets dropped": [
        0.0,
        0.0
    ],
    "Other causes of loss": [
        0.7767843893951514,
        0.7843583317940817
    ],
    "Queue MN Avg": [
        111.92796998031179,
        111.9510884196525
    ],
    "Queue MN Var": [
        0.08279800604365954,
        0.08817166812484924
    ],
    "Queue BR Avg": [
        0.0996192515418029,
        0.10418751900836071
    ],
    "Queue BR Var": [
        0.00868123707973092,
        0.01025770957945789
    ],
    "Upstream Delay Avg": [
        223.85177046146936,
        227.5668892427135
    ],
    "Upstream Delay 95th Perc": [
        391.66044053896303,
        394.59682795055426
    ],
    "Upstream Delay Var": [
        11398.28429407181,
        11774.65196976915
    ],
    "Downstream Delay Avg": [
        1.2150000000006507,
        1.2150000000702852
    ],
    "Downstream Delay 95th Perc": [
        1.2150000072612153,
        1.2150000075157832
    ],
    "Downstream Delay Var": [
        2.549799996955955e-17,
        2.9007743537358884e-17
    ],
    "RTT Avg": [
        1310.856054258787,
        1341.8281380114968
    ],
    "RTT 95th Perc": [
        1805.7239775152611,
        1846.8671631887864
    ],
    "RTT Var": [
        197650.3051613676,
        214521.02335215014
    ]
}