{
    "Upstream PDR": [
        0.9002445276923742,
        0.903312874905028
    ],
    "Downstream PDR": [
        0.0,
        0.0
    ],
    "TicToc PDR": [
        0.0,
        0.0
    ],
    "Packets retransmitted per node AVG": [
        0.0,
        0.0
    ],
    "Counter of retransmission per packet AVG": [
        0.0,
        0.0
    ],
    "Intertime of retransmissions AVG": [
        0.0,
        0.0
    ],
    "Packets delivered": [
        0.9002388172042465,
        0.9033546589731464
    ],
    "Packets lost due to noise": [
        0.09081946375836315,
        0.09203033735462625
    ],
    "Packets collided": [
        0.0,
        0.0
    ],
    "Destinatary out of range": [
        0.0,
        0.0
    ],
    "Packets dropped": [
        0.0,
        0.0
    ],
    "Other causes of loss": [
        0.005300468202468299,
        0.008256254507149393
    ],
    "Queue MN Avg": [
        0.4799801413815797,
        0.48002490019923566
    ],
    "Queue MN Var": [
        6.258022796675429e-07,
        6.834710910918551e-07
    ],
    "Queue BR Avg": [
        0.0,
        0.0
    ],
    "Queue BR Var": [
        0.0,
        0.0
    ],
    "Upstream Delay Avg": [
        0.9536392536221504,
        0.9543060507465738
    ],
    "Upstream Delay 95th Perc": [
        1.8112910547673187,
        1.8115291924742236
    ],
    "Upstream Delay Var": [
        0.3023041976301785,
        0.30251310618757704
    ],
    "Downstream Delay Avg": [
        0.0,
        0.0
    ],
    "Downstream Delay 95th Perc": [
        0.0,
        0.0
    ],
    "Downstream Delay Var": [
        0.0,
        0.0
    ],
    "RTT Avg": [
        0.0,
        0.0
    ],
    "RTT 95th Perc": [
        0.0,
        0.0
    ],
    "RTT Var": [
        0.0,
        0.0
    ]
}