{
    "Upstream PDR": [
        0.6397969822872932,
        0.6894393813490706
    ],
    "Downstream PDR": [
        0.0,
        0.0
    ],
    "TicToc PDR": [
        0.0,
        0.0
    ],
    "Packets retransmitted per node AVG": [
        0.0,
        0.0
    ],
    "Counter of retransmission per packet AVG": [
        0.0,
        0.0
    ],
    "Intertime of retransmissions AVG": [
        0.0,
        0.0
    ],
    "Packets delivered": [
        0.6396710816220437,
        0.6893771048428243
    ],
    "Packets lost due to noise": [
        0.12384602802699901,
        0.13954952464305564
    ],
    "Packets collided": [
        0.0,
        0.0
    ],
    "Destinatary out of range": [
        0.0,
        0.0
    ],
    "Packets dropped": [
        0.0,
        0.0
    ],
    "Other causes of loss": [
        0.1803175116020043,
        0.22723874926307283
    ],
    "Queue MN Avg": [
        0.14999315770113342,
        0.15000458254817328
    ],
    "Queue MN Var": [
        1.4269578230292654e-08,
        1.6480441777481607e-08
    ],
    "Queue BR Avg": [
        0.0,
        0.0
    ],
    "Queue BR Var": [
        0.0,
        0.0
    ],
    "Upstream Delay Avg": [
        0.2939861331210218,
        0.29432403305406624
    ],
    "Upstream Delay 95th Perc": [
        0.55734663240036,
        0.5576743417853545
    ],
    "Upstream Delay Var": [
        0.028510440073701057,
        0.02854135047710249
    ],
    "Downstream Delay Avg": [
        0.0,
        0.0
    ],
    "Downstream Delay 95th Perc": [
        0.0,
        0.0
    ],
    "Downstream Delay Var": [
        0.0,
        0.0
    ],
    "RTT Avg": [
        0.0,
        0.0
    ],
    "RTT 95th Perc": [
        0.0,
        0.0
    ],
    "RTT Var": [
        0.0,
        0.0
    ]
}