{
    "Upstream PDR": [
        0.9948732059002626,
        0.9983735473464898
    ],
    "Downstream PDR": [
        0.0,
        0.0
    ],
    "TicToc PDR": [
        0.0,
        0.0
    ],
    "Packets retransmitted per node AVG": [
        0.0,
        0.0
    ],
    "Counter of retransmission per packet AVG": [
        0.0,
        0.0
    ],
    "Intertime of retransmissions AVG": [
        0.0,
        0.0
    ],
    "Packets delivered": [
        0.9947555391680645,
        0.9982864393473883
    ],
    "Packets lost due to noise": [
        0.0015111054184180524,
        0.0016366859948273873
    ],
    "Packets collided": [
        0.0,
        0.0
    ],
    "Destinatary out of range": [
        0.0,
        0.0
    ],
    "Packets dropped": [
        0.0,
        0.0
    ],
    "Other causes of loss": [
        0.00012369544234181644,
        0.0036865346289599444
    ],
    "Queue MN Avg": [
        0.2924942918223643,
        0.29251929590131664
    ],
    "Queue MN Var": [
        5.871442192933171e-08,
        6.57739131202304e-08
    ],
    "Queue BR Avg": [
        0.0,
        0.0
    ],
    "Queue BR Var": [
        0.0,
        0.0
    ],
    "Upstream Delay Avg": [
        0.5788808407197,
        0.579297639130128
    ],
    "Upstream Delay 95th Perc": [
        1.098838494025949,
        1.0991196312033653
    ],
    "Upstream Delay Var": [
        0.11116009657716919,
        0.11117427299986432
    ],
    "Downstream Delay Avg": [
        0.0,
        0.0
    ],
    "Downstream Delay 95th Perc": [
        0.0,
        0.0
    ],
    "Downstream Delay Var": [
        0.0,
        0.0
    ],
    "RTT Avg": [
        0.0,
        0.0
    ],
    "RTT 95th Perc": [
        0.0,
        0.0
    ],
    "RTT Var": [
        0.0,
        0.0
    ]
}