{
    "Upstream PDR": [
        0.9843018671806961,
        0.9882996912608618
    ],
    "Downstream PDR": [
        0.9643084251790608,
        0.9692245806087867
    ],
    "TicToc PDR": [
        0.9497186636881487,
        0.9573732843637994
    ],
    "Packets retransmitted per node AVG": [
        0.0,
        0.0
    ],
    "Counter of retransmission per packet AVG": [
        0.0,
        0.0
    ],
    "Intertime of retransmissions AVG": [
        0.0,
        0.0
    ],
    "Packets delivered": [
        0.9745980737462799,
        0.9785359659776122
    ],
    "Packets lost due to noise": [
        0.019834067427001487,
        0.022972201114167826
    ],
    "Packets collided": [
        -1.194298484477959e-06,
        3.68251367528052e-06
    ],
    "Destinatary out of range": [
        0.0,
        0.0
    ],
    "Packets dropped": [
        0.0,
        0.0
    ],
    "Other causes of loss": [
        0.0012147785037010823,
        0.0028424250160464385
    ],
    "Queue MN Avg": [
        0.382456644768673,
        0.3825239233242326
    ],
    "Queue MN Var": [
        4.917614994164173e-07,
        5.501853501018601e-07
    ],
    "Queue BR Avg": [
        0.5705678886460478,
        0.572855809325093
    ],
    "Queue BR Var": [
        0.2139225729826715,
        0.24454514936239505
    ],
    "Upstream Delay Avg": [
        0.7583876884189812,
        0.75937671733384
    ],
    "Upstream Delay 95th Perc": [
        1.440720448966733,
        1.4410463972541252
    ],
    "Upstream Delay Var": [
        0.19125512336139466,
        0.1913090979938471
    ],
    "Downstream Delay Avg": [
        0.7649827286954649,
        0.7650532545388893
    ],
    "Downstream Delay 95th Perc": [
        0.7650000000000005,
        0.7650000000000005
    ],
    "Downstream Delay Var": [
        -2.5653594988563247e-05,
        7.910058967108689e-05
    ],
    "RTT Avg": [
        1299.7685806939853,
        1300.1598750899188
    ],
    "RTT 95th Perc": [
        2289.4150048335764,
        2289.722351927057
    ],
    "RTT Var": [
        403614.1782729057,
        403830.26512921735
    ]
}