{
    "Upstream PDR": [
        0.7482112195916111,
        0.7506355336551425
    ],
    "Downstream PDR": [
        0.7487987998250176,
        0.7508463449576381
    ],
    "TicToc PDR": [
        0.5611769048025201,
        0.5626786796130641
    ],
    "Packets retransmitted per node AVG": [
        0.0,
        0.0
    ],
    "Counter of retransmission per packet AVG": [
        0.0,
        0.0
    ],
    "Intertime of retransmissions AVG": [
        0.0,
        0.0
    ],
    "Packets delivered": [
        0.7487780720073368,
        0.7501545700318718
    ],
    "Packets lost due to noise": [
        0.21951301509146767,
        0.22036708147949827
    ],
    "Packets collided": [
        -4.6128632871222004e-06,
        1.4223355683526746e-05
    ],
    "Destinatary out of range": [
        -2.713448992424826e-07,
        8.366679813839263e-07
    ],
    "Packets dropped": [
        0.0,
        0.0
    ],
    "Other causes of loss": [
        0.03000395793508587,
        0.031173127639260997
    ],
    "Queue MN Avg": [
        0.38245015858197007,
        0.3825141315148666
    ],
    "Queue MN Var": [
        4.776029501856652e-07,
        5.317533470500355e-07
    ],
    "Queue BR Avg": [
        14.311991979262505,
        14.358160807142575
    ],
    "Queue BR Var": [
        0.0,
        0.0
    ],
    "Upstream Delay Avg": [
        0.7587308858912747,
        0.7592444352186365
    ],
    "Upstream Delay 95th Perc": [
        1.4406274871205806,
        1.441137270430905
    ],
    "Upstream Delay Var": [
        0.1911405952167289,
        0.1914299958842686
    ],
    "Downstream Delay Avg": [
        0.7649999999999901,
        0.7649999999999904
    ],
    "Downstream Delay 95th Perc": [
        0.7650000000000005,
        0.7650000000000005
    ],
    "Downstream Delay Var": [
        9.591989848536707e-29,
        9.613640752236186e-29
    ],
    "RTT Avg": [
        1298.4642146505066,
        1300.2760249562148
    ],
    "RTT 95th Perc": [
        2288.6068108087406,
        2289.869620363203
    ],
    "RTT Var": [
        403696.60560665204,
        404476.73028506496
    ]
}