{
    "Upstream PDR": [
        0.8891226757804452,
        0.8997640774663084
    ],
    "Downstream PDR": [
        0.0,
        0.0
    ],
    "TicToc PDR": [
        0.0,
        0.0
    ],
    "Packets retransmitted per node AVG": [
        0.0,
        0.0
    ],
    "Counter of retransmission per packet AVG": [
        0.0,
        0.0
    ],
    "Intertime of retransmissions AVG": [
        0.0,
        0.0
    ],
    "Packets delivered": [
        0.8891301346419277,
        0.8997673638405971
    ],
    "Packets lost due to noise": [
        0.09167490147385511,
        0.10113918384379235
    ],
    "Packets collided": [
        0.0,
        0.0
    ],
    "Destinatary out of range": [
        0.0,
        0.0
    ],
    "Packets dropped": [
        0.0,
        0.0
    ],
    "Other causes of loss": [
        0.007509582508471198,
        0.010778833691356625
    ],
    "Queue MN Avg": [
        0.4800020443442922,
        0.48006018061333106
    ],
    "Queue MN Var": [
        6.495863589269793e-07,
        7.07039957339503e-07
    ],
    "Queue BR Avg": [
        0.0,
        0.0
    ],
    "Queue BR Var": [
        0.0,
        0.0
    ],
    "Upstream Delay Avg": [
        0.9534509828793792,
        0.9543563960672897
    ],
    "Upstream Delay 95th Perc": [
        1.8112023643444735,
        1.8114943925775275
    ],
    "Upstream Delay Var": [
        0.3022300941719965,
        0.30241809105222034
    ],
    "Downstream Delay Avg": [
        0.0,
        0.0
    ],
    "Downstream Delay 95th Perc": [
        0.0,
        0.0
    ],
    "Downstream Delay Var": [
        0.0,
        0.0
    ],
    "RTT Avg": [
        0.0,
        0.0
    ],
    "RTT 95th Perc": [
        0.0,
        0.0
    ],
    "RTT Var": [
        0.0,
        0.0
    ]
}