{
    "Upstream PDR": [
        0.6036222926416048,
        0.6088665385272265
    ],
    "Downstream PDR": [
        0.8979056500785801,
        0.9051190317409253
    ],
    "TicToc PDR": [
        0.5421989659383526,
        0.551022332762946
    ],
    "Packets retransmitted per node AVG": [
        0.0,
        0.0
    ],
    "Counter of retransmission per packet AVG": [
        0.0,
        0.0
    ],
    "Intertime of retransmissions AVG": [
        0.0,
        0.0
    ],
    "Packets delivered": [
        0.9045041200177031,
        0.9118450142149042
    ],
    "Packets lost due to noise": [
        0.07684832429877733,
        0.08316744442950105
    ],
    "Packets collided": [
        0.0,
        0.0
    ],
    "Destinatary out of range": [
        0.0,
        0.0
    ],
    "Packets dropped": [
        0.0,
        0.0
    ],
    "Other causes of loss": [
        0.010886370195621766,
        0.012748726843492411
    ],
    "Queue MN Avg": [
        218.89658615632598,
        218.91954825984695
    ],
    "Queue MN Var": [
        0.08223338518503921,
        0.08726784144311166
    ],
    "Queue BR Avg": [
        1.986894946249674,
        2.0041568312603286
    ],
    "Queue BR Var": [
        0.9794215366477559,
        1.164832439195067
    ],
    "Upstream Delay Avg": [
        437.78176394163984,
        437.93381927499956
    ],
    "Upstream Delay 95th Perc": [
        771.2491089076683,
        771.3967784023881
    ],
    "Upstream Delay Var": [
        45734.77329492607,
        45771.32853147948
    ],
    "Downstream Delay Avg": [
        1.5149999999999324,
        1.5150000000001758
    ],
    "Downstream Delay 95th Perc": [
        1.5149999999999988,
        1.5149999999999992
    ],
    "Downstream Delay Var": [
        -8.49713138974415e-21,
        2.620015290232556e-20
    ],
    "RTT Avg": [
        1299.4323518187812,
        1300.3569542838895
    ],
    "RTT 95th Perc": [
        2288.6756314353142,
        2289.4326749760767
    ],
    "RTT Var": [
        403332.77066219674,
        403929.99688660813
    ]
}