{
    "Upstream PDR": [
        0.7565757128266554,
        0.7634613001603575
    ],
    "Downstream PDR": [
        0.897019882709926,
        0.9057026125553738
    ],
    "TicToc PDR": [
        0.6789693887659215,
        0.6913630787665458
    ],
    "Packets retransmitted per node AVG": [
        0.0,
        0.0
    ],
    "Counter of retransmission per packet AVG": [
        0.0,
        0.0
    ],
    "Intertime of retransmissions AVG": [
        0.0,
        0.0
    ],
    "Packets delivered": [
        0.9057676624571525,
        0.9139563547509437
    ],
    "Packets lost due to noise": [
        0.07529283380545634,
        0.0821232980900154
    ],
    "Packets collided": [
        0.0,
        0.0
    ],
    "Destinatary out of range": [
        0.0,
        0.0
    ],
    "Packets dropped": [
        0.0,
        0.0
    ],
    "Other causes of loss": [
        0.010353891361342574,
        0.01250595953508972
    ],
    "Queue MN Avg": [
        111.93931800946957,
        111.96381549505709
    ],
    "Queue MN Var": [
        0.08740966552709602,
        0.09489843188493947
    ],
    "Queue BR Avg": [
        1.5998272348326228,
        1.6142611747748006
    ],
    "Queue BR Var": [
        0.7913656041462009,
        0.9930894693280843
    ],
    "Upstream Delay Avg": [
        223.85789960630512,
        223.93918344124535
    ],
    "Upstream Delay 95th Perc": [
        394.00422029718095,
        394.0730053006413
    ],
    "Upstream Delay Var": [
        11906.217068451497,
        11913.96868207051
    ],
    "Downstream Delay Avg": [
        1.214290846944619,
        1.2171866106825577
    ],
    "Downstream Delay 95th Perc": [
        1.2125160931900052,
        1.2226589068100002
    ],
    "Downstream Delay Var": [
        -0.0015670079834077557,
        0.004831730428507722
    ],
    "RTT Avg": [
        1299.428542704478,
        1300.3171991820748
    ],
    "RTT 95th Perc": [
        2288.9820735500457,
        2289.639602807261
    ],
    "RTT Var": [
        403245.3738000257,
        403862.40468634776
    ]
}