{
    "Upstream PDR": [
        0.9640447213854044,
        0.9700383954977125
    ],
    "Downstream PDR": [
        0.9080239191877794,
        0.9165122050793914
    ],
    "TicToc PDR": [
        0.8760547906440888,
        0.8884919626026646
    ],
    "Packets retransmitted per node AVG": [
        0.0,
        0.0
    ],
    "Counter of retransmission per packet AVG": [
        0.0,
        0.0
    ],
    "Intertime of retransmissions AVG": [
        0.0,
        0.0
    ],
    "Packets delivered": [
        0.936830244337261,
        0.9433335755835636
    ],
    "Packets lost due to noise": [
        0.049392987686463344,
        0.05432083590707011
    ],
    "Packets collided": [
        0.0,
        0.0
    ],
    "Destinatary out of range": [
        0.0,
        0.0
    ],
    "Packets dropped": [
        0.0,
        0.0
    ],
    "Other causes of loss": [
        0.006972399754273165,
        0.009149956731369074
    ],
    "Queue MN Avg": [
        0.3074686087425857,
        0.3075003099468529
    ],
    "Queue MN Var": [
        5.708560066376529e-08,
        6.419458189012216e-08
    ],
    "Queue BR Avg": [
        0.47434516849061115,
        0.4772890480287584
    ],
    "Queue BR Var": [
        0.12304367236381904,
        0.14607851449086157
    ],
    "Upstream Delay Avg": [
        0.6090124657319921,
        0.6092978458814803
    ],
    "Upstream Delay 95th Perc": [
        1.1558328463817595,
        1.1560813769575553
    ],
    "Upstream Delay Var": [
        0.12299931386250966,
        0.12306011612663982
    ],
    "Downstream Delay Avg": [
        0.6150000000000027,
        0.6150000000000166
    ],
    "Downstream Delay 95th Perc": [
        0.6149999999999994,
        0.6149999999999994
    ],
    "Downstream Delay Var": [
        -9.549432544898681e-22,
        2.9444831829700265e-21
    ],
    "RTT Avg": [
        1299.5722431377892,
        1300.5614359834556
    ],
    "RTT 95th Perc": [
        2289.382478529751,
        2289.98560825822
    ],
    "RTT Var": [
        403211.61787258054,
        403727.33543435496
    ]
}