{
    "Upstream PDR": [
        0.09232669016611929,
        0.09822136178193268
    ],
    "Downstream PDR": [
        0.7310394281054802,
        0.7392835510617051
    ],
    "TicToc PDR": [
        0.06782893846209978,
        0.0722684641353028
    ],
    "Packets retransmitted per node AVG": [
        0.0,
        0.0
    ],
    "Counter of retransmission per packet AVG": [
        0.0,
        0.0
    ],
    "Intertime of retransmissions AVG": [
        0.0,
        0.0
    ],
    "Packets delivered": [
        0.16078077003403873,
        0.16895549957381795
    ],
    "Packets lost due to noise": [
        0.07487866739007538,
        0.07885192861121691
    ],
    "Packets collided": [
        0.0,
        0.0
    ],
    "Destinatary out of range": [
        0.0,
        0.0
    ],
    "Packets dropped": [
        0.0,
        0.0
    ],
    "Other causes of loss": [
        0.75248254148863,
        0.764050592902221
    ],
    "Queue MN Avg": [
        0.3074605596797906,
        0.30749451803764394
    ],
    "Queue MN Var": [
        6.253831656782695e-08,
        7.078179641402866e-08
    ],
    "Queue BR Avg": [
        0.08112040851633981,
        0.08629780145504787
    ],
    "Queue BR Var": [
        0.006109897003774078,
        0.0080227400081387
    ],
    "Upstream Delay Avg": [
        0.607924119478052,
        0.6099092560097095
    ],
    "Upstream Delay 95th Perc": [
        1.1550511890642554,
        1.1566853826328873
    ],
    "Upstream Delay Var": [
        0.12265485877170512,
        0.12315138053713345
    ],
    "Downstream Delay Avg": [
        0.6149999999749589,
        0.6150000000278006
    ],
    "Downstream Delay 95th Perc": [
        0.6150000037373027,
        0.6150000039577448
    ],
    "Downstream Delay Var": [
        6.426838707140236e-18,
        7.502248242742632e-18
    ],
    "RTT Avg": [
        1289.377707871604,
        1328.958283432623
    ],
    "RTT 95th Perc": [
        1864.6574176312586,
        1907.4064180175785
    ],
    "RTT Var": [
        233382.27795286055,
        254782.5221131283
    ]
}