{
    "Upstream PDR": [
        0.9939625164314646,
        0.9972426783737304
    ],
    "Downstream PDR": [
        0.9732265934373016,
        0.9768871095597808
    ],
    "TicToc PDR": [
        0.9680366456533628,
        0.9735166010998836
    ],
    "Packets retransmitted per node AVG": [
        0.0,
        0.0
    ],
    "Counter of retransmission per packet AVG": [
        0.0,
        0.0
    ],
    "Intertime of retransmissions AVG": [
        0.0,
        0.0
    ],
    "Packets delivered": [
        0.983881291838496,
        0.9866666867576077
    ],
    "Packets lost due to noise": [
        0.012032611433707882,
        0.014054532429006719
    ],
    "Packets collided": [
        0.0,
        0.0
    ],
    "Destinatary out of range": [
        0.0,
        0.0
    ],
    "Packets dropped": [
        0.0,
        0.0
    ],
    "Other causes of loss": [
        0.0008805995443368165,
        0.002484277996844853
    ],
    "Queue MN Avg": [
        0.382456644768673,
        0.3825239233242326
    ],
    "Queue MN Var": [
        4.917614994164173e-07,
        5.501853501018601e-07
    ],
    "Queue BR Avg": [
        0.5003320516872815,
        0.5019832185772221
    ],
    "Queue BR Var": [
        0.17675294644841047,
        0.2064521809262285
    ],
    "Upstream Delay Avg": [
        0.7588005677437909,
        0.7593406763682716
    ],
    "Upstream Delay 95th Perc": [
        1.4407587053233988,
        1.4410482117779153
    ],
    "Upstream Delay Var": [
        0.19126041253244405,
        0.19129646730601305
    ],
    "Downstream Delay Avg": [
        0.7649999999979475,
        0.7650000000006509
    ],
    "Downstream Delay 95th Perc": [
        0.7650000000000005,
        0.7650000000000005
    ],
    "Downstream Delay Var": [
        -3.9753418921318375e-20,
        1.2257614938981095e-19
    ],
    "RTT Avg": [
        1299.5241409207285,
        1299.8766982767813
    ],
    "RTT 95th Perc": [
        2289.5819101371535,
        2289.7879835184394
    ],
    "RTT Var": [
        403743.5653909085,
        403965.10814111505
    ]
}