{
    "Upstream PDR": [
        0.9312711516375339,
        0.9444561210897385
    ],
    "Downstream PDR": [
        0.8780250567695207,
        0.8991732071412459
    ],
    "TicToc PDR": [
        0.8187694653444586,
        0.8491110541360616
    ],
    "Packets retransmitted per node AVG": [
        0.0,
        0.0
    ],
    "Counter of retransmission per packet AVG": [
        0.0,
        0.0
    ],
    "Intertime of retransmissions AVG": [
        0.0,
        0.0
    ],
    "Packets delivered": [
        0.9057941058448749,
        0.9221738903365828
    ],
    "Packets lost due to noise": [
        0.06900934730550436,
        0.08293983330358674
    ],
    "Packets collided": [
        0.0,
        0.0
    ],
    "Destinatary out of range": [
        0.0,
        0.0
    ],
    "Packets dropped": [
        0.0,
        0.0
    ],
    "Other causes of loss": [
        0.008756014997883267,
        0.011326808211568033
    ],
    "Queue MN Avg": [
        0.15750735524841583,
        0.15752651178847069
    ],
    "Queue MN Var": [
        2.123462199630079e-08,
        2.5454434928505526e-08
    ],
    "Queue BR Avg": [
        0.12754951128952022,
        0.1293549201505785
    ],
    "Queue BR Var": [
        0.017385287858800703,
        0.02032349190714529
    ],
    "Upstream Delay Avg": [
        0.3090493163360564,
        0.30933604000458154
    ],
    "Upstream Delay 95th Perc": [
        0.5857570188180645,
        0.5860444802930784
    ],
    "Upstream Delay Var": [
        0.0315120075129904,
        0.031543797727509294
    ],
    "Downstream Delay Avg": [
        0.3149999999999979,
        0.314999999999998
    ],
    "Downstream Delay 95th Perc": [
        0.31499999999999995,
        0.31500000000000006
    ],
    "Downstream Delay Var": [
        3.538062139613162e-30,
        3.596277289224595e-30
    ],
    "RTT Avg": [
        1299.5478700293334,
        1301.1757516314597
    ],
    "RTT 95th Perc": [
        2289.325305534501,
        2290.386774128528
    ],
    "RTT Var": [
        403456.61709396035,
        404254.6318270411
    ]
}