{
    "Upstream PDR": [
        0.8643894051952814,
        0.8735334148418241
    ],
    "Downstream PDR": [
        0.8951452110979848,
        0.904293503397105
    ],
    "TicToc PDR": [
        0.7740934894645537,
        0.7898864734296951
    ],
    "Packets retransmitted per node AVG": [
        0.0,
        0.0
    ],
    "Counter of retransmission per packet AVG": [
        0.0,
        0.0
    ],
    "Intertime of retransmissions AVG": [
        0.0,
        0.0
    ],
    "Packets delivered": [
        0.9052083228133003,
        0.9143959008816771
    ],
    "Packets lost due to noise": [
        0.07489402156281035,
        0.08239203391701412
    ],
    "Packets collided": [
        0.0,
        0.0
    ],
    "Destinatary out of range": [
        0.0,
        0.0
    ],
    "Packets dropped": [
        0.0,
        0.0
    ],
    "Other causes of loss": [
        0.010348339470815439,
        0.01276138135438301
    ],
    "Queue MN Avg": [
        35.74763690392763,
        35.77498176291287
    ],
    "Queue MN Var": [
        0.08091083372017618,
        0.0857022028451637
    ],
    "Queue BR Avg": [
        1.3980263462320013,
        1.4426020710810692
    ],
    "Queue BR Var": [
        0.642949032236086,
        1.0897685821323824
    ],
    "Upstream Delay Avg": [
        71.47149782750698,
        71.53240445564275
    ],
    "Upstream Delay 95th Perc": [
        125.30928935294547,
        125.36566423095219
    ],
    "Upstream Delay Var": [
        1192.6522780106566,
        1193.3211161135778
    ],
    "Downstream Delay Avg": [
        1.058491782991342,
        1.0887073180918088
    ],
    "Downstream Delay 95th Perc": [
        1.0538204386278298,
        1.1093839979293987
    ],
    "Downstream Delay Var": [
        -0.03206322249120897,
        0.10666095721178584
    ],
    "RTT Avg": [
        1299.7707215599753,
        1300.6166853749824
    ],
    "RTT 95th Perc": [
        2288.7104539699358,
        2289.542957275974
    ],
    "RTT Var": [
        403225.0551632569,
        403717.153288062
    ]
}