{
    "Upstream PDR": [
        0.902051198630429,
        0.905028022148792
    ],
    "Downstream PDR": [
        0.0,
        0.0
    ],
    "TicToc PDR": [
        0.0,
        0.0
    ],
    "Packets retransmitted per node AVG": [
        0.0,
        0.0
    ],
    "Counter of retransmission per packet AVG": [
        0.0,
        0.0
    ],
    "Intertime of retransmissions AVG": [
        0.0,
        0.0
    ],
    "Packets delivered": [
        0.9020193538197062,
        0.9048871730673526
    ],
    "Packets lost due to noise": [
        0.09076211483562191,
        0.09249743178031827
    ],
    "Packets collided": [
        0.0,
        0.0
    ],
    "Destinatary out of range": [
        0.0,
        0.0
    ],
    "Packets dropped": [
        0.0,
        0.0
    ],
    "Other causes of loss": [
        0.003551044972256799,
        0.0062828815247440405
    ],
    "Queue MN Avg": [
        0.1949866668307998,
        0.19500548248391547
    ],
    "Queue MN Var": [
        3.140320320862071e-08,
        3.5811442660839916e-08
    ],
    "Queue BR Avg": [
        0.0,
        0.0
    ],
    "Queue BR Var": [
        0.0,
        0.0
    ],
    "Upstream Delay Avg": [
        0.3840748280409418,
        0.3843282041204155
    ],
    "Upstream Delay 95th Perc": [
        0.7283341651174325,
        0.7286267557373679
    ],
    "Upstream Delay Var": [
        0.04874103384423575,
        0.048787239575298395
    ],
    "Downstream Delay Avg": [
        0.0,
        0.0
    ],
    "Downstream Delay 95th Perc": [
        0.0,
        0.0
    ],
    "Downstream Delay Var": [
        0.0,
        0.0
    ],
    "RTT Avg": [
        0.0,
        0.0
    ],
    "RTT 95th Perc": [
        0.0,
        0.0
    ],
    "RTT Var": [
        0.0,
        0.0
    ]
}