{
    "Upstream PDR": [
        0.08137018299358148,
        0.08481111570771724
    ],
    "Downstream PDR": [
        0.0,
        0.0
    ],
    "TicToc PDR": [
        0.0,
        0.0
    ],
    "Packets retransmitted per node AVG": [
        0.0,
        0.0
    ],
    "Counter of retransmission per packet AVG": [
        0.0,
        0.0
    ],
    "Intertime of retransmissions AVG": [
        0.0,
        0.0
    ],
    "Packets delivered": [
        0.0888770372916097,
        0.0923401953509152
    ],
    "Packets lost due to noise": [
        0.06112674588221933,
        0.06310889976251717
    ],
    "Packets collided": [
        -8.155467411923757e-08,
        3.504876543461098e-06
    ],
    "Destinatary out of range": [
        3.634611494602129e-06,
        4.1846895570615855e-05
    ],
    "Packets dropped": [
        0.0,
        0.0
    ],
    "Other causes of loss": [
        0.8446876612678914,
        0.8498105556159127
    ],
    "Queue MN Avg": [
        0.4799801413815797,
        0.48002490019923566
    ],
    "Queue MN Var": [
        6.258022796675429e-07,
        6.834710910918551e-07
    ],
    "Queue BR Avg": [
        0.0,
        0.0
    ],
    "Queue BR Var": [
        0.0,
        0.0
    ],
    "Upstream Delay Avg": [
        0.9524542930633256,
        0.954867722766085
    ],
    "Upstream Delay 95th Perc": [
        1.8097889273458523,
        1.8114373742604908
    ],
    "Upstream Delay Var": [
        0.3016990472378642,
        0.3028310664228404
    ],
    "Downstream Delay Avg": [
        0.0,
        0.0
    ],
    "Downstream Delay 95th Perc": [
        0.0,
        0.0
    ],
    "Downstream Delay Var": [
        0.0,
        0.0
    ],
    "RTT Avg": [
        0.0,
        0.0
    ],
    "RTT 95th Perc": [
        0.0,
        0.0
    ],
    "RTT Var": [
        0.0,
        0.0
    ]
}