{
    "Upstream PDR": [
        0.8224085049431765,
        0.8251986379139667
    ],
    "Downstream PDR": [
        0.9742719728657766,
        0.9770646828844197
    ],
    "TicToc PDR": [
        0.8018806936331148,
        0.8056413842889633
    ],
    "Packets retransmitted per node AVG": [
        0.0,
        0.0
    ],
    "Counter of retransmission per packet AVG": [
        0.0,
        0.0
    ],
    "Intertime of retransmissions AVG": [
        0.0,
        0.0
    ],
    "Packets delivered": [
        0.9840565081933302,
        0.9863754358497808
    ],
    "Packets lost due to noise": [
        0.011884141044462908,
        0.013373787828408914
    ],
    "Packets collided": [
        -1.967144809447229e-06,
        6.065516917416979e-06
    ],
    "Destinatary out of range": [
        0.0,
        0.0
    ],
    "Packets dropped": [
        0.0,
        0.0
    ],
    "Other causes of loss": [
        0.0013457598168936382,
        0.002960268895015202
    ],
    "Queue MN Avg": [
        111.93931800946957,
        111.96381549505709
    ],
    "Queue MN Var": [
        0.08740966552709602,
        0.09489843188493947
    ],
    "Queue BR Avg": [
        1.052004474406782,
        1.055438286697815
    ],
    "Queue BR Var": [
        0.5081742290156714,
        0.5963600246176863
    ],
    "Upstream Delay Avg": [
        223.89567016477665,
        223.94316655793543
    ],
    "Upstream Delay 95th Perc": [
        394.0075536506251,
        394.05663934311207
    ],
    "Upstream Delay Var": [
        11909.273540621609,
        11910.637943610218
    ],
    "Downstream Delay Avg": [
        1.214905805581714,
        1.215290440152107
    ],
    "Downstream Delay 95th Perc": [
        1.2141720310633368,
        1.2175529689366686
    ],
    "Downstream Delay Var": [
        -0.00020182977925386984,
        0.0006223242613475334
    ],
    "RTT Avg": [
        1299.7311543973103,
        1299.9695238131592
    ],
    "RTT 95th Perc": [
        2289.74643041749,
        2289.9360335422607
    ],
    "RTT Var": [
        403760.8445051538,
        404001.5070599218
    ]
}