{
    "Upstream PDR": [
        0.08589930284717696,
        0.09210693091905679
    ],
    "Downstream PDR": [
        0.0,
        0.0
    ],
    "TicToc PDR": [
        0.0,
        0.0
    ],
    "Packets retransmitted per node AVG": [
        0.0,
        0.0
    ],
    "Counter of retransmission per packet AVG": [
        0.0,
        0.0
    ],
    "Intertime of retransmissions AVG": [
        0.0,
        0.0
    ],
    "Packets delivered": [
        0.09775287598211603,
        0.10381821414679814
    ],
    "Packets lost due to noise": [
        0.06018624483990334,
        0.06324144231159223
    ],
    "Packets collided": [
        -9.385761798419066e-07,
        2.8940165816849088e-06
    ],
    "Destinatary out of range": [
        -6.1007451689723915e-06,
        1.881110778095191e-05
    ],
    "Packets dropped": [
        0.0,
        0.0
    ],
    "Other causes of loss": [
        0.8331464444830105,
        0.841840112433566
    ],
    "Queue MN Avg": [
        0.24731796621002733,
        0.24765947329747495
    ],
    "Queue MN Var": [
        1.2518744800448208e-05,
        1.3594991540502474e-05
    ],
    "Queue BR Avg": [
        0.0,
        0.0
    ],
    "Queue BR Var": [
        0.0,
        0.0
    ],
    "Upstream Delay Avg": [
        0.4882348781572574,
        0.48978429344211394
    ],
    "Upstream Delay 95th Perc": [
        0.9277164985371791,
        0.9288606499127636
    ],
    "Upstream Delay Var": [
        0.07898429554766431,
        0.07933775498125606
    ],
    "Downstream Delay Avg": [
        0.0,
        0.0
    ],
    "Downstream Delay 95th Perc": [
        0.0,
        0.0
    ],
    "Downstream Delay Var": [
        0.0,
        0.0
    ],
    "RTT Avg": [
        0.0,
        0.0
    ],
    "RTT 95th Perc": [
        0.0,
        0.0
    ],
    "RTT Var": [
        0.0,
        0.0
    ]
}