{
    "Upstream PDR": [
        0.9967296835975515,
        0.9976910956232273
    ],
    "Downstream PDR": [
        0.0,
        0.0
    ],
    "TicToc PDR": [
        0.0,
        0.0
    ],
    "Packets retransmitted per node AVG": [
        0.0,
        0.0
    ],
    "Counter of retransmission per packet AVG": [
        0.0,
        0.0
    ],
    "Intertime of retransmissions AVG": [
        0.0,
        0.0
    ],
    "Packets delivered": [
        0.9967223832544739,
        0.9976900674701589
    ],
    "Packets lost due to noise": [
        0.002287099970015532,
        0.0032417877658991127
    ],
    "Packets collided": [
        0.0,
        0.0
    ],
    "Destinatary out of range": [
        0.0,
        0.0
    ],
    "Packets dropped": [
        0.0,
        0.0
    ],
    "Other causes of loss": [
        1.2573560896007601e-05,
        4.608797855611859e-05
    ],
    "Queue MN Avg": [
        0.05964703963311557,
        0.060311856283943185
    ],
    "Queue MN Var": [
        1.0989150246787918e-05,
        1.4003985670191027e-05
    ],
    "Queue BR Avg": [
        0.0,
        0.0
    ],
    "Queue BR Var": [
        0.0,
        0.0
    ],
    "Upstream Delay Avg": [
        0.11360680781793864,
        0.11499066976298083
    ],
    "Upstream Delay 95th Perc": [
        0.21425857146686175,
        0.21660503777782394
    ],
    "Upstream Delay Var": [
        0.004210084508686737,
        0.00422180475178206
    ],
    "Downstream Delay Avg": [
        0.0,
        0.0
    ],
    "Downstream Delay 95th Perc": [
        0.0,
        0.0
    ],
    "Downstream Delay Var": [
        0.0,
        0.0
    ],
    "RTT Avg": [
        0.0,
        0.0
    ],
    "RTT 95th Perc": [
        0.0,
        0.0
    ],
    "RTT Var": [
        0.0,
        0.0
    ]
}