{
    "Upstream PDR": [
        0.9845985374800715,
        0.9887147092731755
    ],
    "Downstream PDR": [
        0.0,
        0.0
    ],
    "TicToc PDR": [
        0.0,
        0.0
    ],
    "Packets retransmitted per node AVG": [
        0.0,
        0.0
    ],
    "Counter of retransmission per packet AVG": [
        0.0,
        0.0
    ],
    "Intertime of retransmissions AVG": [
        0.0,
        0.0
    ],
    "Packets delivered": [
        0.984574669373363,
        0.9887539193700612
    ],
    "Packets lost due to noise": [
        0.010828304303150094,
        0.012872619927549062
    ],
    "Packets collided": [
        0.0,
        0.0
    ],
    "Destinatary out of range": [
        0.0,
        0.0
    ],
    "Packets dropped": [
        0.0,
        0.0
    ],
    "Other causes of loss": [
        -9.24107315941928e-05,
        0.0030628977574706203
    ],
    "Queue MN Avg": [
        0.24737120567952375,
        0.24763849371487412
    ],
    "Queue MN Var": [
        1.2368836079795844e-05,
        1.3512232166187261e-05
    ],
    "Queue BR Avg": [
        0.0,
        0.0
    ],
    "Queue BR Var": [
        0.0,
        0.0
    ],
    "Upstream Delay Avg": [
        0.48885953571602003,
        0.4894736421984279
    ],
    "Upstream Delay 95th Perc": [
        0.9278777136013348,
        0.9283218590809514
    ],
    "Upstream Delay Var": [
        0.0792204751681375,
        0.07925653724513217
    ],
    "Downstream Delay Avg": [
        0.0,
        0.0
    ],
    "Downstream Delay 95th Perc": [
        0.0,
        0.0
    ],
    "Downstream Delay Var": [
        0.0,
        0.0
    ],
    "RTT Avg": [
        0.0,
        0.0
    ],
    "RTT 95th Perc": [
        0.0,
        0.0
    ],
    "RTT Var": [
        0.0,
        0.0
    ]
}