{
    "Upstream PDR": [
        0.059189611561025646,
        0.06262983288341879
    ],
    "Downstream PDR": [
        0.7368278633054587,
        0.7435748728048436
    ],
    "TicToc PDR": [
        0.04374435829226149,
        0.046463343727940545
    ],
    "Packets retransmitted per node AVG": [
        0.0,
        0.0
    ],
    "Counter of retransmission per packet AVG": [
        0.0,
        0.0
    ],
    "Intertime of retransmissions AVG": [
        0.0,
        0.0
    ],
    "Packets delivered": [
        0.1471061432437938,
        0.15395743002522091
    ],
    "Packets lost due to noise": [
        0.06580702129630948,
        0.0684695196382117
    ],
    "Packets collided": [
        0.0,
        0.0
    ],
    "Destinatary out of range": [
        -3.883166661006169e-06,
        1.197340071883222e-05
    ],
    "Packets dropped": [
        0.0,
        0.0
    ],
    "Other causes of loss": [
        0.7778058077876392,
        0.7868459877747674
    ],
    "Queue MN Avg": [
        171.31958803853905,
        171.34118221399575
    ],
    "Queue MN Var": [
        0.08300618256725824,
        0.08977015289978289
    ],
    "Queue BR Avg": [
        0.11013573988749346,
        0.116532968627191
    ],
    "Queue BR Var": [
        0.01019685805069436,
        0.012747679733520785
    ],
    "Upstream Delay Avg": [
        343.9014957152545,
        351.824734038268
    ],
    "Upstream Delay 95th Perc": [
        599.237133445154,
        603.7199014353017
    ],
    "Upstream Delay Var": [
        26238.42873067905,
        27290.400995958298
    ],
    "Downstream Delay Avg": [
        1.3649999999515114,
        1.3650000000361397
    ],
    "Downstream Delay 95th Perc": [
        1.3650000078631475,
        1.3650000081232145
    ],
    "Downstream Delay Var": [
        3.1296046600977875e-17,
        3.473987356262662e-17
    ],
    "RTT Avg": [
        1314.3500767715107,
        1353.7414137923945
    ],
    "RTT 95th Perc": [
        1811.5671083368563,
        1852.0785950988463
    ],
    "RTT Var": [
        201148.01633906655,
        214012.15102003567
    ]
}