{
    "Upstream PDR": [
        0.09990613955211397,
        0.10533931499334057
    ],
    "Downstream PDR": [
        0.7456754475470311,
        0.7551868985942523
    ],
    "TicToc PDR": [
        0.0748215867511065,
        0.07926412753460782
    ],
    "Packets retransmitted per node AVG": [
        0.0,
        0.0
    ],
    "Counter of retransmission per packet AVG": [
        0.0,
        0.0
    ],
    "Intertime of retransmissions AVG": [
        0.0,
        0.0
    ],
    "Packets delivered": [
        0.18141045824651725,
        0.18998823115336128
    ],
    "Packets lost due to noise": [
        0.07484523847455195,
        0.07827150193815673
    ],
    "Packets collided": [
        0.0,
        0.0
    ],
    "Destinatary out of range": [
        0.0,
        0.0
    ],
    "Packets dropped": [
        0.0,
        0.0
    ],
    "Other causes of loss": [
        0.7322863292721313,
        0.7431982409152811
    ],
    "Queue MN Avg": [
        0.3074605596797906,
        0.30749451803764394
    ],
    "Queue MN Var": [
        6.253831656782695e-08,
        7.078179641402866e-08
    ],
    "Queue BR Avg": [
        0.03723897084433172,
        0.0392639979117704
    ],
    "Queue BR Var": [
        0.0014557695159774673,
        0.0018000015807479492
    ],
    "Upstream Delay Avg": [
        0.6081936648992466,
        0.610065119063491
    ],
    "Upstream Delay 95th Perc": [
        1.1553223333710154,
        1.1567046546074422
    ],
    "Upstream Delay Var": [
        0.12288157680241533,
        0.1234682758574173
    ],
    "Downstream Delay Avg": [
        0.6149999999849877,
        0.6150000000538084
    ],
    "Downstream Delay 95th Perc": [
        0.6150000038473131,
        0.6150000041022778
    ],
    "Downstream Delay Var": [
        5.9360436488558104e-18,
        1.0165531257250645e-17
    ],
    "RTT Avg": [
        1303.9496925767796,
        1347.2780699412936
    ],
    "RTT 95th Perc": [
        1857.7890931782338,
        1910.2085945799865
    ],
    "RTT Var": [
        223087.03804997602,
        245946.18460893809
    ]
}