{
    "Upstream PDR": [
        0.23588579476728888,
        0.23687709948131952
    ],
    "Downstream PDR": [
        0.2502005683860104,
        0.25245032556188934
    ],
    "TicToc PDR": [
        0.05913510662564702,
        0.059680477789937424
    ],
    "Packets retransmitted per node AVG": [
        0.0,
        0.0
    ],
    "Counter of retransmission per packet AVG": [
        0.0,
        0.0
    ],
    "Intertime of retransmissions AVG": [
        0.0,
        0.0
    ],
    "Packets delivered": [
        0.24968803993605332,
        0.25061062650029137
    ],
    "Packets lost due to noise": [
        0.43706083080609764,
        0.43824211834220067
    ],
    "Packets collided": [
        -4.529663928760426e-05,
        0.00013966817825592748
    ],
    "Destinatary out of range": [
        -1.8517494048391687e-05,
        5.7097054003995515e-05
    ],
    "Packets dropped": [
        0.0,
        0.0
    ],
    "Other causes of loss": [
        0.31147284609220277,
        0.31279258722423026
    ],
    "Queue MN Avg": [
        35.74556351991196,
        35.7667355397243
    ],
    "Queue MN Var": [
        0.0788244209803754,
        0.08427125104314506
    ],
    "Queue BR Avg": [
        8.790358776521963,
        8.82741649907939
    ],
    "Queue BR Var": [
        0.0,
        0.0
    ],
    "Upstream Delay Avg": [
        71.46304223800055,
        71.60636791995603
    ],
    "Upstream Delay 95th Perc": [
        125.24095996499345,
        125.38101668997739
    ],
    "Upstream Delay Var": [
        1189.0855643383045,
        1194.1873679762455
    ],
    "Downstream Delay Avg": [
        1.064999999999998,
        1.064999999999998
    ],
    "Downstream Delay 95th Perc": [
        1.0649999999999982,
        1.0649999999999986
    ],
    "Downstream Delay Var": [
        8.309334449639608e-31,
        8.548981370581424e-31
    ],
    "RTT Avg": [
        1297.9153941166765,
        1304.0040081893726
    ],
    "RTT 95th Perc": [
        2271.7191174566087,
        2276.862703234091
    ],
    "RTT Var": [
        401174.15649292787,
        404670.53377890313
    ]
}