{
    "Upstream PDR": [
        0.64958548931402,
        0.6524352899067591
    ],
    "Downstream PDR": [
        0.9664416828897338,
        0.9693950662748347
    ],
    "TicToc PDR": [
        0.6279927935599214,
        0.6322820116348837
    ],
    "Packets retransmitted per node AVG": [
        0.0,
        0.0
    ],
    "Counter of retransmission per packet AVG": [
        0.0,
        0.0
    ],
    "Intertime of retransmissions AVG": [
        0.0,
        0.0
    ],
    "Packets delivered": [
        0.9733104978257137,
        0.9766331730821993
    ],
    "Packets lost due to noise": [
        0.02112459035881903,
        0.023532373538903917
    ],
    "Packets collided": [
        0.0,
        0.0
    ],
    "Destinatary out of range": [
        0.0,
        0.0
    ],
    "Packets dropped": [
        0.0,
        0.0
    ],
    "Other causes of loss": [
        0.0019314768502308325,
        0.0034678883441330143
    ],
    "Queue MN Avg": [
        218.89658615632598,
        218.91954825984695
    ],
    "Queue MN Var": [
        0.08223338518503921,
        0.08726784144311166
    ],
    "Queue BR Avg": [
        1.4848562402184875,
        1.5204896400447407
    ],
    "Queue BR Var": [
        0.7062129748020889,
        1.121523525520254
    ],
    "Upstream Delay Avg": [
        437.820233369338,
        437.9017451915894
    ],
    "Upstream Delay 95th Perc": [
        771.2465092696286,
        771.3288709379299
    ],
    "Upstream Delay Var": [
        45741.38454424448,
        45754.62087482875
    ],
    "Downstream Delay Avg": [
        1.5064711858901485,
        1.5412978434634361
    ],
    "Downstream Delay 95th Perc": [
        1.49928813232732,
        1.5634461533869632
    ],
    "Downstream Delay Var": [
        -0.06333668873118628,
        0.19529307407731486
    ],
    "RTT Avg": [
        1299.1696241555528,
        1299.874322075716
    ],
    "RTT 95th Perc": [
        2287.5306509806546,
        2289.3337500200882
    ],
    "RTT Var": [
        403101.1156100773,
        403697.04044707643
    ]
}