{
    "Upstream PDR": [
        0.9277765397243787,
        0.9379412091933705
    ],
    "Downstream PDR": [
        0.8813842652948539,
        0.897686208140653
    ],
    "TicToc PDR": [
        0.8183630938173189,
        0.8419053044510799
    ],
    "Packets retransmitted per node AVG": [
        0.0,
        0.0
    ],
    "Counter of retransmission per packet AVG": [
        0.0,
        0.0
    ],
    "Intertime of retransmissions AVG": [
        0.0,
        0.0
    ],
    "Packets delivered": [
        0.9057073441691949,
        0.9183410261692503
    ],
    "Packets lost due to noise": [
        0.07224720297242512,
        0.08296301533340689
    ],
    "Packets collided": [
        0.0,
        0.0
    ],
    "Destinatary out of range": [
        0.0,
        0.0
    ],
    "Packets dropped": [
        0.0,
        0.0
    ],
    "Other causes of loss": [
        0.009381083606827038,
        0.011360327748895775
    ],
    "Queue MN Avg": [
        0.232493549354231,
        0.2325145773057738
    ],
    "Queue MN Var": [
        3.180213008207465e-08,
        3.655864791321741e-08
    ],
    "Queue BR Avg": [
        0.28132328270732654,
        0.28440595733794205
    ],
    "Queue BR Var": [
        0.055083031282855216,
        0.06514667130335514
    ],
    "Upstream Delay Avg": [
        0.45914139860148123,
        0.45942815830747336
    ],
    "Upstream Delay 95th Perc": [
        0.8708377232658726,
        0.8710718395690984
    ],
    "Upstream Delay Var": [
        0.0697303244450673,
        0.0697875098456511
    ],
    "Downstream Delay Avg": [
        0.46499999999999253,
        0.4649999999999932
    ],
    "Downstream Delay 95th Perc": [
        0.46499999999999997,
        0.46499999999999997
    ],
    "Downstream Delay Var": [
        7.187572955284091e-29,
        7.735369526164997e-29
    ],
    "RTT Avg": [
        1299.3658377103618,
        1300.60091683105
    ],
    "RTT 95th Perc": [
        2289.011863800854,
        2290.0973730039655
    ],
    "RTT Var": [
        403549.09676435735,
        404155.2900333028
    ]
}