{
    "Upstream PDR": [
        0.8124337619606142,
        0.8160506536238016
    ],
    "Downstream PDR": [
        0.9670030892250845,
        0.9705855800026955
    ],
    "TicToc PDR": [
        0.7859033554007493,
        0.791802488755095
    ],
    "Packets retransmitted per node AVG": [
        0.0,
        0.0
    ],
    "Counter of retransmission per packet AVG": [
        0.0,
        0.0
    ],
    "Intertime of retransmissions AVG": [
        0.0,
        0.0
    ],
    "Packets delivered": [
        0.9741928531758938,
        0.9778387501021569
    ],
    "Packets lost due to noise": [
        0.020174111068140366,
        0.022873505709022978
    ],
    "Packets collided": [
        0.0,
        0.0
    ],
    "Destinatary out of range": [
        0.0,
        0.0
    ],
    "Packets dropped": [
        0.0,
        0.0
    ],
    "Other causes of loss": [
        0.0016275332391006707,
        0.003293246705685562
    ],
    "Queue MN Avg": [
        111.93931800946957,
        111.96381549505709
    ],
    "Queue MN Var": [
        0.08740966552709602,
        0.09489843188493947
    ],
    "Queue BR Avg": [
        1.196583303784652,
        1.2018801130810766
    ],
    "Queue BR Var": [
        0.5937245394418723,
        0.7093824883351224
    ],
    "Upstream Delay Avg": [
        223.89375888729984,
        223.94454762768214
    ],
    "Upstream Delay 95th Perc": [
        394.0099426152414,
        394.0634248765604
    ],
    "Upstream Delay Var": [
        11908.756195661535,
        11911.791449744363
    ],
    "Downstream Delay Avg": [
        1.2149566030073655,
        1.2151338107859455
    ],
    "Downstream Delay 95th Perc": [
        1.2141720310633368,
        1.2175529689366686
    ],
    "Downstream Delay Var": [
        -9.944774488204542e-05,
        0.0003066383197028158
    ],
    "RTT Avg": [
        1299.524140317603,
        1300.67289004887
    ],
    "RTT 95th Perc": [
        2289.586052066702,
        2289.9423459037525
    ],
    "RTT Var": [
        403430.5749672846,
        403942.011656276
    ]
}