{
    "Upstream PDR": [
        0.7070261307747924,
        0.709477023214076
    ],
    "Downstream PDR": [
        0.7489774946700203,
        0.7505345316661325
    ],
    "TicToc PDR": [
        0.5302751759134053,
        0.5317463454224017
    ],
    "Packets retransmitted per node AVG": [
        0.0,
        0.0
    ],
    "Counter of retransmission per packet AVG": [
        0.0,
        0.0
    ],
    "Intertime of retransmissions AVG": [
        0.0,
        0.0
    ],
    "Packets delivered": [
        0.7485939421150554,
        0.7500348673177253
    ],
    "Packets lost due to noise": [
        0.21963261886036492,
        0.22030794627940556
    ],
    "Packets collided": [
        -6.342243252214153e-06,
        1.9555745746795552e-05
    ],
    "Destinatary out of range": [
        -4.091769840138159e-07,
        1.2616610159222932e-06
    ],
    "Packets dropped": [
        0.0,
        0.0
    ],
    "Other causes of loss": [
        0.0301062396799709,
        0.03131031976095177
    ],
    "Queue MN Avg": [
        35.74556351991196,
        35.7667355397243
    ],
    "Queue MN Var": [
        0.0788244209803754,
        0.08427125104314506
    ],
    "Queue BR Avg": [
        26.347870451506328,
        26.43901909928505
    ],
    "Queue BR Var": [
        0.0,
        0.0
    ],
    "Upstream Delay Avg": [
        71.47403836521349,
        71.53900392163098
    ],
    "Upstream Delay 95th Perc": [
        125.30757995148574,
        125.36449625414568
    ],
    "Upstream Delay Var": [
        1192.3820965459126,
        1194.0162881515284
    ],
    "Downstream Delay Avg": [
        1.0650000000000084,
        1.0650000000000084
    ],
    "Downstream Delay 95th Perc": [
        1.0649999999999982,
        1.0649999999999986
    ],
    "Downstream Delay Var": [
        6.651362340519037e-29,
        6.802292599093837e-29
    ],
    "RTT Avg": [
        1299.4093420114189,
        1300.8094952229515
    ],
    "RTT 95th Perc": [
        2288.5746896903306,
        2289.5394369918163
    ],
    "RTT Var": [
        403230.4801412463,
        404094.0093104074
    ]
}{
    "Upstream PDR": [
        0.7070261307747924,
        0.709477023214076
    ],
    "Downstream PDR": [
        0.7489774946700203,
        0.7505345316661325
    ],
    "TicToc PDR": [
        0.5302751759134053,
        0.5317463454224017
    ],
    "Packets retransmitted per node AVG": [
        0.0,
        0.0
    ],
    "Counter of retransmission per packet AVG": [
        0.0,
        0.0
    ],
    "Intertime of retransmissions AVG": [
        0.0,
        0.0
    ],
    "Packets delivered": [
        0.7485939421150554,
        0.7500348673177253
    ],
    "Packets lost due to noise": [
        0.21963261886036492,
        0.22030794627940556
    ],
    "Packets collided": [
        -6.342243252214153e-06,
        1.9555745746795552e-05
    ],
    "Destinatary out of range": [
        -4.091769840138159e-07,
        1.2616610159222932e-06
    ],
    "Packets dropped": [
        0.0,
        0.0
    ],
    "Other causes of loss": [
        0.0301062396799709,
        0.03131031976095177
    ],
    "Queue MN Avg": [
        35.74556351991196,
        35.7667355397243
    ],
    "Queue MN Var": [
        0.0788244209803754,
        0.08427125104314506
    ],
    "Queue BR Avg": [
        26.347870451506328,
        26.43901909928505
    ],
    "Queue BR Var": [
        0.0,
        0.0
    ],
    "Upstream Delay Avg": [
        71.47403836521349,
        71.53900392163098
    ],
    "Upstream Delay 95th Perc": [
        125.30757995148574,
        125.36449625414568
    ],
    "Upstream Delay Var": [
        1192.3820965459126,
        1194.0162881515284
    ],
    "Downstream Delay Avg": [
        1.0650000000000084,
        1.0650000000000084
    ],
    "Downstream Delay 95th Perc": [
        1.0649999999999982,
        1.0649999999999986
    ],
    "Downstream Delay Var": [
        6.651362340519037e-29,
        6.802292599093837e-29
    ],
    "RTT Avg": [
        1299.4093420114189,
        1300.8094952229515
    ],
    "RTT 95th Perc": [
        2288.5746896903306,
        2289.5394369918163
    ],
    "RTT Var": [
        403230.4801412463,
        404094.0093104074
    ]
}{
    "Upstream PDR": [
        0.7070261307747924,
        0.709477023214076
    ],
    "Downstream PDR": [
        0.7489774946700203,
        0.7505345316661325
    ],
    "TicToc PDR": [
        0.5302751759134053,
        0.5317463454224017
    ],
    "Packets retransmitted per node AVG": [
        0.0,
        0.0
    ],
    "Counter of retransmission per packet AVG": [
        0.0,
        0.0
    ],
    "Intertime of retransmissions AVG": [
        0.0,
        0.0
    ],
    "Packets delivered": [
        0.7485939421150554,
        0.7500348673177253
    ],
    "Packets lost due to noise": [
        0.21963261886036492,
        0.22030794627940556
    ],
    "Packets collided": [
        -6.342243252214153e-06,
        1.9555745746795552e-05
    ],
    "Destinatary out of range": [
        -4.091769840138159e-07,
        1.2616610159222932e-06
    ],
    "Packets dropped": [
        0.0,
        0.0
    ],
    "Other causes of loss": [
        0.0301062396799709,
        0.03131031976095177
    ],
    "Queue MN Avg": [
        35.74556351991196,
        35.7667355397243
    ],
    "Queue MN Var": [
        0.0788244209803754,
        0.08427125104314506
    ],
    "Queue BR Avg": [
        26.347870451506328,
        26.43901909928505
    ],
    "Queue BR Var": [
        0.0,
        0.0
    ],
    "Upstream Delay Avg": [
        71.47403836521349,
        71.53900392163098
    ],
    "Upstream Delay 95th Perc": [
        125.30757995148574,
        125.36449625414568
    ],
    "Upstream Delay Var": [
        1192.3820965459126,
        1194.0162881515284
    ],
    "Downstream Delay Avg": [
        1.0650000000000084,
        1.0650000000000084
    ],
    "Downstream Delay 95th Perc": [
        1.0649999999999982,
        1.0649999999999986
    ],
    "Downstream Delay Var": [
        6.651362340519037e-29,
        6.802292599093837e-29
    ],
    "RTT Avg": [
        1299.4093420114189,
        1300.8094952229515
    ],
    "RTT 95th Perc": [
        2288.5746896903306,
        2289.5394369918163
    ],
    "RTT Var": [
        403230.4801412463,
        404094.0093104074
    ]
}