{
    "Upstream PDR": [
        0.9965892165968626,
        0.9974835106758644
    ],
    "Downstream PDR": [
        0.9735376804307146,
        0.9763780730737405
    ],
    "TicToc PDR": [
        0.9704686357943726,
        0.9736716239458874
    ],
    "Packets retransmitted per node AVG": [
        0.0,
        0.0
    ],
    "Counter of retransmission per packet AVG": [
        0.0,
        0.0
    ],
    "Intertime of retransmissions AVG": [
        0.0,
        0.0
    ],
    "Packets delivered": [
        0.985076051840896,
        0.9867392791913377
    ],
    "Packets lost due to noise": [
        0.012251950174878474,
        0.013756323630266687
    ],
    "Packets collided": [
        0.0,
        0.0
    ],
    "Destinatary out of range": [
        0.0,
        0.0
    ],
    "Packets dropped": [
        0.0,
        0.0
    ],
    "Other causes of loss": [
        0.0009777213810367247,
        0.001198673781584252
    ],
    "Queue MN Avg": [
        0.08249465373446083,
        0.08251260279198969
    ],
    "Queue MN Var": [
        6.124113971529138e-09,
        8.449306589342764e-09
    ],
    "Queue BR Avg": [
        0.021636961096987716,
        0.021656383332774396
    ],
    "Queue BR Var": [
        0.00022519967551840704,
        0.00028467937689678513
    ],
    "Upstream Delay Avg": [
        0.1591954714751913,
        0.15951639086777442
    ],
    "Upstream Delay 95th Perc": [
        0.3007530959657027,
        0.3010639639698974
    ],
    "Upstream Delay Var": [
        0.008268215027888185,
        0.008270764137231242
    ],
    "Downstream Delay Avg": [
        0.16500000000839696,
        0.16500000001273188
    ],
    "Downstream Delay 95th Perc": [
        0.16500000217811142,
        0.16500000239767723
    ],
    "Downstream Delay Var": [
        1.6922250397603983e-18,
        1.895036619257584e-18
    ],
    "RTT Avg": [
        1299.686578027304,
        1300.411112545288
    ],
    "RTT 95th Perc": [
        2289.7374410739653,
        2290.4427670979007
    ],
    "RTT Var": [
        403646.40034160466,
        404055.4314755734
    ]
}