{
    "Upstream PDR": [
        0.32455665885929624,
        0.3330866311839938
    ],
    "Downstream PDR": [
        0.8248584131544999,
        0.8334296988990489
    ],
    "TicToc PDR": [
        0.26827090364794265,
        0.277174983797945
    ],
    "Packets retransmitted per node AVG": [
        0.0,
        0.0
    ],
    "Counter of retransmission per packet AVG": [
        0.0,
        0.0
    ],
    "Intertime of retransmissions AVG": [
        0.0,
        0.0
    ],
    "Packets delivered": [
        0.4477498234628587,
        0.4575180960988587
    ],
    "Packets lost due to noise": [
        0.10298601237470528,
        0.10797978622444437
    ],
    "Packets collided": [
        0.0,
        0.0
    ],
    "Destinatary out of range": [
        0.0,
        0.0
    ],
    "Packets dropped": [
        0.0,
        0.0
    ],
    "Other causes of loss": [
        0.43694151323051794,
        0.44682476860861514
    ],
    "Queue MN Avg": [
        0.2324832628043281,
        0.2325058507822408
    ],
    "Queue MN Var": [
        3.112562700858488e-08,
        3.639729782985205e-08
    ],
    "Queue BR Avg": [
        0.09837392013519618,
        0.10096157091537973
    ],
    "Queue BR Var": [
        0.004348607978304272,
        0.005311629758354093
    ],
    "Upstream Delay Avg": [
        0.4589571582168235,
        0.45962446890111175
    ],
    "Upstream Delay 95th Perc": [
        0.8706763161316948,
        0.8712217054620195
    ],
    "Upstream Delay Var": [
        0.06967995938712002,
        0.06985964111395909
    ],
    "Downstream Delay Avg": [
        0.46499999995864344,
        0.4649999999672388
    ],
    "Downstream Delay 95th Perc": [
        0.46500000290307025,
        0.4650000029546038
    ],
    "Downstream Delay Var": [
        5.1393109887113636e-18,
        5.443265419622157e-18
    ],
    "RTT Avg": [
        1285.0272340964755,
        1288.9754936929432
    ],
    "RTT 95th Perc": [
        2240.824615750053,
        2252.1195067516787
    ],
    "RTT Var": [
        386932.3260565126,
        391369.47356601193
    ]
}