{
    "Upstream PDR": [
        0.526444380871406,
        0.5537296451026198
    ],
    "Downstream PDR": [
        0.8338869412867456,
        0.8468751472840039
    ],
    "TicToc PDR": [
        0.44048865911473595,
        0.46809121101513435
    ],
    "Packets retransmitted per node AVG": [
        0.0,
        0.0
    ],
    "Counter of retransmission per packet AVG": [
        0.0,
        0.0
    ],
    "Intertime of retransmissions AVG": [
        0.0,
        0.0
    ],
    "Packets delivered": [
        0.7130602499667631,
        0.7381952852705178
    ],
    "Packets lost due to noise": [
        0.126368412049406,
        0.13707908004314365
    ],
    "Packets collided": [
        0.0,
        0.0
    ],
    "Destinatary out of range": [
        -1.2737643154012573e-06,
        3.927539531794511e-06
    ],
    "Packets dropped": [
        0.0,
        0.0
    ],
    "Other causes of loss": [
        0.13194162344024912,
        0.1533526954547042
    ],
    "Queue MN Avg": [
        111.93931800946957,
        111.96381549505709
    ],
    "Queue MN Var": [
        0.08740966552709602,
        0.09489843188493947
    ],
    "Queue BR Avg": [
        1.827563332444161,
        1.92230259923034
    ],
    "Queue BR Var": [
        0.8426100811592497,
        1.10751933785397
    ],
    "Upstream Delay Avg": [
        223.8264507111704,
        223.97958601149688
    ],
    "Upstream Delay 95th Perc": [
        393.9471296897329,
        394.05026800603054
    ],
    "Upstream Delay Var": [
        11900.779111908401,
        11913.524775096785
    ],
    "Downstream Delay Avg": [
        1.2149849479741381,
        1.2150464115895723
    ],
    "Downstream Delay 95th Perc": [
        1.2150000000000025,
        1.215000000000003
    ],
    "Downstream Delay Var": [
        -3.586811179489525e-05,
        0.000110596148205721
    ],
    "RTT Avg": [
        1296.227289233522,
        1303.8759980786951
    ],
    "RTT 95th Perc": [
        2257.122978692846,
        2270.2343427143287
    ],
    "RTT Var": [
        396543.7365410108,
        402736.0518875093
    ]
}