{
    "Upstream PDR": [
        0.9654640140770681,
        0.9690993336862801
    ],
    "Downstream PDR": [
        0.0,
        0.0
    ],
    "TicToc PDR": [
        0.0,
        0.0
    ],
    "Packets retransmitted per node AVG": [
        0.0,
        0.0
    ],
    "Counter of retransmission per packet AVG": [
        0.0,
        0.0
    ],
    "Intertime of retransmissions AVG": [
        0.0,
        0.0
    ],
    "Packets delivered": [
        0.9656787763896585,
        0.96934429683445
    ],
    "Packets lost due to noise": [
        0.02835571276618437,
        0.02989196408733622
    ],
    "Packets collided": [
        0.0,
        0.0
    ],
    "Destinatary out of range": [
        0.0,
        0.0
    ],
    "Packets dropped": [
        0.0,
        0.0
    ],
    "Other causes of loss": [
        0.0017930168360086594,
        0.00493623308636205
    ],
    "Queue MN Avg": [
        0.43484496634911063,
        0.4350558751908302
    ],
    "Queue MN Var": [
        1.241413835000856e-05,
        1.2996247193406592e-05
    ],
    "Queue BR Avg": [
        0.0,
        0.0
    ],
    "Queue BR Var": [
        0.0,
        0.0
    ],
    "Upstream Delay Avg": [
        0.8635240543003553,
        0.8641824485388283
    ],
    "Upstream Delay 95th Perc": [
        1.6399881853978524,
        1.6407224259088906
    ],
    "Upstream Delay Var": [
        0.2478960039455304,
        0.24799051495422314
    ],
    "Downstream Delay Avg": [
        0.0,
        0.0
    ],
    "Downstream Delay 95th Perc": [
        0.0,
        0.0
    ],
    "Downstream Delay Var": [
        0.0,
        0.0
    ],
    "RTT Avg": [
        0.0,
        0.0
    ],
    "RTT 95th Perc": [
        0.0,
        0.0
    ],
    "RTT Var": [
        0.0,
        0.0
    ]
}