{
    "Upstream PDR": [
        0.6253352837863007,
        0.7075322486812317
    ],
    "Downstream PDR": [
        0.0,
        0.0
    ],
    "TicToc PDR": [
        0.0,
        0.0
    ],
    "Packets retransmitted per node AVG": [
        0.0,
        0.0
    ],
    "Counter of retransmission per packet AVG": [
        0.0,
        0.0
    ],
    "Intertime of retransmissions AVG": [
        0.0,
        0.0
    ],
    "Packets delivered": [
        0.6252802223239213,
        0.7075521071186568
    ],
    "Packets lost due to noise": [
        0.1010933066375844,
        0.13065109474568104
    ],
    "Packets collided": [
        0.0,
        0.0
    ],
    "Destinatary out of range": [
        0.0,
        0.0
    ],
    "Packets dropped": [
        0.0,
        0.0
    ],
    "Other causes of loss": [
        0.18171262199669724,
        0.25371064717745917
    ],
    "Queue MN Avg": [
        0.05955115449854981,
        0.060272000541764625
    ],
    "Queue MN Var": [
        1.059127495671043e-05,
        1.3825532226241917e-05
    ],
    "Queue BR Avg": [
        0.0,
        0.0
    ],
    "Queue BR Var": [
        0.0,
        0.0
    ],
    "Upstream Delay Avg": [
        0.11329302775570603,
        0.11519540189978054
    ],
    "Upstream Delay 95th Perc": [
        0.2141740739779505,
        0.21711183389822095
    ],
    "Upstream Delay Var": [
        0.00420665531991002,
        0.004225731765414594
    ],
    "Downstream Delay Avg": [
        0.0,
        0.0
    ],
    "Downstream Delay 95th Perc": [
        0.0,
        0.0
    ],
    "Downstream Delay Var": [
        0.0,
        0.0
    ],
    "RTT Avg": [
        0.0,
        0.0
    ],
    "RTT 95th Perc": [
        0.0,
        0.0
    ],
    "RTT Var": [
        0.0,
        0.0
    ]
}