{
    "Upstream PDR": [
        0.7453816420524625,
        0.74799563067481
    ],
    "Downstream PDR": [
        0.846637106204756,
        0.8486070914267734
    ],
    "TicToc PDR": [
        0.6315645023916557,
        0.634255627478474
    ],
    "Packets retransmitted per node AVG": [
        0.0,
        0.0
    ],
    "Counter of retransmission per packet AVG": [
        0.0,
        0.0
    ],
    "Intertime of retransmissions AVG": [
        0.0,
        0.0
    ],
    "Packets delivered": [
        0.8748656909595491,
        0.8767612821439055
    ],
    "Packets lost due to noise": [
        0.10248947437907996,
        0.10388719745020758
    ],
    "Packets collided": [
        -1.8725578725775153e-06,
        5.7738664690134756e-06
    ],
    "Destinatary out of range": [
        -5.617673617732546e-07,
        1.7321599407040424e-06
    ],
    "Packets dropped": [
        0.0,
        0.0
    ],
    "Other causes of loss": [
        0.020184702217689896,
        0.0218065811483926
    ],
    "Queue MN Avg": [
        111.92796998031179,
        111.9510884196525
    ],
    "Queue MN Var": [
        0.08279800604365954,
        0.08817166812484924
    ],
    "Queue BR Avg": [
        1.9068858196679905,
        1.9134402262446761
    ],
    "Queue BR Var": [
        1.2310478092525523,
        1.2958089615613382
    ],
    "Upstream Delay Avg": [
        223.87372658196068,
        224.02928248946472
    ],
    "Upstream Delay 95th Perc": [
        394.0074972496161,
        394.1520160632084
    ],
    "Upstream Delay Var": [
        11908.809291079371,
        11925.454165286417
    ],
    "Downstream Delay Avg": [
        1.2148872300953841,
        1.215347716268485
    ],
    "Downstream Delay 95th Perc": [
        1.2141720391093171,
        1.2175529769926396
    ],
    "Downstream Delay Var": [
        -0.00023566897580822678,
        0.000726664428978683
    ],
    "RTT Avg": [
        1299.645443745686,
        1301.4483347297878
    ],
    "RTT 95th Perc": [
        2287.6557203253515,
        2289.107648608401
    ],
    "RTT Var": [
        403159.453333557,
        404277.9221211126
    ]
}