{
    "Upstream PDR": [
        0.2482706597749201,
        0.25097609347183325
    ],
    "Downstream PDR": [
        0.0,
        0.0
    ],
    "TicToc PDR": [
        0.0,
        0.0
    ],
    "Packets retransmitted per node AVG": [
        0.0,
        0.0
    ],
    "Counter of retransmission per packet AVG": [
        0.0,
        0.0
    ],
    "Intertime of retransmissions AVG": [
        0.0,
        0.0
    ],
    "Packets delivered": [
        0.24862534324641009,
        0.25139414529329507
    ],
    "Packets lost due to noise": [
        0.4362198248759994,
        0.43965540308027196
    ],
    "Packets collided": [
        0.0,
        0.0
    ],
    "Destinatary out of range": [
        0.0,
        0.0
    ],
    "Packets dropped": [
        0.0,
        0.0
    ],
    "Other causes of loss": [
        0.31073892113574036,
        0.313366362368283
    ],
    "Queue MN Avg": [
        0.059551336671546946,
        0.060212636281576325
    ],
    "Queue MN Var": [
        1.1293544138079506e-05,
        1.3696720825999546e-05
    ],
    "Queue BR Avg": [
        0.0,
        0.0
    ],
    "Queue BR Var": [
        0.0,
        0.0
    ],
    "Upstream Delay Avg": [
        0.11311648017221976,
        0.11479664490436625
    ],
    "Upstream Delay 95th Perc": [
        0.21407492292686237,
        0.21622340135376622
    ],
    "Upstream Delay Var": [
        0.004195201193432066,
        0.004238396733116025
    ],
    "Downstream Delay Avg": [
        0.0,
        0.0
    ],
    "Downstream Delay 95th Perc": [
        0.0,
        0.0
    ],
    "Downstream Delay Var": [
        0.0,
        0.0
    ],
    "RTT Avg": [
        0.0,
        0.0
    ],
    "RTT 95th Perc": [
        0.0,
        0.0
    ],
    "RTT Var": [
        0.0,
        0.0
    ]
}{
    "Upstream PDR": [
        0.2482706597749201,
        0.25097609347183325
    ],
    "Downstream PDR": [
        0.0,
        0.0
    ],
    "TicToc PDR": [
        0.0,
        0.0
    ],
    "Packets retransmitted per node AVG": [
        0.0,
        0.0
    ],
    "Counter of retransmission per packet AVG": [
        0.0,
        0.0
    ],
    "Intertime of retransmissions AVG": [
        0.0,
        0.0
    ],
    "Packets delivered": [
        0.24862534324641009,
        0.25139414529329507
    ],
    "Packets lost due to noise": [
        0.4362198248759994,
        0.43965540308027196
    ],
    "Packets collided": [
        0.0,
        0.0
    ],
    "Destinatary out of range": [
        0.0,
        0.0
    ],
    "Packets dropped": [
        0.0,
        0.0
    ],
    "Other causes of loss": [
        0.31073892113574036,
        0.313366362368283
    ],
    "Queue MN Avg": [
        0.059551336671546946,
        0.060212636281576325
    ],
    "Queue MN Var": [
        1.1293544138079506e-05,
        1.3696720825999546e-05
    ],
    "Queue BR Avg": [
        0.0,
        0.0
    ],
    "Queue BR Var": [
        0.0,
        0.0
    ],
    "Upstream Delay Avg": [
        0.11311648017221976,
        0.11479664490436625
    ],
    "Upstream Delay 95th Perc": [
        0.21407492292686237,
        0.21622340135376622
    ],
    "Upstream Delay Var": [
        0.004195201193432066,
        0.004238396733116025
    ],
    "Downstream Delay Avg": [
        0.0,
        0.0
    ],
    "Downstream Delay 95th Perc": [
        0.0,
        0.0
    ],
    "Downstream Delay Var": [
        0.0,
        0.0
    ],
    "RTT Avg": [
        0.0,
        0.0
    ],
    "RTT 95th Perc": [
        0.0,
        0.0
    ],
    "RTT Var": [
        0.0,
        0.0
    ]
}{
    "Upstream PDR": [
        0.2482706597749201,
        0.25097609347183325
    ],
    "Downstream PDR": [
        0.0,
        0.0
    ],
    "TicToc PDR": [
        0.0,
        0.0
    ],
    "Packets retransmitted per node AVG": [
        0.0,
        0.0
    ],
    "Counter of retransmission per packet AVG": [
        0.0,
        0.0
    ],
    "Intertime of retransmissions AVG": [
        0.0,
        0.0
    ],
    "Packets delivered": [
        0.24862534324641009,
        0.25139414529329507
    ],
    "Packets lost due to noise": [
        0.4362198248759994,
        0.43965540308027196
    ],
    "Packets collided": [
        0.0,
        0.0
    ],
    "Destinatary out of range": [
        0.0,
        0.0
    ],
    "Packets dropped": [
        0.0,
        0.0
    ],
    "Other causes of loss": [
        0.31073892113574036,
        0.313366362368283
    ],
    "Queue MN Avg": [
        0.059551336671546946,
        0.060212636281576325
    ],
    "Queue MN Var": [
        1.1293544138079506e-05,
        1.3696720825999546e-05
    ],
    "Queue BR Avg": [
        0.0,
        0.0
    ],
    "Queue BR Var": [
        0.0,
        0.0
    ],
    "Upstream Delay Avg": [
        0.11311648017221976,
        0.11479664490436625
    ],
    "Upstream Delay 95th Perc": [
        0.21407492292686237,
        0.21622340135376622
    ],
    "Upstream Delay Var": [
        0.004195201193432066,
        0.004238396733116025
    ],
    "Downstream Delay Avg": [
        0.0,
        0.0
    ],
    "Downstream Delay 95th Perc": [
        0.0,
        0.0
    ],
    "Downstream Delay Var": [
        0.0,
        0.0
    ],
    "RTT Avg": [
        0.0,
        0.0
    ],
    "RTT 95th Perc": [
        0.0,
        0.0
    ],
    "RTT Var": [
        0.0,
        0.0
    ]
}