{
    "Upstream PDR": [
        0.0701216915031336,
        0.0729588279773859
    ],
    "Downstream PDR": [
        0.7293032645464322,
        0.7352712689143027
    ],
    "TicToc PDR": [
        0.05126929182550704,
        0.05353330557709037
    ],
    "Packets retransmitted per node AVG": [
        0.0,
        0.0
    ],
    "Counter of retransmission per packet AVG": [
        0.0,
        0.0
    ],
    "Intertime of retransmissions AVG": [
        0.0,
        0.0
    ],
    "Packets delivered": [
        0.1470461785523016,
        0.1524488717973382
    ],
    "Packets lost due to noise": [
        0.07124965332094794,
        0.07370691176223117
    ],
    "Packets collided": [
        -3.572901714428024e-06,
        1.1016726216114727e-05
    ],
    "Destinatary out of range": [
        -1.0393895896517895e-05,
        3.204865808324285e-05
    ],
    "Packets dropped": [
        0.0,
        0.0
    ],
    "Other causes of loss": [
        0.7740299637445389,
        0.7814893222359536
    ],
    "Queue MN Avg": [
        111.92796998031179,
        111.9510884196525
    ],
    "Queue MN Var": [
        0.08279800604365954,
        0.08817166812484924
    ],
    "Queue BR Avg": [
        0.24340089967856177,
        0.25325937271033566
    ],
    "Queue BR Var": [
        0.0482870245650106,
        0.06068738620755159
    ],
    "Upstream Delay Avg": [
        224.78213846863613,
        229.06234454809967
    ],
    "Upstream Delay 95th Perc": [
        392.698388187936,
        395.58608404658474
    ],
    "Upstream Delay Var": [
        11620.097161579735,
        11968.299766235421
    ],
    "Downstream Delay Avg": [
        1.214999999978661,
        1.215000000055006
    ],
    "Downstream Delay 95th Perc": [
        1.2150000071627685,
        1.215000007340155
    ],
    "Downstream Delay Var": [
        2.4479391583114693e-17,
        2.6678187939190432e-17
    ],
    "RTT Avg": [
        1303.7421106863856,
        1332.2853706370627
    ],
    "RTT 95th Perc": [
        1853.3800415403564,
        1888.5121445223783
    ],
    "RTT Var": [
        226965.138962799,
        242032.61196499094
    ]
}