{
    "Upstream PDR": [
        0.9952721642722773,
        0.9981951652731775
    ],
    "Downstream PDR": [
        0.0,
        0.0
    ],
    "TicToc PDR": [
        0.0,
        0.0
    ],
    "Packets retransmitted per node AVG": [
        0.0,
        0.0
    ],
    "Counter of retransmission per packet AVG": [
        0.0,
        0.0
    ],
    "Intertime of retransmissions AVG": [
        0.0,
        0.0
    ],
    "Packets delivered": [
        0.9953504527634269,
        0.9982832447693986
    ],
    "Packets lost due to noise": [
        0.001560535590272381,
        0.0016744994190225813
    ],
    "Packets collided": [
        0.0,
        0.0
    ],
    "Destinatary out of range": [
        0.0,
        0.0
    ],
    "Packets dropped": [
        0.0,
        0.0
    ],
    "Other causes of loss": [
        0.00011102570431752667,
        0.003020241753561969
    ],
    "Queue MN Avg": [
        0.38245930125062644,
        0.38251043121063966
    ],
    "Queue MN Var": [
        4.816610316624832e-07,
        5.273669080196285e-07
    ],
    "Queue BR Avg": [
        0.0,
        0.0
    ],
    "Queue BR Var": [
        0.0,
        0.0
    ],
    "Upstream Delay Avg": [
        0.7588501925398278,
        0.7592472251196952
    ],
    "Upstream Delay 95th Perc": [
        1.440805202663123,
        1.4410385647368773
    ],
    "Upstream Delay Var": [
        0.19125987939681557,
        0.1912851442466337
    ],
    "Downstream Delay Avg": [
        0.0,
        0.0
    ],
    "Downstream Delay 95th Perc": [
        0.0,
        0.0
    ],
    "Downstream Delay Var": [
        0.0,
        0.0
    ],
    "RTT Avg": [
        0.0,
        0.0
    ],
    "RTT 95th Perc": [
        0.0,
        0.0
    ],
    "RTT Var": [
        0.0,
        0.0
    ]
}