{
    "Upstream PDR": [
        0.9189784460733277,
        0.9293228526279707
    ],
    "Downstream PDR": [
        0.8900154787939009,
        0.9017730380917249
    ],
    "TicToc PDR": [
        0.8183379921663969,
        0.8380422675738632
    ],
    "Packets retransmitted per node AVG": [
        0.0,
        0.0
    ],
    "Counter of retransmission per packet AVG": [
        0.0,
        0.0
    ],
    "Intertime of retransmissions AVG": [
        0.0,
        0.0
    ],
    "Packets delivered": [
        0.9052471825390532,
        0.9160107856281637
    ],
    "Packets lost due to noise": [
        0.07392824124973046,
        0.0830446219587978
    ],
    "Packets collided": [
        0.0,
        0.0
    ],
    "Destinatary out of range": [
        0.0,
        0.0
    ],
    "Packets dropped": [
        0.0,
        0.0
    ],
    "Other causes of loss": [
        0.009778765955424363,
        0.011990402668831033
    ],
    "Queue MN Avg": [
        0.382456644768673,
        0.3825239233242326
    ],
    "Queue MN Var": [
        4.917614994164173e-07,
        5.501853501018601e-07
    ],
    "Queue BR Avg": [
        0.7642715834603374,
        0.7728731844767632
    ],
    "Queue BR Var": [
        0.2629800914289877,
        0.3200153969304832
    ],
    "Upstream Delay Avg": [
        0.7587158514855772,
        0.7593284960320543
    ],
    "Upstream Delay 95th Perc": [
        1.4407460917983583,
        1.4410722020285551
    ],
    "Upstream Delay Var": [
        0.19123861714732285,
        0.19136479476379567
    ],
    "Downstream Delay Avg": [
        0.7649999999965267,
        0.7650000000011128
    ],
    "Downstream Delay 95th Perc": [
        0.7650000000000005,
        0.7650000000000005
    ],
    "Downstream Delay Var": [
        -1.655538948103616e-19,
        5.104707827509013e-19
    ],
    "RTT Avg": [
        1299.119315449165,
        1300.2183186624168
    ],
    "RTT 95th Perc": [
        2289.1585725159525,
        2289.7563088349084
    ],
    "RTT Var": [
        403513.89943382255,
        403977.1972092912
    ]
}