{
    "Upstream PDR": [
        0.9169691291762271,
        0.926324377317279
    ],
    "Downstream PDR": [
        0.8929074776943063,
        0.90337887874588
    ],
    "TicToc PDR": [
        0.8191228068984702,
        0.8368200502443872
    ],
    "Packets retransmitted per node AVG": [
        0.0,
        0.0
    ],
    "Counter of retransmission per packet AVG": [
        0.0,
        0.0
    ],
    "Intertime of retransmissions AVG": [
        0.0,
        0.0
    ],
    "Packets delivered": [
        0.9055025229000458,
        0.9151467361045084
    ],
    "Packets lost due to noise": [
        0.07420764004227004,
        0.08224862213828213
    ],
    "Packets collided": [
        0.0,
        0.0
    ],
    "Destinatary out of range": [
        0.0,
        0.0
    ],
    "Packets dropped": [
        0.0,
        0.0
    ],
    "Other causes of loss": [
        0.01026048018663052,
        0.012633998628262843
    ],
    "Queue MN Avg": [
        0.4575029284162112,
        0.45752699704376765
    ],
    "Queue MN Var": [
        1.2154578876961784e-07,
        1.3425771584941164e-07
    ],
    "Queue BR Avg": [
        1.0945034597765657,
        1.1056642597898483
    ],
    "Queue BR Var": [
        0.4859901381641169,
        0.5841806478769205
    ],
    "Upstream Delay Avg": [
        0.9084065936201421,
        0.9094832395484248
    ],
    "Upstream Delay 95th Perc": [
        1.7257251553215158,
        1.7261093322771703
    ],
    "Upstream Delay Var": [
        0.2744635987195649,
        0.2746310902487325
    ],
    "Downstream Delay Avg": [
        0.9149931402800386,
        0.9150211513393867
    ],
    "Downstream Delay 95th Perc": [
        0.9149999999999994,
        0.9149999999999994
    ],
    "Downstream Delay Var": [
        -1.2360334470090245e-05,
        3.8111997384845166e-05
    ],
    "RTT Avg": [
        1299.555410363067,
        1300.4880158725196
    ],
    "RTT 95th Perc": [
        2289.34640044836,
        2290.184124004372
    ],
    "RTT Var": [
        403661.7688871583,
        404080.016918929
    ]
}