{
    "Upstream PDR": [
        0.645498235569096,
        0.6844861800153196
    ],
    "Downstream PDR": [
        0.8261455332943967,
        0.8447931638998089
    ],
    "TicToc PDR": [
        0.5359740851201971,
        0.5768973434512314
    ],
    "Packets retransmitted per node AVG": [
        0.0,
        0.0
    ],
    "Counter of retransmission per packet AVG": [
        0.0,
        0.0
    ],
    "Intertime of retransmissions AVG": [
        0.0,
        0.0
    ],
    "Packets delivered": [
        0.7165844888402445,
        0.747294929822775
    ],
    "Packets lost due to noise": [
        0.12292302040355077,
        0.1367232071468731
    ],
    "Packets collided": [
        0.0,
        0.0
    ],
    "Destinatary out of range": [
        0.0,
        0.0
    ],
    "Packets dropped": [
        0.0,
        0.0
    ],
    "Other causes of loss": [
        0.12589488394666962,
        0.15057946983988665
    ],
    "Queue MN Avg": [
        0.3074686087425857,
        0.3075003099468529
    ],
    "Queue MN Var": [
        5.708560066376529e-08,
        6.419458189012216e-08
    ],
    "Queue BR Avg": [
        0.5671482872046314,
        0.6014070336872825
    ],
    "Queue BR Var": [
        0.15130738067218444,
        0.20132223340520863
    ],
    "Upstream Delay Avg": [
        0.6088952733282504,
        0.6093645183030907
    ],
    "Upstream Delay 95th Perc": [
        1.1557378424148328,
        1.1561479405500243
    ],
    "Upstream Delay Var": [
        0.12302814695098785,
        0.12315804168482744
    ],
    "Downstream Delay Avg": [
        0.6149999999993476,
        0.6150000000002183
    ],
    "Downstream Delay 95th Perc": [
        0.6149999999999995,
        0.6149999999999998
    ],
    "Downstream Delay Var": [
        -1.3848461519062916e-20,
        4.2700505557272786e-20
    ],
    "RTT Avg": [
        1298.5438360267162,
        1313.5323018549702
    ],
    "RTT 95th Perc": [
        2246.14028816982,
        2271.1189066338343
    ],
    "RTT Var": [
        388087.15225303126,
        397200.7806384291
    ]
}