{
    "Upstream PDR": [
        0.8853592806976104,
        0.901890935752606
    ],
    "Downstream PDR": [
        0.8397333547181793,
        0.8609729370123445
    ],
    "TicToc PDR": [
        0.7446046160074823,
        0.7765797995769331
    ],
    "Packets retransmitted per node AVG": [
        0.0,
        0.0
    ],
    "Counter of retransmission per packet AVG": [
        0.0,
        0.0
    ],
    "Intertime of retransmissions AVG": [
        0.0,
        0.0
    ],
    "Packets delivered": [
        0.8641437179691265,
        0.8822904629766319
    ],
    "Packets lost due to noise": [
        0.09878683238600522,
        0.11342921633678077
    ],
    "Packets collided": [
        0.0,
        0.0
    ],
    "Destinatary out of range": [
        0.0,
        0.0
    ],
    "Packets dropped": [
        0.0,
        0.0
    ],
    "Other causes of loss": [
        0.018827473791465925,
        0.022522296539990078
    ],
    "Queue MN Avg": [
        0.232493549354231,
        0.2325145773057738
    ],
    "Queue MN Var": [
        3.180213008207465e-08,
        3.655864791321741e-08
    ],
    "Queue BR Avg": [
        0.32498003324338065,
        0.33105041966322224
    ],
    "Queue BR Var": [
        0.0597953057149766,
        0.07327805015202851
    ],
    "Upstream Delay Avg": [
        0.45904303249897976,
        0.4593840960797569
    ],
    "Upstream Delay 95th Perc": [
        0.8707783201792211,
        0.8710403365524365
    ],
    "Upstream Delay Var": [
        0.06974270926499636,
        0.06981545145861244
    ],
    "Downstream Delay Avg": [
        0.4649999999999934,
        0.4649999999999941
    ],
    "Downstream Delay 95th Perc": [
        0.46499999999999997,
        0.46499999999999997
    ],
    "Downstream Delay Var": [
        6.635225075277415e-29,
        7.259421796241005e-29
    ],
    "RTT Avg": [
        1299.7829931861718,
        1301.46990041406
    ],
    "RTT 95th Perc": [
        2288.930772802168,
        2290.229006873444
    ],
    "RTT Var": [
        403392.8395031178,
        404538.3795819865
    ]
}