{
    "Upstream PDR": [
        0.21697983465619253,
        0.22337912638276858
    ],
    "Downstream PDR": [
        0.0,
        0.0
    ],
    "TicToc PDR": [
        0.0,
        0.0
    ],
    "Packets retransmitted per node AVG": [
        0.0,
        0.0
    ],
    "Counter of retransmission per packet AVG": [
        0.0,
        0.0
    ],
    "Intertime of retransmissions AVG": [
        0.0,
        0.0
    ],
    "Packets delivered": [
        0.21118882354491764,
        0.21746680263890406
    ],
    "Packets lost due to noise": [
        0.09480982629743603,
        0.09717828697236047
    ],
    "Packets collided": [
        -2.403369676515894e-06,
        1.854149307547081e-05
    ],
    "Destinatary out of range": [
        -2.4630362103465633e-07,
        7.066748234203312e-05
    ],
    "Packets dropped": [
        0.0,
        0.0
    ],
    "Other causes of loss": [
        0.6857296108500492,
        0.6935400903942126
    ],
    "Queue MN Avg": [
        0.48000944951041546,
        0.4800606261322432
    ],
    "Queue MN Var": [
        6.168186727807376e-07,
        6.708063585332075e-07
    ],
    "Queue BR Avg": [
        0.0,
        0.0
    ],
    "Queue BR Var": [
        0.0,
        0.0
    ],
    "Upstream Delay Avg": [
        0.9525277043745722,
        0.9542649766111678
    ],
    "Upstream Delay 95th Perc": [
        1.8104617397382523,
        1.8115582981320337
    ],
    "Upstream Delay Var": [
        0.3015674279122432,
        0.30262112212901204
    ],
    "Downstream Delay Avg": [
        0.0,
        0.0
    ],
    "Downstream Delay 95th Perc": [
        0.0,
        0.0
    ],
    "Downstream Delay Var": [
        0.0,
        0.0
    ],
    "RTT Avg": [
        0.0,
        0.0
    ],
    "RTT 95th Perc": [
        0.0,
        0.0
    ],
    "RTT Var": [
        0.0,
        0.0
    ]
}