{
    "Upstream PDR": [
        0.9223046202474048,
        0.9315694057266211
    ],
    "Downstream PDR": [
        0.8856036598225021,
        0.8987012442526914
    ],
    "TicToc PDR": [
        0.8174269504328914,
        0.8369639586580179
    ],
    "Packets retransmitted per node AVG": [
        0.0,
        0.0
    ],
    "Counter of retransmission per packet AVG": [
        0.0,
        0.0
    ],
    "Intertime of retransmissions AVG": [
        0.0,
        0.0
    ],
    "Packets delivered": [
        0.9049550048778898,
        0.9155324241794793
    ],
    "Packets lost due to noise": [
        0.07434199883282744,
        0.08363091206526507
    ],
    "Packets collided": [
        0.0,
        0.0
    ],
    "Destinatary out of range": [
        0.0,
        0.0
    ],
    "Packets dropped": [
        0.0,
        0.0
    ],
    "Other causes of loss": [
        0.00980293415665993,
        0.01173672588787827
    ],
    "Queue MN Avg": [
        0.3074686087425857,
        0.3075003099468529
    ],
    "Queue MN Var": [
        5.708560066376529e-08,
        6.419458189012216e-08
    ],
    "Queue BR Avg": [
        0.4932708640358408,
        0.49822020965336317
    ],
    "Queue BR Var": [
        0.1321806667212698,
        0.1603666239791882
    ],
    "Upstream Delay Avg": [
        0.6087813071707772,
        0.6094304030192342
    ],
    "Upstream Delay 95th Perc": [
        1.155771641946309,
        1.1561109277773483
    ],
    "Upstream Delay Var": [
        0.12301274408068466,
        0.12309584942652124
    ],
    "Downstream Delay Avg": [
        0.6150000000000058,
        0.615000000000006
    ],
    "Downstream Delay 95th Perc": [
        0.6149999999999994,
        0.6149999999999994
    ],
    "Downstream Delay Var": [
        3.9560572261061276e-29,
        4.0591639668976103e-29
    ],
    "RTT Avg": [
        1299.2004029822244,
        1300.3265723357201
    ],
    "RTT 95th Perc": [
        2289.039517381197,
        2289.988369422203
    ],
    "RTT Var": [
        403551.1094516546,
        404161.7295298977
    ]
}