{
    "Upstream PDR": [
        0.9026116437460808,
        0.9051260185915814
    ],
    "Downstream PDR": [
        0.8467196038366275,
        0.8497494486240961
    ],
    "TicToc PDR": [
        0.7644313212938677,
        0.7689790683165217
    ],
    "Packets retransmitted per node AVG": [
        0.0,
        0.0
    ],
    "Counter of retransmission per packet AVG": [
        0.0,
        0.0
    ],
    "Intertime of retransmissions AVG": [
        0.0,
        0.0
    ],
    "Packets delivered": [
        0.87634912042479,
        0.8787860351384567
    ],
    "Packets lost due to noise": [
        0.10185319291582022,
        0.10379445293313193
    ],
    "Packets collided": [
        0.0,
        0.0
    ],
    "Destinatary out of range": [
        0.0,
        0.0
    ],
    "Packets dropped": [
        0.0,
        0.0
    ],
    "Other causes of loss": [
        0.019269974173428697,
        0.019947224414372487
    ],
    "Queue MN Avg": [
        0.15748521894814915,
        0.15751253104145252
    ],
    "Queue MN Var": [
        2.1720177509163524e-08,
        2.548486154991259e-08
    ],
    "Queue BR Avg": [
        0.14965155764251983,
        0.15006875209079631
    ],
    "Queue BR Var": [
        0.007912441531807179,
        0.008780238640108745
    ],
    "Upstream Delay Avg": [
        0.3090243514617971,
        0.309348044125767
    ],
    "Upstream Delay 95th Perc": [
        0.5856719477676564,
        0.585951897033772
    ],
    "Upstream Delay Var": [
        0.031486929239748045,
        0.03151955135776261
    ],
    "Downstream Delay Avg": [
        0.3150000000036485,
        0.31500000000849315
    ],
    "Downstream Delay 95th Perc": [
        0.3150000028744243,
        0.3150000029049358
    ],
    "Downstream Delay Var": [
        2.666949644914916e-18,
        2.726156026730081e-18
    ],
    "RTT Avg": [
        1298.3562563151681,
        1302.1556335728883
    ],
    "RTT 95th Perc": [
        2287.0634632444744,
        2290.099002120279
    ],
    "RTT Var": [
        402610.0679772367,
        404869.9573690188
    ]
}