{
    "Upstream PDR": [
        0.056508205644657784,
        0.05911892278247063
    ],
    "Downstream PDR": [
        0.7307015939576247,
        0.7364377898039798
    ],
    "TicToc PDR": [
        0.04141589539718514,
        0.04341411903282928
    ],
    "Packets retransmitted per node AVG": [
        0.0,
        0.0
    ],
    "Counter of retransmission per packet AVG": [
        0.0,
        0.0
    ],
    "Intertime of retransmissions AVG": [
        0.0,
        0.0
    ],
    "Packets delivered": [
        0.13869591156557973,
        0.14396550648247028
    ],
    "Packets lost due to noise": [
        0.06485710906544596,
        0.06703060328216114
    ],
    "Packets collided": [
        0.0,
        0.0
    ],
    "Destinatary out of range": [
        -8.820721162725425e-06,
        2.7197913025713252e-05
    ],
    "Packets dropped": [
        0.0,
        0.0
    ],
    "Other causes of loss": [
        0.7891247862023922,
        0.7963077062100872
    ],
    "Queue MN Avg": [
        171.32206002580807,
        171.34223274260296
    ],
    "Queue MN Var": [
        0.08367877053359699,
        0.08995764351689672
    ],
    "Queue BR Avg": [
        0.1508475573793669,
        0.1578324171398534
    ],
    "Queue BR Var": [
        0.0183032093710976,
        0.0219859451316296
    ],
    "Upstream Delay Avg": [
        343.7160957843391,
        350.97556479816825
    ],
    "Upstream Delay 95th Perc": [
        601.608950513321,
        605.7744570275969
    ],
    "Upstream Delay Var": [
        26658.97771605555,
        27550.32168813812
    ],
    "Downstream Delay Avg": [
        1.3649999999673585,
        1.3650000000600488
    ],
    "Downstream Delay 95th Perc": [
        1.3650000078440834,
        1.3650000081054139
    ],
    "Downstream Delay Var": [
        3.0880798065490725e-17,
        3.472732972624414e-17
    ],
    "RTT Avg": [
        1314.6006579546083,
        1348.88643314712
    ],
    "RTT 95th Perc": [
        1801.3551469218612,
        1843.9489176982418
    ],
    "RTT Var": [
        201020.98311455376,
        215210.9719571212
    ]
}