{
    "Upstream PDR": [
        0.20657188497312398,
        0.20753720593596683
    ],
    "Downstream PDR": [
        0.24968556041643467,
        0.25169487914102884
    ],
    "TicToc PDR": [
        0.051691782111728916,
        0.05211925684931006
    ],
    "Packets retransmitted per node AVG": [
        0.0,
        0.0
    ],
    "Counter of retransmission per packet AVG": [
        0.0,
        0.0
    ],
    "Intertime of retransmissions AVG": [
        0.0,
        0.0
    ],
    "Packets delivered": [
        0.2495523767336383,
        0.2505592078704588
    ],
    "Packets lost due to noise": [
        0.4369824926253386,
        0.43810829731793466
    ],
    "Packets collided": [
        0.0,
        0.0
    ],
    "Destinatary out of range": [
        0.0,
        0.0
    ],
    "Packets dropped": [
        0.0,
        0.0
    ],
    "Other causes of loss": [
        0.3116166737310989,
        0.3131809517215306
    ],
    "Queue MN Avg": [
        111.92925277838032,
        111.9508346457421
    ],
    "Queue MN Var": [
        0.08032863048586943,
        0.085477486069663
    ],
    "Queue BR Avg": [
        10.039376631406165,
        10.08638978441284
    ],
    "Queue BR Var": [
        0.0,
        0.0
    ],
    "Upstream Delay Avg": [
        223.8156864022351,
        224.27019073540384
    ],
    "Upstream Delay 95th Perc": [
        393.77437703279236,
        394.18239479845465
    ],
    "Upstream Delay Var": [
        11876.569034201639,
        11925.952076447978
    ],
    "Downstream Delay Avg": [
        1.2150000000000032,
        1.2150000000000032
    ],
    "Downstream Delay 95th Perc": [
        1.2150000000000025,
        1.215000000000003
    ],
    "Downstream Delay Var": [
        2.6688786582385997e-30,
        2.7088957290275743e-30
    ],
    "RTT Avg": [
        1297.1220517299416,
        1303.351038133112
    ],
    "RTT 95th Perc": [
        2271.5020294268797,
        2276.57300401892
    ],
    "RTT Var": [
        401400.38607430056,
        404629.2856919105
    ]
}