{
    "Upstream PDR": [
        0.9013875146751313,
        0.9042865112988945
    ],
    "Downstream PDR": [
        0.8470877935670427,
        0.8493810814815488
    ],
    "TicToc PDR": [
        0.7640719325116737,
        0.7675683272285857
    ],
    "Packets retransmitted per node AVG": [
        0.0,
        0.0
    ],
    "Counter of retransmission per packet AVG": [
        0.0,
        0.0
    ],
    "Intertime of retransmissions AVG": [
        0.0,
        0.0
    ],
    "Packets delivered": [
        0.8760317308193796,
        0.877831926417798
    ],
    "Packets lost due to noise": [
        0.10223985859127423,
        0.10376666249523119
    ],
    "Packets collided": [
        0.0,
        0.0
    ],
    "Destinatary out of range": [
        0.0,
        0.0
    ],
    "Packets dropped": [
        0.0,
        0.0
    ],
    "Other causes of loss": [
        0.019363767097187005,
        0.020766054579129965
    ],
    "Queue MN Avg": [
        0.3074605596797906,
        0.30749451803764394
    ],
    "Queue MN Var": [
        6.253831656782695e-08,
        7.078179641402866e-08
    ],
    "Queue BR Avg": [
        0.5835691268799285,
        0.5854486475345885
    ],
    "Queue BR Var": [
        0.11827725930645043,
        0.12630380659523802
    ],
    "Upstream Delay Avg": [
        0.6088742458766596,
        0.6093227159963879
    ],
    "Upstream Delay 95th Perc": [
        1.1556195970070837,
        1.1559705471833162
    ],
    "Upstream Delay Var": [
        0.12294189750109559,
        0.12304053999849505
    ],
    "Downstream Delay Avg": [
        0.6150000000138565,
        0.6150000000263613
    ],
    "Downstream Delay 95th Perc": [
        0.6150000040799373,
        0.6150000041222654
    ],
    "Downstream Delay Var": [
        6.771502495525212e-18,
        8.582419137289324e-18
    ],
    "RTT Avg": [
        1298.5116977951714,
        1300.7244251331774
    ],
    "RTT 95th Perc": [
        2286.0694539656324,
        2288.0758685413166
    ],
    "RTT Var": [
        402012.2367403382,
        403554.1170435232
    ]
}