{
    "Upstream PDR": [
        0.49876406432816256,
        0.5009086629445646
    ],
    "Downstream PDR": [
        0.49798561568188215,
        0.5006503181621217
    ],
    "TicToc PDR": [
        0.2486625336169721,
        0.2504959079414695
    ],
    "Packets retransmitted per node AVG": [
        0.0,
        0.0
    ],
    "Counter of retransmission per packet AVG": [
        0.0,
        0.0
    ],
    "Intertime of retransmissions AVG": [
        0.0,
        0.0
    ],
    "Packets delivered": [
        0.49889131323636954,
        0.50060118413406
    ],
    "Packets lost due to noise": [
        0.3807864025275899,
        0.3825622756098028
    ],
    "Packets collided": [
        0.0,
        0.0
    ],
    "Destinatary out of range": [
        0.0,
        0.0
    ],
    "Packets dropped": [
        0.0,
        0.0
    ],
    "Other causes of loss": [
        0.11796252216757615,
        0.11919630232460175
    ],
    "Queue MN Avg": [
        0.1574910126084755,
        0.15751038025482725
    ],
    "Queue MN Var": [
        2.0703437025172016e-08,
        2.5017879013563334e-08
    ],
    "Queue BR Avg": [
        1.571208851186834,
        1.5779529956537435
    ],
    "Queue BR Var": [
        0.0,
        0.0
    ],
    "Upstream Delay Avg": [
        0.30884770911751086,
        0.3095768800963585
    ],
    "Upstream Delay 95th Perc": [
        0.585929494216158,
        0.5864768647442421
    ],
    "Upstream Delay Var": [
        0.03150118993989089,
        0.031608970723178496
    ],
    "Downstream Delay Avg": [
        0.31499999999999884,
        0.31499999999999895
    ],
    "Downstream Delay 95th Perc": [
        0.31499999999999995,
        0.31500000000000006
    ],
    "Downstream Delay Var": [
        1.4038598028818165e-30,
        1.4221235983613586e-30
    ],
    "RTT Avg": [
        1297.9347215092544,
        1303.511475942974
    ],
    "RTT 95th Perc": [
        2285.4708442134497,
        2288.722049875637
    ],
    "RTT Var": [
        402315.97239201004,
        404759.3247586548
    ]
}{
    "Upstream PDR": [
        0.49876406432816256,
        0.5009086629445646
    ],
    "Downstream PDR": [
        0.49798561568188215,
        0.5006503181621217
    ],
    "TicToc PDR": [
        0.2486625336169721,
        0.2504959079414695
    ],
    "Packets retransmitted per node AVG": [
        0.0,
        0.0
    ],
    "Counter of retransmission per packet AVG": [
        0.0,
        0.0
    ],
    "Intertime of retransmissions AVG": [
        0.0,
        0.0
    ],
    "Packets delivered": [
        0.49889131323636954,
        0.50060118413406
    ],
    "Packets lost due to noise": [
        0.3807864025275899,
        0.3825622756098028
    ],
    "Packets collided": [
        0.0,
        0.0
    ],
    "Destinatary out of range": [
        0.0,
        0.0
    ],
    "Packets dropped": [
        0.0,
        0.0
    ],
    "Other causes of loss": [
        0.11796252216757615,
        0.11919630232460175
    ],
    "Queue MN Avg": [
        0.1574910126084755,
        0.15751038025482725
    ],
    "Queue MN Var": [
        2.0703437025172016e-08,
        2.5017879013563334e-08
    ],
    "Queue BR Avg": [
        1.571208851186834,
        1.5779529956537435
    ],
    "Queue BR Var": [
        0.0,
        0.0
    ],
    "Upstream Delay Avg": [
        0.30884770911751086,
        0.3095768800963585
    ],
    "Upstream Delay 95th Perc": [
        0.585929494216158,
        0.5864768647442421
    ],
    "Upstream Delay Var": [
        0.03150118993989089,
        0.031608970723178496
    ],
    "Downstream Delay Avg": [
        0.31499999999999884,
        0.31499999999999895
    ],
    "Downstream Delay 95th Perc": [
        0.31499999999999995,
        0.31500000000000006
    ],
    "Downstream Delay Var": [
        1.4038598028818165e-30,
        1.4221235983613586e-30
    ],
    "RTT Avg": [
        1297.9347215092544,
        1303.511475942974
    ],
    "RTT 95th Perc": [
        2285.4708442134497,
        2288.722049875637
    ],
    "RTT Var": [
        402315.97239201004,
        404759.3247586548
    ]
}{
    "Upstream PDR": [
        0.49876406432816256,
        0.5009086629445646
    ],
    "Downstream PDR": [
        0.49798561568188215,
        0.5006503181621217
    ],
    "TicToc PDR": [
        0.2486625336169721,
        0.2504959079414695
    ],
    "Packets retransmitted per node AVG": [
        0.0,
        0.0
    ],
    "Counter of retransmission per packet AVG": [
        0.0,
        0.0
    ],
    "Intertime of retransmissions AVG": [
        0.0,
        0.0
    ],
    "Packets delivered": [
        0.49889131323636954,
        0.50060118413406
    ],
    "Packets lost due to noise": [
        0.3807864025275899,
        0.3825622756098028
    ],
    "Packets collided": [
        0.0,
        0.0
    ],
    "Destinatary out of range": [
        0.0,
        0.0
    ],
    "Packets dropped": [
        0.0,
        0.0
    ],
    "Other causes of loss": [
        0.11796252216757615,
        0.11919630232460175
    ],
    "Queue MN Avg": [
        0.1574910126084755,
        0.15751038025482725
    ],
    "Queue MN Var": [
        2.0703437025172016e-08,
        2.5017879013563334e-08
    ],
    "Queue BR Avg": [
        1.571208851186834,
        1.5779529956537435
    ],
    "Queue BR Var": [
        0.0,
        0.0
    ],
    "Upstream Delay Avg": [
        0.30884770911751086,
        0.3095768800963585
    ],
    "Upstream Delay 95th Perc": [
        0.585929494216158,
        0.5864768647442421
    ],
    "Upstream Delay Var": [
        0.03150118993989089,
        0.031608970723178496
    ],
    "Downstream Delay Avg": [
        0.31499999999999884,
        0.31499999999999895
    ],
    "Downstream Delay 95th Perc": [
        0.31499999999999995,
        0.31500000000000006
    ],
    "Downstream Delay Var": [
        1.4038598028818165e-30,
        1.4221235983613586e-30
    ],
    "RTT Avg": [
        1297.9347215092544,
        1303.511475942974
    ],
    "RTT 95th Perc": [
        2285.4708442134497,
        2288.722049875637
    ],
    "RTT Var": [
        402315.97239201004,
        404759.3247586548
    ]
}