{
    "Upstream PDR": [
        0.638956998763993,
        0.6745520921450977
    ],
    "Downstream PDR": [
        0.8311173631383157,
        0.8479304146267681
    ],
    "TicToc PDR": [
        0.533366711189883,
        0.5708713840482122
    ],
    "Packets retransmitted per node AVG": [
        0.0,
        0.0
    ],
    "Counter of retransmission per packet AVG": [
        0.0,
        0.0
    ],
    "Intertime of retransmissions AVG": [
        0.0,
        0.0
    ],
    "Packets delivered": [
        0.7141540133065122,
        0.7425640261472212
    ],
    "Packets lost due to noise": [
        0.123781918467985,
        0.13663775958236365
    ],
    "Packets collided": [
        0.0,
        0.0
    ],
    "Destinatary out of range": [
        -4.747423226506042e-07,
        2.9479089051603046e-06
    ],
    "Packets dropped": [
        0.0,
        0.0
    ],
    "Other causes of loss": [
        0.1299333183924007,
        0.15292649093693478
    ],
    "Queue MN Avg": [
        0.4575029284162112,
        0.45752699704376765
    ],
    "Queue MN Var": [
        1.2154578876961784e-07,
        1.3425771584941164e-07
    ],
    "Queue BR Avg": [
        1.2529438942563722,
        1.3227334256140257
    ],
    "Queue BR Var": [
        0.5149158508324485,
        0.6807826928712297
    ],
    "Upstream Delay Avg": [
        0.9082940455760904,
        0.9095231423191981
    ],
    "Upstream Delay 95th Perc": [
        1.7255976377679847,
        1.72616599383693
    ],
    "Upstream Delay Var": [
        0.27444946969679945,
        0.2747287780316187
    ],
    "Downstream Delay Avg": [
        0.9149974110058164,
        0.915016711989164
    ],
    "Downstream Delay 95th Perc": [
        0.9149999999999994,
        0.9149999999999994
    ],
    "Downstream Delay Var": [
        -4.695138120381138e-06,
        3.0302708830967513e-05
    ],
    "RTT Avg": [
        1289.0642350061023,
        1298.7371285210295
    ],
    "RTT 95th Perc": [
        2238.317018744969,
        2259.8995957790307
    ],
    "RTT Var": [
        389963.5361804661,
        397543.51314283005
    ]
}