{
    "Upstream PDR": [
        0.24855742566193653,
        0.2504010158965051
    ],
    "Downstream PDR": [
        0.24746214786268197,
        0.2512560499892366
    ],
    "TicToc PDR": [
        0.061646282027732,
        0.062779691998242
    ],
    "Packets retransmitted per node AVG": [
        0.0,
        0.0
    ],
    "Counter of retransmission per packet AVG": [
        0.0,
        0.0
    ],
    "Intertime of retransmissions AVG": [
        0.0,
        0.0
    ],
    "Packets delivered": [
        0.24879641900691177,
        0.25046573570046815
    ],
    "Packets lost due to noise": [
        0.43769919160441234,
        0.4394190366727035
    ],
    "Packets collided": [
        0.0,
        0.0
    ],
    "Destinatary out of range": [
        0.0,
        0.0
    ],
    "Packets dropped": [
        0.0,
        0.0
    ],
    "Other causes of loss": [
        0.31097230861685693,
        0.31264730839864735
    ],
    "Queue MN Avg": [
        0.1574910126084755,
        0.15751038025482725
    ],
    "Queue MN Var": [
        2.0703437025172016e-08,
        2.5017879013563334e-08
    ],
    "Queue BR Avg": [
        0.7829969192232021,
        0.7888033422075721
    ],
    "Queue BR Var": [
        0.0,
        0.0
    ],
    "Upstream Delay Avg": [
        0.3088745489609862,
        0.3103152448328237
    ],
    "Upstream Delay 95th Perc": [
        0.5859413820977915,
        0.5869757530502657
    ],
    "Upstream Delay Var": [
        0.031433287294103315,
        0.03166634402991919
    ],
    "Downstream Delay Avg": [
        0.31500000000000006,
        0.31500000000000017
    ],
    "Downstream Delay 95th Perc": [
        0.31499999999999995,
        0.31500000000000006
    ],
    "Downstream Delay Var": [
        6.160906822877806e-32,
        7.007425105141278e-32
    ],
    "RTT Avg": [
        1291.6897488210382,
        1304.3738630344426
    ],
    "RTT 95th Perc": [
        2266.336384206846,
        2277.0414956675254
    ],
    "RTT Var": [
        400719.41198830295,
        406799.14825218346
    ]
}{
    "Upstream PDR": [
        0.24855742566193653,
        0.2504010158965051
    ],
    "Downstream PDR": [
        0.24746214786268197,
        0.2512560499892366
    ],
    "TicToc PDR": [
        0.061646282027732,
        0.062779691998242
    ],
    "Packets retransmitted per node AVG": [
        0.0,
        0.0
    ],
    "Counter of retransmission per packet AVG": [
        0.0,
        0.0
    ],
    "Intertime of retransmissions AVG": [
        0.0,
        0.0
    ],
    "Packets delivered": [
        0.24879641900691177,
        0.25046573570046815
    ],
    "Packets lost due to noise": [
        0.43769919160441234,
        0.4394190366727035
    ],
    "Packets collided": [
        0.0,
        0.0
    ],
    "Destinatary out of range": [
        0.0,
        0.0
    ],
    "Packets dropped": [
        0.0,
        0.0
    ],
    "Other causes of loss": [
        0.31097230861685693,
        0.31264730839864735
    ],
    "Queue MN Avg": [
        0.1574910126084755,
        0.15751038025482725
    ],
    "Queue MN Var": [
        2.0703437025172016e-08,
        2.5017879013563334e-08
    ],
    "Queue BR Avg": [
        0.7829969192232021,
        0.7888033422075721
    ],
    "Queue BR Var": [
        0.0,
        0.0
    ],
    "Upstream Delay Avg": [
        0.3088745489609862,
        0.3103152448328237
    ],
    "Upstream Delay 95th Perc": [
        0.5859413820977915,
        0.5869757530502657
    ],
    "Upstream Delay Var": [
        0.031433287294103315,
        0.03166634402991919
    ],
    "Downstream Delay Avg": [
        0.31500000000000006,
        0.31500000000000017
    ],
    "Downstream Delay 95th Perc": [
        0.31499999999999995,
        0.31500000000000006
    ],
    "Downstream Delay Var": [
        6.160906822877806e-32,
        7.007425105141278e-32
    ],
    "RTT Avg": [
        1291.6897488210382,
        1304.3738630344426
    ],
    "RTT 95th Perc": [
        2266.336384206846,
        2277.0414956675254
    ],
    "RTT Var": [
        400719.41198830295,
        406799.14825218346
    ]
}{
    "Upstream PDR": [
        0.24855742566193653,
        0.2504010158965051
    ],
    "Downstream PDR": [
        0.24746214786268197,
        0.2512560499892366
    ],
    "TicToc PDR": [
        0.061646282027732,
        0.062779691998242
    ],
    "Packets retransmitted per node AVG": [
        0.0,
        0.0
    ],
    "Counter of retransmission per packet AVG": [
        0.0,
        0.0
    ],
    "Intertime of retransmissions AVG": [
        0.0,
        0.0
    ],
    "Packets delivered": [
        0.24879641900691177,
        0.25046573570046815
    ],
    "Packets lost due to noise": [
        0.43769919160441234,
        0.4394190366727035
    ],
    "Packets collided": [
        0.0,
        0.0
    ],
    "Destinatary out of range": [
        0.0,
        0.0
    ],
    "Packets dropped": [
        0.0,
        0.0
    ],
    "Other causes of loss": [
        0.31097230861685693,
        0.31264730839864735
    ],
    "Queue MN Avg": [
        0.1574910126084755,
        0.15751038025482725
    ],
    "Queue MN Var": [
        2.0703437025172016e-08,
        2.5017879013563334e-08
    ],
    "Queue BR Avg": [
        0.7829969192232021,
        0.7888033422075721
    ],
    "Queue BR Var": [
        0.0,
        0.0
    ],
    "Upstream Delay Avg": [
        0.3088745489609862,
        0.3103152448328237
    ],
    "Upstream Delay 95th Perc": [
        0.5859413820977915,
        0.5869757530502657
    ],
    "Upstream Delay Var": [
        0.031433287294103315,
        0.03166634402991919
    ],
    "Downstream Delay Avg": [
        0.31500000000000006,
        0.31500000000000017
    ],
    "Downstream Delay 95th Perc": [
        0.31499999999999995,
        0.31500000000000006
    ],
    "Downstream Delay Var": [
        6.160906822877806e-32,
        7.007425105141278e-32
    ],
    "RTT Avg": [
        1291.6897488210382,
        1304.3738630344426
    ],
    "RTT 95th Perc": [
        2266.336384206846,
        2277.0414956675254
    ],
    "RTT Var": [
        400719.41198830295,
        406799.14825218346
    ]
}