{
    "Upstream PDR": [
        0.12112133756607116,
        0.13168645464172093
    ],
    "Downstream PDR": [
        0.0,
        0.0
    ],
    "TicToc PDR": [
        0.0,
        0.0
    ],
    "Packets retransmitted per node AVG": [
        0.0,
        0.0
    ],
    "Counter of retransmission per packet AVG": [
        0.0,
        0.0
    ],
    "Intertime of retransmissions AVG": [
        0.0,
        0.0
    ],
    "Packets delivered": [
        0.13918394063224862,
        0.14947430456047497
    ],
    "Packets lost due to noise": [
        0.07627303770876398,
        0.08144465674376777
    ],
    "Packets collided": [
        0.0,
        0.0
    ],
    "Destinatary out of range": [
        0.0,
        0.0
    ],
    "Packets dropped": [
        0.0,
        0.0
    ],
    "Other causes of loss": [
        0.7695606286798262,
        0.7840634316749182
    ],
    "Queue MN Avg": [
        0.10499269196795802,
        0.10500791193081571
    ],
    "Queue MN Var": [
        1.1226429460275644e-08,
        1.383984421104087e-08
    ],
    "Queue BR Avg": [
        0.0,
        0.0
    ],
    "Queue BR Var": [
        0.0,
        0.0
    ],
    "Upstream Delay Avg": [
        0.20381425412069298,
        0.20469002428076655
    ],
    "Upstream Delay 95th Perc": [
        0.38637434683106747,
        0.38708976262327527
    ],
    "Upstream Delay Var": [
        0.013635943194954562,
        0.013722037401801982
    ],
    "Downstream Delay Avg": [
        0.0,
        0.0
    ],
    "Downstream Delay 95th Perc": [
        0.0,
        0.0
    ],
    "Downstream Delay Var": [
        0.0,
        0.0
    ],
    "RTT Avg": [
        0.0,
        0.0
    ],
    "RTT 95th Perc": [
        0.0,
        0.0
    ],
    "RTT Var": [
        0.0,
        0.0
    ]
}