{
    "Upstream PDR": [
        0.966277678733594,
        0.9697929706170552
    ],
    "Downstream PDR": [
        0.9141079132368145,
        0.9167321094776787
    ],
    "TicToc PDR": [
        0.8838043321688122,
        0.8885270964026161
    ],
    "Packets retransmitted per node AVG": [
        0.0,
        0.0
    ],
    "Counter of retransmission per packet AVG": [
        0.0,
        0.0
    ],
    "Intertime of retransmissions AVG": [
        0.0,
        0.0
    ],
    "Packets delivered": [
        0.9409702667419523,
        0.9435185995308512
    ],
    "Packets lost due to noise": [
        0.04904747970846783,
        0.0509135485542751
    ],
    "Packets collided": [
        -7.210437383565003e-07,
        2.223274551113444e-06
    ],
    "Destinatary out of range": [
        -5.374844591021941e-07,
        2.542634092512405e-06
    ],
    "Packets dropped": [
        0.0,
        0.0
    ],
    "Other causes of loss": [
        0.006965612167851476,
        0.008580985916155706
    ],
    "Queue MN Avg": [
        0.3824671238827403,
        0.3825479872243215
    ],
    "Queue MN Var": [
        4.711661425869667e-07,
        5.285377550187145e-07
    ],
    "Queue BR Avg": [
        0.7393764855929071,
        0.7420086168074261
    ],
    "Queue BR Var": [
        0.054652808259588306,
        0.0717281864243803
    ],
    "Upstream Delay Avg": [
        0.7591974488526154,
        0.759513819931046
    ],
    "Upstream Delay 95th Perc": [
        1.440841868067469,
        1.441212471038989
    ],
    "Upstream Delay Var": [
        0.19123426377805655,
        0.19132573328257327
    ],
    "Downstream Delay Avg": [
        0.7649869703838591,
        0.7650721394638152
    ],
    "Downstream Delay 95th Perc": [
        0.7650000059378798,
        0.7650000060140177
    ],
    "Downstream Delay Var": [
        -1.9287066566614356e-05,
        0.00010723697734969773
    ],
    "RTT Avg": [
        1299.1941855646105,
        1299.8560978388368
    ],
    "RTT 95th Perc": [
        2288.654638761155,
        2289.4369351582563
    ],
    "RTT Var": [
        403389.31685693655,
        403768.4792188293
    ]
}