{
    "Upstream PDR": [
        0.49860927993455617,
        0.5004546161693401
    ],
    "Downstream PDR": [
        0.4987740799870849,
        0.50124372150332
    ],
    "TicToc PDR": [
        0.24919475409319966,
        0.25033667447822894
    ],
    "Packets retransmitted per node AVG": [
        0.0,
        0.0
    ],
    "Counter of retransmission per packet AVG": [
        0.0,
        0.0
    ],
    "Intertime of retransmissions AVG": [
        0.0,
        0.0
    ],
    "Packets delivered": [
        0.4990304546867334,
        0.5001957870976157
    ],
    "Packets lost due to noise": [
        0.3809086426697811,
        0.38201239799432585
    ],
    "Packets collided": [
        -2.017751062793149e-05,
        6.221556820693348e-05
    ],
    "Destinatary out of range": [
        -3.783283242737155e-06,
        1.1665419038800029e-05
    ],
    "Packets dropped": [
        0.0,
        0.0
    ],
    "Other causes of loss": [
        0.11824456487700832,
        0.11955823248116043
    ],
    "Queue MN Avg": [
        0.38245015858197007,
        0.3825141315148666
    ],
    "Queue MN Var": [
        4.776029501856652e-07,
        5.317533470500355e-07
    ],
    "Queue BR Avg": [
        9.53739657855872,
        9.57275535070141
    ],
    "Queue BR Var": [
        0.0,
        0.0
    ],
    "Upstream Delay Avg": [
        0.7586420005605251,
        0.7599027978089395
    ],
    "Upstream Delay 95th Perc": [
        1.440427639931968,
        1.4415513581052322
    ],
    "Upstream Delay Var": [
        0.19088719365512286,
        0.19143347959766988
    ],
    "Downstream Delay Avg": [
        0.7649999999999941,
        0.7649999999999944
    ],
    "Downstream Delay 95th Perc": [
        0.7650000000000005,
        0.7650000000000005
    ],
    "Downstream Delay Var": [
        2.555475155161269e-29,
        2.5955169934839304e-29
    ],
    "RTT Avg": [
        1299.0659018530428,
        1301.1497884579326
    ],
    "RTT 95th Perc": [
        2285.966797822479,
        2288.440776266607
    ],
    "RTT Var": [
        402964.2676094539,
        404787.1275245553
    ]
}{
    "Upstream PDR": [
        0.49860927993455617,
        0.5004546161693401
    ],
    "Downstream PDR": [
        0.4987740799870849,
        0.50124372150332
    ],
    "TicToc PDR": [
        0.24919475409319966,
        0.25033667447822894
    ],
    "Packets retransmitted per node AVG": [
        0.0,
        0.0
    ],
    "Counter of retransmission per packet AVG": [
        0.0,
        0.0
    ],
    "Intertime of retransmissions AVG": [
        0.0,
        0.0
    ],
    "Packets delivered": [
        0.4990304546867334,
        0.5001957870976157
    ],
    "Packets lost due to noise": [
        0.3809086426697811,
        0.38201239799432585
    ],
    "Packets collided": [
        -2.017751062793149e-05,
        6.221556820693348e-05
    ],
    "Destinatary out of range": [
        -3.783283242737155e-06,
        1.1665419038800029e-05
    ],
    "Packets dropped": [
        0.0,
        0.0
    ],
    "Other causes of loss": [
        0.11824456487700832,
        0.11955823248116043
    ],
    "Queue MN Avg": [
        0.38245015858197007,
        0.3825141315148666
    ],
    "Queue MN Var": [
        4.776029501856652e-07,
        5.317533470500355e-07
    ],
    "Queue BR Avg": [
        9.53739657855872,
        9.57275535070141
    ],
    "Queue BR Var": [
        0.0,
        0.0
    ],
    "Upstream Delay Avg": [
        0.7586420005605251,
        0.7599027978089395
    ],
    "Upstream Delay 95th Perc": [
        1.440427639931968,
        1.4415513581052322
    ],
    "Upstream Delay Var": [
        0.19088719365512286,
        0.19143347959766988
    ],
    "Downstream Delay Avg": [
        0.7649999999999941,
        0.7649999999999944
    ],
    "Downstream Delay 95th Perc": [
        0.7650000000000005,
        0.7650000000000005
    ],
    "Downstream Delay Var": [
        2.555475155161269e-29,
        2.5955169934839304e-29
    ],
    "RTT Avg": [
        1299.0659018530428,
        1301.1497884579326
    ],
    "RTT 95th Perc": [
        2285.966797822479,
        2288.440776266607
    ],
    "RTT Var": [
        402964.2676094539,
        404787.1275245553
    ]
}{
    "Upstream PDR": [
        0.49860927993455617,
        0.5004546161693401
    ],
    "Downstream PDR": [
        0.4987740799870849,
        0.50124372150332
    ],
    "TicToc PDR": [
        0.24919475409319966,
        0.25033667447822894
    ],
    "Packets retransmitted per node AVG": [
        0.0,
        0.0
    ],
    "Counter of retransmission per packet AVG": [
        0.0,
        0.0
    ],
    "Intertime of retransmissions AVG": [
        0.0,
        0.0
    ],
    "Packets delivered": [
        0.4990304546867334,
        0.5001957870976157
    ],
    "Packets lost due to noise": [
        0.3809086426697811,
        0.38201239799432585
    ],
    "Packets collided": [
        -2.017751062793149e-05,
        6.221556820693348e-05
    ],
    "Destinatary out of range": [
        -3.783283242737155e-06,
        1.1665419038800029e-05
    ],
    "Packets dropped": [
        0.0,
        0.0
    ],
    "Other causes of loss": [
        0.11824456487700832,
        0.11955823248116043
    ],
    "Queue MN Avg": [
        0.38245015858197007,
        0.3825141315148666
    ],
    "Queue MN Var": [
        4.776029501856652e-07,
        5.317533470500355e-07
    ],
    "Queue BR Avg": [
        9.53739657855872,
        9.57275535070141
    ],
    "Queue BR Var": [
        0.0,
        0.0
    ],
    "Upstream Delay Avg": [
        0.7586420005605251,
        0.7599027978089395
    ],
    "Upstream Delay 95th Perc": [
        1.440427639931968,
        1.4415513581052322
    ],
    "Upstream Delay Var": [
        0.19088719365512286,
        0.19143347959766988
    ],
    "Downstream Delay Avg": [
        0.7649999999999941,
        0.7649999999999944
    ],
    "Downstream Delay 95th Perc": [
        0.7650000000000005,
        0.7650000000000005
    ],
    "Downstream Delay Var": [
        2.555475155161269e-29,
        2.5955169934839304e-29
    ],
    "RTT Avg": [
        1299.0659018530428,
        1301.1497884579326
    ],
    "RTT 95th Perc": [
        2285.966797822479,
        2288.440776266607
    ],
    "RTT Var": [
        402964.2676094539,
        404787.1275245553
    ]
}