{
    "Upstream PDR": [
        0.9863108693586236,
        0.9900735462257917
    ],
    "Downstream PDR": [
        0.0,
        0.0
    ],
    "TicToc PDR": [
        0.0,
        0.0
    ],
    "Packets retransmitted per node AVG": [
        0.0,
        0.0
    ],
    "Counter of retransmission per packet AVG": [
        0.0,
        0.0
    ],
    "Intertime of retransmissions AVG": [
        0.0,
        0.0
    ],
    "Packets delivered": [
        0.9863436724391261,
        0.9901334984346679
    ],
    "Packets lost due to noise": [
        0.009634870534114388,
        0.011936030460445557
    ],
    "Packets collided": [
        0.0,
        0.0
    ],
    "Destinatary out of range": [
        0.0,
        0.0
    ],
    "Packets dropped": [
        0.0,
        0.0
    ],
    "Other causes of loss": [
        -0.0004327865286215699,
        0.002384714660268017
    ],
    "Queue MN Avg": [
        0.19499211542743475,
        0.19501278394523516
    ],
    "Queue MN Var": [
        2.8331954653609847e-08,
        3.27211801800587e-08
    ],
    "Queue BR Avg": [
        0.0,
        0.0
    ],
    "Queue BR Var": [
        0.0,
        0.0
    ],
    "Upstream Delay Avg": [
        0.3838052177059871,
        0.3843310476083498
    ],
    "Upstream Delay 95th Perc": [
        0.7282540270293857,
        0.7284867234223283
    ],
    "Upstream Delay Var": [
        0.04875650774113927,
        0.04877231162080336
    ],
    "Downstream Delay Avg": [
        0.0,
        0.0
    ],
    "Downstream Delay 95th Perc": [
        0.0,
        0.0
    ],
    "Downstream Delay Var": [
        0.0,
        0.0
    ],
    "RTT Avg": [
        0.0,
        0.0
    ],
    "RTT 95th Perc": [
        0.0,
        0.0
    ],
    "RTT Var": [
        0.0,
        0.0
    ]
}