{
    "Upstream PDR": [
        0.9933960924034821,
        0.9965487127913228
    ],
    "Downstream PDR": [
        0.0,
        0.0
    ],
    "TicToc PDR": [
        0.0,
        0.0
    ],
    "Packets retransmitted per node AVG": [
        0.0,
        0.0
    ],
    "Counter of retransmission per packet AVG": [
        0.0,
        0.0
    ],
    "Intertime of retransmissions AVG": [
        0.0,
        0.0
    ],
    "Packets delivered": [
        0.9934453896136902,
        0.996631840721912
    ],
    "Packets lost due to noise": [
        0.002624655316857883,
        0.002957091404725016
    ],
    "Packets collided": [
        0.0,
        0.0
    ],
    "Destinatary out of range": [
        0.0,
        0.0
    ],
    "Packets dropped": [
        0.0,
        0.0
    ],
    "Other causes of loss": [
        0.0005867069765622169,
        0.0037543159662526485
    ],
    "Queue MN Avg": [
        0.3824770261510992,
        0.38252777094804197
    ],
    "Queue MN Var": [
        4.7179673002563844e-07,
        5.198405845973273e-07
    ],
    "Queue BR Avg": [
        0.0,
        0.0
    ],
    "Queue BR Var": [
        0.0,
        0.0
    ],
    "Upstream Delay Avg": [
        0.7589685094095447,
        0.7592631471489674
    ],
    "Upstream Delay 95th Perc": [
        1.4408586961931902,
        1.441039979211896
    ],
    "Upstream Delay Var": [
        0.1912503085174219,
        0.19127814676280983
    ],
    "Downstream Delay Avg": [
        0.0,
        0.0
    ],
    "Downstream Delay 95th Perc": [
        0.0,
        0.0
    ],
    "Downstream Delay Var": [
        0.0,
        0.0
    ],
    "RTT Avg": [
        0.0,
        0.0
    ],
    "RTT 95th Perc": [
        0.0,
        0.0
    ],
    "RTT Var": [
        0.0,
        0.0
    ]
}