{
    "Upstream PDR": [
        0.2511740173793711,
        0.2587750735297198
    ],
    "Downstream PDR": [
        0.8179131192209691,
        0.8260717763066417
    ],
    "TicToc PDR": [
        0.2060199080991272,
        0.21324866332944428
    ],
    "Packets retransmitted per node AVG": [
        0.0,
        0.0
    ],
    "Counter of retransmission per packet AVG": [
        0.0,
        0.0
    ],
    "Intertime of retransmissions AVG": [
        0.0,
        0.0
    ],
    "Packets delivered": [
        0.4072384496142356,
        0.41648868556630725
    ],
    "Packets lost due to noise": [
        0.10075156918227568,
        0.10486513147764573
    ],
    "Packets collided": [
        -3.6275499497983167e-07,
        1.1185229213226895e-06
    ],
    "Destinatary out of range": [
        -5.5323510255668856e-06,
        3.046291827059403e-05
    ],
    "Packets dropped": [
        0.0,
        0.0
    ],
    "Other causes of loss": [
        0.48056976558198916,
        0.49006071224237524
    ],
    "Queue MN Avg": [
        0.3824671238827403,
        0.3825479872243215
    ],
    "Queue MN Var": [
        4.711661425869667e-07,
        5.285377550187145e-07
    ],
    "Queue BR Avg": [
        0.20892054297367388,
        0.21523529240415737
    ],
    "Queue BR Var": [
        0.018949705485210723,
        0.02295868269592425
    ],
    "Upstream Delay Avg": [
        0.7587679499328792,
        0.7599403957173811
    ],
    "Upstream Delay 95th Perc": [
        1.440688131655459,
        1.4417214288223115
    ],
    "Upstream Delay Var": [
        0.19090801630659737,
        0.1913078653508425
    ],
    "Downstream Delay Avg": [
        0.7649892767155109,
        0.7650330643018162
    ],
    "Downstream Delay 95th Perc": [
        0.7650000013890061,
        0.7650000014132283
    ],
    "Downstream Delay Var": [
        -1.6088049329805004e-05,
        4.960607623268933e-05
    ],
    "RTT Avg": [
        1422.7079857712217,
        1433.321835048863
    ],
    "RTT 95th Perc": [
        1932.101198533549,
        1962.915832594048
    ],
    "RTT Var": [
        222121.4606605533,
        240184.81862310844
    ]
}