{
    "Upstream PDR": [
        0.27382202154451907,
        0.27885849793600037
    ],
    "Downstream PDR": [
        0.8465542677523418,
        0.8507840089732398
    ],
    "TicToc PDR": [
        0.23205906468751566,
        0.23703258651842143
    ],
    "Packets retransmitted per node AVG": [
        0.0,
        0.0
    ],
    "Counter of retransmission per packet AVG": [
        0.0,
        0.0
    ],
    "Intertime of retransmissions AVG": [
        0.0,
        0.0
    ],
    "Packets delivered": [
        0.41236400968714054,
        0.41915633741872144
    ],
    "Packets lost due to noise": [
        0.09025589930402358,
        0.09233682657196188
    ],
    "Packets collided": [
        -3.8553544631018795e-06,
        1.1887644268118045e-05
    ],
    "Destinatary out of range": [
        -7.81302321512208e-06,
        4.968523709851599e-05
    ],
    "Packets dropped": [
        0.0,
        0.0
    ],
    "Other causes of loss": [
        0.48922625459224106,
        0.4966107679222231
    ],
    "Queue MN Avg": [
        35.74721440348576,
        35.77119622381915
    ],
    "Queue MN Var": [
        0.07819415112126654,
        0.08432095484710347
    ],
    "Queue BR Avg": [
        0.30905717096034424,
        0.3147418038045491
    ],
    "Queue BR Var": [
        0.03653396511685883,
        0.04305384927118519
    ],
    "Upstream Delay Avg": [
        71.01728161701013,
        71.10505286887758
    ],
    "Upstream Delay 95th Perc": [
        125.8965856245917,
        126.37786435139404
    ],
    "Upstream Delay Var": [
        1160.7706726806293,
        1167.3324385055687
    ],
    "Downstream Delay Avg": [
        1.064887751535396,
        1.0658576955097938
    ],
    "Downstream Delay 95th Perc": [
        1.0643691829106101,
        1.0690838918139371
    ],
    "Downstream Delay Var": [
        -0.00018285388623012593,
        0.0014530744550479177
    ],
    "RTT Avg": [
        1286.811555567365,
        1288.8501722584836
    ],
    "RTT 95th Perc": [
        2239.342740685461,
        2247.0844552823505
    ],
    "RTT Var": [
        388393.6174778555,
        391013.45126641716
    ]
}