{
    "Upstream PDR": [
        0.24082186967721483,
        0.24554228616694088
    ],
    "Downstream PDR": [
        0.0,
        0.0
    ],
    "TicToc PDR": [
        0.0,
        0.0
    ],
    "Packets retransmitted per node AVG": [
        0.0,
        0.0
    ],
    "Counter of retransmission per packet AVG": [
        0.0,
        0.0
    ],
    "Intertime of retransmissions AVG": [
        0.0,
        0.0
    ],
    "Packets delivered": [
        0.27829179497467765,
        0.2827269002244485
    ],
    "Packets lost due to noise": [
        0.08857242296682431,
        0.09054690120036445
    ],
    "Packets collided": [
        -4.0090003456067203e-07,
        8.225569378164434e-06
    ],
    "Destinatary out of range": [
        8.805605952448952e-06,
        5.379144747160266e-05
    ],
    "Packets dropped": [
        0.0,
        0.0
    ],
    "Other causes of loss": [
        0.6272264757887912,
        0.632565083122126
    ],
    "Queue MN Avg": [
        0.48000944951041546,
        0.4800606261322432
    ],
    "Queue MN Var": [
        6.168186727807376e-07,
        6.708063585332075e-07
    ],
    "Queue BR Avg": [
        0.0,
        0.0
    ],
    "Queue BR Var": [
        0.0,
        0.0
    ],
    "Upstream Delay Avg": [
        0.9533176446106808,
        0.9546344897966783
    ],
    "Upstream Delay 95th Perc": [
        1.810976880896689,
        1.8116102613115959
    ],
    "Upstream Delay Var": [
        0.3022230546467069,
        0.3026356071887734
    ],
    "Downstream Delay Avg": [
        0.0,
        0.0
    ],
    "Downstream Delay 95th Perc": [
        0.0,
        0.0
    ],
    "Downstream Delay Var": [
        0.0,
        0.0
    ],
    "RTT Avg": [
        0.0,
        0.0
    ],
    "RTT 95th Perc": [
        0.0,
        0.0
    ],
    "RTT Var": [
        0.0,
        0.0
    ]
}