{
    "Upstream PDR": [
        0.2598129914251884,
        0.27272380511160815
    ],
    "Downstream PDR": [
        0.7828347577066973,
        0.7997678718447531
    ],
    "TicToc PDR": [
        0.20418475643368386,
        0.21790009205116453
    ],
    "Packets retransmitted per node AVG": [
        0.0,
        0.0
    ],
    "Counter of retransmission per packet AVG": [
        0.0,
        0.0
    ],
    "Intertime of retransmissions AVG": [
        0.0,
        0.0
    ],
    "Packets delivered": [
        0.3715801771116956,
        0.38872310106531965
    ],
    "Packets lost due to noise": [
        0.1120215896051619,
        0.11800327718566456
    ],
    "Packets collided": [
        0.0,
        0.0
    ],
    "Destinatary out of range": [
        0.0,
        0.0
    ],
    "Packets dropped": [
        0.0,
        0.0
    ],
    "Other causes of loss": [
        0.49687327563856387,
        0.5127985793935947
    ],
    "Queue MN Avg": [
        0.2324832628043281,
        0.2325058507822408
    ],
    "Queue MN Var": [
        3.112562700858488e-08,
        3.639729782985205e-08
    ],
    "Queue BR Avg": [
        0.12941171323953438,
        0.13584125497884786
    ],
    "Queue BR Var": [
        0.00656094703170887,
        0.009995759496015343
    ],
    "Upstream Delay Avg": [
        0.4589872823537154,
        0.45986591157269635
    ],
    "Upstream Delay 95th Perc": [
        0.8705695332721373,
        0.8712381139991765
    ],
    "Upstream Delay Var": [
        0.06969007599664322,
        0.06989126906937963
    ],
    "Downstream Delay Avg": [
        0.4649999999821015,
        0.46500000001978237
    ],
    "Downstream Delay 95th Perc": [
        0.4650000067714972,
        0.46500000694566745
    ],
    "Downstream Delay Var": [
        2.730328644029401e-17,
        2.944531445267491e-17
    ],
    "RTT Avg": [
        1291.5818118171555,
        1300.5831073529862
    ],
    "RTT 95th Perc": [
        2251.2213747553,
        2265.5503538560047
    ],
    "RTT Var": [
        389324.2060235629,
        395252.4932795016
    ]
}