{
    "Upstream PDR": [
        0.37037271005590106,
        0.38833638085318983
    ],
    "Downstream PDR": [
        0.8269650437538022,
        0.841538021624784
    ],
    "TicToc PDR": [
        0.3073150106452179,
        0.32646680753660046
    ],
    "Packets retransmitted per node AVG": [
        0.0,
        0.0
    ],
    "Counter of retransmission per packet AVG": [
        0.0,
        0.0
    ],
    "Intertime of retransmissions AVG": [
        0.0,
        0.0
    ],
    "Packets delivered": [
        0.4960087223933018,
        0.516989193557734
    ],
    "Packets lost due to noise": [
        0.1075464083803053,
        0.11544889051891319
    ],
    "Packets collided": [
        0.0,
        0.0
    ],
    "Destinatary out of range": [
        0.0,
        0.0
    ],
    "Packets dropped": [
        0.0,
        0.0
    ],
    "Other causes of loss": [
        0.3727928595975512,
        0.3912139255521944
    ],
    "Queue MN Avg": [
        0.15748708701597997,
        0.15750727334782455
    ],
    "Queue MN Var": [
        2.016986796767e-08,
        2.4157765016580824e-08
    ],
    "Queue BR Avg": [
        0.05072651286082496,
        0.053187353037870595
    ],
    "Queue BR Var": [
        0.0013179059715949498,
        0.001572979274319344
    ],
    "Upstream Delay Avg": [
        0.3088694244472795,
        0.30950394770591627
    ],
    "Upstream Delay 95th Perc": [
        0.5856896322095654,
        0.5863566436334057
    ],
    "Upstream Delay Var": [
        0.03147608510476858,
        0.03158005930693731
    ],
    "Downstream Delay Avg": [
        0.31499999998421585,
        0.314999999991646
    ],
    "Downstream Delay 95th Perc": [
        0.3150000028635382,
        0.31500000291925895
    ],
    "Downstream Delay Var": [
        3.478787157915875e-18,
        3.696128110305383e-18
    ],
    "RTT Avg": [
        1286.3326878815305,
        1290.957505483676
    ],
    "RTT 95th Perc": [
        2238.4045272352814,
        2254.4836095544288
    ],
    "RTT Var": [
        385886.4707708671,
        390952.1054126853
    ]
}