{
    "Upstream PDR": [
        0.9396416435558543,
        0.942851120822624
    ],
    "Downstream PDR": [
        0.9743023556748364,
        0.9755923485263681
    ],
    "TicToc PDR": [
        0.91583692478709,
        0.9194996243780308
    ],
    "Packets retransmitted per node AVG": [
        0.0,
        0.0
    ],
    "Counter of retransmission per packet AVG": [
        0.0,
        0.0
    ],
    "Intertime of retransmissions AVG": [
        0.0,
        0.0
    ],
    "Packets delivered": [
        0.9841232219400495,
        0.9861514261581805
    ],
    "Packets lost due to noise": [
        0.012405099035288428,
        0.013101852224092707
    ],
    "Packets collided": [
        -5.18192658402548e-07,
        1.0951829785961872e-05
    ],
    "Destinatary out of range": [
        0.0,
        0.0
    ],
    "Packets dropped": [
        0.0,
        0.0
    ],
    "Other causes of loss": [
        0.001244896753158482,
        0.0029630702521028706
    ],
    "Queue MN Avg": [
        35.74721440348576,
        35.77119622381915
    ],
    "Queue MN Var": [
        0.07819415112126654,
        0.08432095484710347
    ],
    "Queue BR Avg": [
        0.922472212563342,
        0.9248368028885858
    ],
    "Queue BR Var": [
        0.09014682883480168,
        0.11269457747131456
    ],
    "Upstream Delay Avg": [
        71.47484925364428,
        71.52414494620596
    ],
    "Upstream Delay 95th Perc": [
        125.317633264736,
        125.36724878661772
    ],
    "Upstream Delay Var": [
        1193.0265748261227,
        1193.242152085194
    ],
    "Downstream Delay Avg": [
        1.0648738170683851,
        1.0669832541261204
    ],
    "Downstream Delay 95th Perc": [
        1.0643749064320929,
        1.074257750063039
    ],
    "Downstream Delay Var": [
        -0.0002151625142472241,
        0.003642659701115292
    ],
    "RTT Avg": [
        1299.628976191327,
        1300.2574540789226
    ],
    "RTT 95th Perc": [
        2289.3856909810906,
        2290.0842396405965
    ],
    "RTT Var": [
        403207.6974433635,
        403553.882862919
    ]
}