{
    "Upstream PDR": [
        0.3043180336408971,
        0.3111897585668952
    ],
    "Downstream PDR": [
        0.8236830379994685,
        0.8309619127872906
    ],
    "TicToc PDR": [
        0.25118521466348165,
        0.2581368632585962
    ],
    "Packets retransmitted per node AVG": [
        0.0,
        0.0
    ],
    "Counter of retransmission per packet AVG": [
        0.0,
        0.0
    ],
    "Intertime of retransmissions AVG": [
        0.0,
        0.0
    ],
    "Packets delivered": [
        0.43251045874895633,
        0.4408100036342957
    ],
    "Packets lost due to noise": [
        0.1039459503023887,
        0.10775049726191926
    ],
    "Packets collided": [
        0.0,
        0.0
    ],
    "Destinatary out of range": [
        0.0,
        0.0
    ],
    "Packets dropped": [
        0.0,
        0.0
    ],
    "Other causes of loss": [
        0.45333133454297997,
        0.46165175550945986
    ],
    "Queue MN Avg": [
        0.307468757961982,
        0.3074982418875662
    ],
    "Queue MN Var": [
        6.435141246015331e-08,
        7.156453739791929e-08
    ],
    "Queue BR Avg": [
        0.16274907838632585,
        0.1664241400462667
    ],
    "Queue BR Var": [
        0.010198854265034264,
        0.01242094351777579
    ],
    "Upstream Delay Avg": [
        0.6089053366353265,
        0.6103348687770702
    ],
    "Upstream Delay 95th Perc": [
        1.155443418125901,
        1.1565051072810704
    ],
    "Upstream Delay Var": [
        0.1228603315958863,
        0.12317017846323916
    ],
    "Downstream Delay Avg": [
        0.6150000000022455,
        0.6150000000339537
    ],
    "Downstream Delay 95th Perc": [
        0.6150000119910155,
        0.6150000123836972
    ],
    "Downstream Delay Var": [
        5.893348716241484e-17,
        6.193788063510876e-17
    ],
    "RTT Avg": [
        1294.9806097831915,
        1297.1039591669446
    ],
    "RTT 95th Perc": [
        2260.2330968045258,
        2261.7817828235734
    ],
    "RTT Var": [
        386135.67638988374,
        387754.30955144076
    ]
}