{
    "Upstream PDR": [
        0.37919350266694685,
        0.3976662375927935
    ],
    "Downstream PDR": [
        0.852839598986556,
        0.8613900619180073
    ],
    "TicToc PDR": [
        0.3245306282459837,
        0.34152651461115896
    ],
    "Packets retransmitted per node AVG": [
        0.0,
        0.0
    ],
    "Counter of retransmission per packet AVG": [
        0.0,
        0.0
    ],
    "Intertime of retransmissions AVG": [
        0.0,
        0.0
    ],
    "Packets delivered": [
        0.5533320247575251,
        0.5701781617536967
    ],
    "Packets lost due to noise": [
        0.09932439349373218,
        0.10483876097312655
    ],
    "Packets collided": [
        0.0,
        0.0
    ],
    "Destinatary out of range": [
        0.0,
        0.0
    ],
    "Packets dropped": [
        0.0,
        0.0
    ],
    "Other causes of loss": [
        0.3275650040580981,
        0.3447616549638216
    ],
    "Queue MN Avg": [
        0.15748708701597997,
        0.15750727334782455
    ],
    "Queue MN Var": [
        2.016986796767e-08,
        2.4157765016580824e-08
    ],
    "Queue BR Avg": [
        0.03619907621242248,
        0.037962051910762656
    ],
    "Queue BR Var": [
        0.0008704168886534478,
        0.0010812237035597021
    ],
    "Upstream Delay Avg": [
        0.3089235528714719,
        0.30952699996456456
    ],
    "Upstream Delay 95th Perc": [
        0.5855709421612786,
        0.586144280780493
    ],
    "Upstream Delay Var": [
        0.03149767969882061,
        0.03157360662589673
    ],
    "Downstream Delay Avg": [
        0.3150000000063494,
        0.3150000000109566
    ],
    "Downstream Delay 95th Perc": [
        0.31500000074066736,
        0.31500000075786405
    ],
    "Downstream Delay Var": [
        2.259015330249377e-19,
        2.4131026927278314e-19
    ],
    "RTT Avg": [
        1380.9417031086796,
        1396.4598131910543
    ],
    "RTT 95th Perc": [
        2010.44132150701,
        2049.228515303237
    ],
    "RTT Var": [
        287159.8156070147,
        311436.89466304437
    ]
}