{
    "Upstream PDR": [
        0.315125557893694,
        0.3228744421063059
    ],
    "Downstream PDR": [
        0.8527041966882384,
        0.8580593923766929
    ],
    "TicToc PDR": [
        0.26924814307454153,
        0.27654094783454936
    ],
    "Packets retransmitted per node AVG": [
        0.0,
        0.0
    ],
    "Counter of retransmission per packet AVG": [
        0.0,
        0.0
    ],
    "Intertime of retransmissions AVG": [
        0.0,
        0.0
    ],
    "Packets delivered": [
        0.45142162737086433,
        0.4599872309544748
    ],
    "Packets lost due to noise": [
        0.09288508891590207,
        0.0962872149600774
    ],
    "Packets collided": [
        0.0,
        0.0
    ],
    "Destinatary out of range": [
        -6.587746234761934e-06,
        4.0672815178552433e-05
    ],
    "Packets dropped": [
        0.0,
        0.0
    ],
    "Other causes of loss": [
        0.4447607759339792,
        0.4546239767957586
    ],
    "Queue MN Avg": [
        0.3824671238827403,
        0.3825479872243215
    ],
    "Queue MN Var": [
        4.711661425869667e-07,
        5.285377550187145e-07
    ],
    "Queue BR Avg": [
        0.18264350266619497,
        0.1871321568805975
    ],
    "Queue BR Var": [
        0.014247212747738295,
        0.016692180113023074
    ],
    "Upstream Delay Avg": [
        0.758849233303188,
        0.7599639167870074
    ],
    "Upstream Delay 95th Perc": [
        1.4409216381094605,
        1.4417706140263682
    ],
    "Upstream Delay Var": [
        0.19113538060511545,
        0.19143803399756462
    ],
    "Downstream Delay Avg": [
        0.7649822709366001,
        0.7650546663916484
    ],
    "Downstream Delay 95th Perc": [
        0.7650000146495564,
        0.765000014833729
    ],
    "Downstream Delay Var": [
        -2.6356960255752863e-05,
        8.1269354221391e-05
    ],
    "RTT Avg": [
        1294.7291160804516,
        1296.7048999421636
    ],
    "RTT 95th Perc": [
        2260.1454218273957,
        2260.7847692106925
    ],
    "RTT Var": [
        385039.1611907884,
        386919.2463198552
    ]
}