{
    "Upstream PDR": [
        0.7390401183087278,
        0.7434196219510121
    ],
    "Downstream PDR": [
        0.8508431080120599,
        0.8559297528460165
    ],
    "TicToc PDR": [
        0.6291754256006861,
        0.6359998990746387
    ],
    "Packets retransmitted per node AVG": [
        0.0,
        0.0
    ],
    "Counter of retransmission per packet AVG": [
        0.0,
        0.0
    ],
    "Intertime of retransmissions AVG": [
        0.0,
        0.0
    ],
    "Packets delivered": [
        0.8729921499560727,
        0.8777236484415805
    ],
    "Packets lost due to noise": [
        0.10191041607287056,
        0.10542992724108403
    ],
    "Packets collided": [
        -5.206790031422441e-07,
        3.263215468467605e-06
    ],
    "Destinatary out of range": [
        -1.9333661011870432e-06,
        1.1734243971095028e-05
    ],
    "Packets dropped": [
        0.0,
        0.0
    ],
    "Other causes of loss": [
        0.019990171124140164,
        0.02194114374991673
    ],
    "Queue MN Avg": [
        111.93155921880259,
        111.9532565044095
    ],
    "Queue MN Var": [
        0.08659461756104915,
        0.09210420331404885
    ],
    "Queue BR Avg": [
        1.8909326072004307,
        1.9019317691152793
    ],
    "Queue BR Var": [
        0.28084060665209837,
        0.3588374406329316
    ],
    "Upstream Delay Avg": [
        223.78813475972095,
        223.90211738389888
    ],
    "Upstream Delay 95th Perc": [
        393.88260265507154,
        394.03023331255804
    ],
    "Upstream Delay Var": [
        11872.544221286076,
        11892.175354305637
    ],
    "Downstream Delay Avg": [
        1.2148539240617806,
        1.2157339231902058
    ],
    "Downstream Delay 95th Perc": [
        1.213852234172968,
        1.2213227703818037
    ],
    "Downstream Delay Var": [
        -0.000497177275992788,
        0.0021951509447957988
    ],
    "RTT Avg": [
        1298.2723025575585,
        1299.7436811386776
    ],
    "RTT 95th Perc": [
        2282.9645266134494,
        2285.506767320984
    ],
    "RTT Var": [
        399637.2876974446,
        401335.486711585
    ]
}