{
    "Upstream PDR": [
        0.2587509803966463,
        0.27502564297997684
    ],
    "Downstream PDR": [
        0.0,
        0.0
    ],
    "TicToc PDR": [
        0.0,
        0.0
    ],
    "Packets retransmitted per node AVG": [
        0.0,
        0.0
    ],
    "Counter of retransmission per packet AVG": [
        0.0,
        0.0
    ],
    "Intertime of retransmissions AVG": [
        0.0,
        0.0
    ],
    "Packets delivered": [
        0.28119634445583497,
        0.29807096815475587
    ],
    "Packets lost due to noise": [
        0.10945080287487396,
        0.11580188032813055
    ],
    "Packets collided": [
        0.0,
        0.0
    ],
    "Destinatary out of range": [
        0.0,
        0.0
    ],
    "Packets dropped": [
        0.0,
        0.0
    ],
    "Other causes of loss": [
        0.5878798303493475,
        0.6076001738370569
    ],
    "Queue MN Avg": [
        0.1049928165157056,
        0.10500712504239545
    ],
    "Queue MN Var": [
        1.0202135378587483e-08,
        1.2442748293960261e-08
    ],
    "Queue BR Avg": [
        0.0,
        0.0
    ],
    "Queue BR Var": [
        0.0,
        0.0
    ],
    "Upstream Delay Avg": [
        0.20403907103616128,
        0.2045469323193612
    ],
    "Upstream Delay 95th Perc": [
        0.38620850902147275,
        0.38659168300207003
    ],
    "Upstream Delay Var": [
        0.013638506325409664,
        0.013682731545676
    ],
    "Downstream Delay Avg": [
        0.0,
        0.0
    ],
    "Downstream Delay 95th Perc": [
        0.0,
        0.0
    ],
    "Downstream Delay Var": [
        0.0,
        0.0
    ],
    "RTT Avg": [
        0.0,
        0.0
    ],
    "RTT 95th Perc": [
        0.0,
        0.0
    ],
    "RTT Var": [
        0.0,
        0.0
    ]
}