{
    "Upstream PDR": [
        0.7386864844812265,
        0.7430836453889033
    ],
    "Downstream PDR": [
        0.8445687852683832,
        0.8496375666408984
    ],
    "TicToc PDR": [
        0.6242290454841382,
        0.6310482272431348
    ],
    "Packets retransmitted per node AVG": [
        0.0,
        0.0
    ],
    "Counter of retransmission per packet AVG": [
        0.0,
        0.0
    ],
    "Intertime of retransmissions AVG": [
        0.0,
        0.0
    ],
    "Packets delivered": [
        0.8696760193184916,
        0.8744236988613363
    ],
    "Packets lost due to noise": [
        0.10374532646030885,
        0.10724421556884653
    ],
    "Packets collided": [
        -5.207913501493454e-07,
        2.8701316493617777e-06
    ],
    "Destinatary out of range": [
        -1.5739966773056986e-06,
        1.0189878138023916e-05
    ],
    "Packets dropped": [
        0.0,
        0.0
    ],
    "Other causes of loss": [
        0.021445236449766803,
        0.023454538119490182
    ],
    "Queue MN Avg": [
        111.93155921880259,
        111.9532565044095
    ],
    "Queue MN Var": [
        0.08659461756104915,
        0.09210420331404885
    ],
    "Queue BR Avg": [
        1.889612051360929,
        1.9008292243987417
    ],
    "Queue BR Var": [
        0.21422951099049617,
        0.2660559019551169
    ],
    "Upstream Delay Avg": [
        223.88186252071628,
        223.9920100845878
    ],
    "Upstream Delay 95th Perc": [
        393.9975080596544,
        394.0753563281924
    ],
    "Upstream Delay Var": [
        11906.100712569098,
        11914.641685405377
    ],
    "Downstream Delay Avg": [
        1.2149877990801825,
        1.2150787417650137
    ],
    "Downstream Delay 95th Perc": [
        1.2150000220432855,
        1.215000022229172
    ],
    "Downstream Delay Var": [
        -2.894065705770271e-05,
        0.00018679687504388203
    ],
    "RTT Avg": [
        1299.8530590248959,
        1300.6999863038193
    ],
    "RTT 95th Perc": [
        2289.6712926606992,
        2290.2384762780525
    ],
    "RTT Var": [
        403610.03786929784,
        404020.9046956533
    ]
}