{
    "Upstream PDR": [
        0.9662148199969005,
        0.9695431020810219
    ],
    "Downstream PDR": [
        0.9103632413922605,
        0.9132026658938418
    ],
    "TicToc PDR": [
        0.8801668100918388,
        0.8848368262717975
    ],
    "Packets retransmitted per node AVG": [
        0.0,
        0.0
    ],
    "Counter of retransmission per packet AVG": [
        0.0,
        0.0
    ],
    "Intertime of retransmissions AVG": [
        0.0,
        0.0
    ],
    "Packets delivered": [
        0.9390697513401832,
        0.9415825521172713
    ],
    "Packets lost due to noise": [
        0.0504941087317109,
        0.052363007599045754
    ],
    "Packets collided": [
        -1.8305269426475616e-07,
        1.1850626604645374e-06
    ],
    "Destinatary out of range": [
        0.0,
        0.0
    ],
    "Packets dropped": [
        0.0,
        0.0
    ],
    "Other causes of loss": [
        0.007447012329233192,
        0.00904256587258918
    ],
    "Queue MN Avg": [
        0.3824671238827403,
        0.3825479872243215
    ],
    "Queue MN Var": [
        4.711661425869667e-07,
        5.285377550187145e-07
    ],
    "Queue BR Avg": [
        0.7393297900398569,
        0.7418222151970469
    ],
    "Queue BR Var": [
        0.053482797232728,
        0.06912561719548234
    ],
    "Upstream Delay Avg": [
        0.7591536870232348,
        0.7594527975420139
    ],
    "Upstream Delay 95th Perc": [
        1.4407880390055128,
        1.4411726305391726
    ],
    "Upstream Delay Var": [
        0.19122930265452764,
        0.19130128954762765
    ],
    "Downstream Delay Avg": [
        0.7649893952347686,
        0.7650611899263513
    ],
    "Downstream Delay 95th Perc": [
        0.7650000152380138,
        0.7650000153776754
    ],
    "Downstream Delay Var": [
        -1.5776025182128632e-05,
        9.12860526433741e-05
    ],
    "RTT Avg": [
        1299.4402786678488,
        1300.0542922464729
    ],
    "RTT 95th Perc": [
        2289.5270632228926,
        2289.9912078391503
    ],
    "RTT Var": [
        403791.1831842745,
        404061.3899542026
    ]
}