{
    "Upstream PDR": [
        0.31007812317674505,
        0.31729122747260546
    ],
    "Downstream PDR": [
        0.8512941343157789,
        0.8570832704343585
    ],
    "TicToc PDR": [
        0.26450593578931353,
        0.2714421161587383
    ],
    "Packets retransmitted per node AVG": [
        0.0,
        0.0
    ],
    "Counter of retransmission per packet AVG": [
        0.0,
        0.0
    ],
    "Intertime of retransmissions AVG": [
        0.0,
        0.0
    ],
    "Packets delivered": [
        0.4375103643047988,
        0.44569615903759224
    ],
    "Packets lost due to noise": [
        0.09051816624612843,
        0.0937447071379009
    ],
    "Packets collided": [
        -7.229855789392838e-07,
        2.2292620446874985e-06
    ],
    "Destinatary out of range": [
        -6.052567935801265e-06,
        3.9183665012432024e-05
    ],
    "Packets dropped": [
        0.0,
        0.0
    ],
    "Other causes of loss": [
        0.46179789891970435,
        0.4706980669803327
    ],
    "Queue MN Avg": [
        0.3824671238827403,
        0.3825479872243215
    ],
    "Queue MN Var": [
        4.711661425869667e-07,
        5.285377550187145e-07
    ],
    "Queue BR Avg": [
        0.1796613249081518,
        0.18383860363325832
    ],
    "Queue BR Var": [
        0.014783664415819488,
        0.017087411951371128
    ],
    "Upstream Delay Avg": [
        0.7590015426578384,
        0.7600912704198176
    ],
    "Upstream Delay 95th Perc": [
        1.4406971930784178,
        1.4415767507208397
    ],
    "Upstream Delay Var": [
        0.19117767245704456,
        0.19148756391051183
    ],
    "Downstream Delay Avg": [
        0.7649737546461834,
        0.7650983151660382
    ],
    "Downstream Delay 95th Perc": [
        0.7650000056673916,
        0.7650000057625868
    ],
    "Downstream Delay Var": [
        -3.8291476014709586e-05,
        0.00014428678680055102
    ],
    "RTT Avg": [
        1286.5777842246425,
        1289.2143728843303
    ],
    "RTT 95th Perc": [
        2235.4691447261057,
        2246.1108691941226
    ],
    "RTT Var": [
        386891.33174518944,
        391086.5072803535
    ]
}