{
    "Upstream PDR": [
        0.9673176607325112,
        0.9707706509558006
    ],
    "Downstream PDR": [
        0.9148803745599058,
        0.9189745664806687
    ],
    "TicToc PDR": [
        0.8854947345664325,
        0.8916208498491517
    ],
    "Packets retransmitted per node AVG": [
        0.0,
        0.0
    ],
    "Counter of retransmission per packet AVG": [
        0.0,
        0.0
    ],
    "Intertime of retransmissions AVG": [
        0.0,
        0.0
    ],
    "Packets delivered": [
        0.9417908454334871,
        0.9449335827299725
    ],
    "Packets lost due to noise": [
        0.047972099841707874,
        0.050545782793298535
    ],
    "Packets collided": [
        0.0,
        0.0
    ],
    "Destinatary out of range": [
        0.0,
        0.0
    ],
    "Packets dropped": [
        0.0,
        0.0
    ],
    "Other causes of loss": [
        0.0066164725551186715,
        0.008141216646415046
    ],
    "Queue MN Avg": [
        0.307468757961982,
        0.3074982418875662
    ],
    "Queue MN Var": [
        6.435141246015331e-08,
        7.156453739791929e-08
    ],
    "Queue BR Avg": [
        0.4759617395707768,
        0.47765781584266775
    ],
    "Queue BR Var": [
        0.028010292284333965,
        0.035540608789967995
    ],
    "Upstream Delay Avg": [
        0.6089482298845142,
        0.6093544707297657
    ],
    "Upstream Delay 95th Perc": [
        1.155807210828172,
        1.156092303666056
    ],
    "Upstream Delay Var": [
        0.12299044808036896,
        0.12305954218227647
    ],
    "Downstream Delay Avg": [
        0.6150000000004778,
        0.6150000000025435
    ],
    "Downstream Delay 95th Perc": [
        0.6150000012388199,
        0.6150000012667585
    ],
    "Downstream Delay Var": [
        5.737448299909348e-19,
        5.904644583493032e-19
    ],
    "RTT Avg": [
        1298.7432233325806,
        1300.0437069403472
    ],
    "RTT 95th Perc": [
        2287.8541404704706,
        2289.52308201801
    ],
    "RTT Var": [
        403837.11149551504,
        404853.1397410684
    ]
}