{
    "Upstream PDR": [
        0.21330499407058945,
        0.2206423157624347
    ],
    "Downstream PDR": [
        0.7896714118527706,
        0.7975715917949913
    ],
    "TicToc PDR": [
        0.16880155677839562,
        0.17572831335147457
    ],
    "Packets retransmitted per node AVG": [
        0.0,
        0.0
    ],
    "Counter of retransmission per packet AVG": [
        0.0,
        0.0
    ],
    "Intertime of retransmissions AVG": [
        0.0,
        0.0
    ],
    "Packets delivered": [
        0.32286156371928565,
        0.3326799414783723
    ],
    "Packets lost due to noise": [
        0.10314266741338016,
        0.10623548457293053
    ],
    "Packets collided": [
        -2.417037864851386e-06,
        1.3326919879266794e-05
    ],
    "Destinatary out of range": [
        -6.6142423536514276e-06,
        5.796787056844444e-05
    ],
    "Packets dropped": [
        0.0,
        0.0
    ],
    "Other causes of loss": [
        0.562345403004374,
        0.572672676301428
    ],
    "Queue MN Avg": [
        35.74721440348576,
        35.77119622381915
    ],
    "Queue MN Var": [
        0.07819415112126654,
        0.08432095484710347
    ],
    "Queue BR Avg": [
        0.567438873969207,
        0.5869097682464136
    ],
    "Queue BR Var": [
        0.09147529248140703,
        0.12016294817729266
    ],
    "Upstream Delay Avg": [
        71.50227808358993,
        71.61388709586537
    ],
    "Upstream Delay 95th Perc": [
        127.61421751857208,
        127.96640806009475
    ],
    "Upstream Delay Var": [
        1185.471477521986,
        1192.8306820297416
    ],
    "Downstream Delay Avg": [
        1.0649709262945604,
        1.0651378311393005
    ],
    "Downstream Delay 95th Perc": [
        1.0650000060360665,
        1.0650000061963476
    ],
    "Downstream Delay Var": [
        -5.877475973832819e-05,
        0.0002823171790009845
    ],
    "RTT Avg": [
        1295.0718670816486,
        1302.6342106681846
    ],
    "RTT 95th Perc": [
        2262.672968746823,
        2277.1614198743187
    ],
    "RTT Var": [
        393080.5004875676,
        398091.7794967006
    ]
}