{
    "Upstream PDR": [
        0.9686542460316061,
        0.9716366630593032
    ],
    "Downstream PDR": [
        0.9132008337461203,
        0.9194169837689449
    ],
    "TicToc PDR": [
        0.8849541872461745,
        0.8930042543122673
    ],
    "Packets retransmitted per node AVG": [
        0.0,
        0.0
    ],
    "Counter of retransmission per packet AVG": [
        0.0,
        0.0
    ],
    "Intertime of retransmissions AVG": [
        0.0,
        0.0
    ],
    "Packets delivered": [
        0.9416594686142586,
        0.9457740543345637
    ],
    "Packets lost due to noise": [
        0.047409242626461116,
        0.05089872966231373
    ],
    "Packets collided": [
        0.0,
        0.0
    ],
    "Destinatary out of range": [
        0.0,
        0.0
    ],
    "Packets dropped": [
        0.0,
        0.0
    ],
    "Other causes of loss": [
        0.006786024883924853,
        0.007472479878477847
    ],
    "Queue MN Avg": [
        0.15748708701597997,
        0.15750727334782455
    ],
    "Queue MN Var": [
        2.016986796767e-08,
        2.4157765016580824e-08
    ],
    "Queue BR Avg": [
        0.12205729688623679,
        0.12243301443325835
    ],
    "Queue BR Var": [
        0.002958574699675196,
        0.004052515636649023
    ],
    "Upstream Delay Avg": [
        0.3090581473238425,
        0.3092904700758067
    ],
    "Upstream Delay 95th Perc": [
        0.5857117475402289,
        0.5859864995289712
    ],
    "Upstream Delay Var": [
        0.031505055185083,
        0.03152430379401334
    ],
    "Downstream Delay Avg": [
        0.3150000000077228,
        0.31500000001182776
    ],
    "Downstream Delay 95th Perc": [
        0.315000003064222,
        0.3150000031144892
    ],
    "Downstream Delay Var": [
        3.3618704740274572e-18,
        3.546981559692061e-18
    ],
    "RTT Avg": [
        1299.4344198185966,
        1300.4019934957971
    ],
    "RTT 95th Perc": [
        2288.9646032201968,
        2290.081519267151
    ],
    "RTT Var": [
        403351.02250440075,
        403921.91622890014
    ]
}