{
    "Upstream PDR": [
        0.18165045527619947,
        0.18612242504213536
    ],
    "Downstream PDR": [
        0.841763897990629,
        0.8462680406761107
    ],
    "TicToc PDR": [
        0.1531375591424181,
        0.15729892693043157
    ],
    "Packets retransmitted per node AVG": [
        0.0,
        0.0
    ],
    "Counter of retransmission per packet AVG": [
        0.0,
        0.0
    ],
    "Intertime of retransmissions AVG": [
        0.0,
        0.0
    ],
    "Packets delivered": [
        0.409910574606392,
        0.417148906907147
    ],
    "Packets lost due to noise": [
        0.0920337912969089,
        0.094141590747175
    ],
    "Packets collided": [
        0.0,
        0.0
    ],
    "Destinatary out of range": [
        -3.0196535394038877e-05,
        9.310834433759384e-05
    ],
    "Packets dropped": [
        0.0,
        0.0
    ],
    "Other causes of loss": [
        0.4895530672260868,
        0.4971491574073468
    ],
    "Queue MN Avg": [
        171.32774101152947,
        171.34487696316089
    ],
    "Queue MN Var": [
        0.08473488424495981,
        0.09044429102355062
    ],
    "Queue BR Avg": [
        0.33831263992137584,
        0.34654734760881345
    ],
    "Queue BR Var": [
        0.044919420811312824,
        0.05395413621469637
    ],
    "Upstream Delay Avg": [
        370.76956344543663,
        372.12668359615947
    ],
    "Upstream Delay 95th Perc": [
        582.3274275135093,
        589.4317693339926
    ],
    "Upstream Delay Var": [
        19428.657789007062,
        20337.58121989652
    ],
    "Downstream Delay Avg": [
        1.3641769017048475,
        1.3675379508061483
    ],
    "Downstream Delay 95th Perc": [
        1.3632251965226356,
        1.3704724586614836
    ],
    "Downstream Delay Var": [
        -0.001640351949023062,
        0.005057880055161345
    ],
    "RTT Avg": [
        1427.6605744219507,
        1434.320178721882
    ],
    "RTT 95th Perc": [
        1907.4116725430893,
        1928.6769220824924
    ],
    "RTT Var": [
        213716.54166660467,
        228426.21197519221
    ]
}