{
    "Upstream PDR": [
        0.3303396466418886,
        0.33760840530616326
    ],
    "Downstream PDR": [
        0.828378003370779,
        0.8370033704433615
    ],
    "TicToc PDR": [
        0.2742715655611497,
        0.2820470491574651
    ],
    "Packets retransmitted per node AVG": [
        0.0,
        0.0
    ],
    "Counter of retransmission per packet AVG": [
        0.0,
        0.0
    ],
    "Intertime of retransmissions AVG": [
        0.0,
        0.0
    ],
    "Packets delivered": [
        0.4614227698939391,
        0.46997531202222337
    ],
    "Packets lost due to noise": [
        0.10391697481951898,
        0.10907806874428605
    ],
    "Packets collided": [
        0.0,
        0.0
    ],
    "Destinatary out of range": [
        0.0,
        0.0
    ],
    "Packets dropped": [
        0.0,
        0.0
    ],
    "Other causes of loss": [
        0.4236330132875128,
        0.4319738612325198
    ],
    "Queue MN Avg": [
        0.2324832628043281,
        0.2325058507822408
    ],
    "Queue MN Var": [
        3.112562700858488e-08,
        3.639729782985205e-08
    ],
    "Queue BR Avg": [
        0.1001565039054429,
        0.10236255892816531
    ],
    "Queue BR Var": [
        0.0041295743147287635,
        0.005101350605024923
    ],
    "Upstream Delay Avg": [
        0.45877608081528154,
        0.4595066576339516
    ],
    "Upstream Delay 95th Perc": [
        0.870273769958037,
        0.8709043221787061
    ],
    "Upstream Delay Var": [
        0.06962353165395718,
        0.06977300173137829
    ],
    "Downstream Delay Avg": [
        0.46499999999697456,
        0.4650000000150049
    ],
    "Downstream Delay 95th Perc": [
        0.465000007283723,
        0.4650000074005987
    ],
    "Downstream Delay Var": [
        3.207352518688033e-17,
        3.3725476624170054e-17
    ],
    "RTT Avg": [
        1296.2288370715728,
        1298.6099490793617
    ],
    "RTT 95th Perc": [
        2261.738378163734,
        2263.614172897795
    ],
    "RTT Var": [
        386723.2181971761,
        388474.13085232186
    ]
}