{
    "Upstream PDR": [
        0.9656929319112368,
        0.9699754663571609
    ],
    "Downstream PDR": [
        0.9094573896338647,
        0.9124368145019455
    ],
    "TicToc PDR": [
        0.8787205905950171,
        0.8845988899244634
    ],
    "Packets retransmitted per node AVG": [
        0.0,
        0.0
    ],
    "Counter of retransmission per packet AVG": [
        0.0,
        0.0
    ],
    "Intertime of retransmissions AVG": [
        0.0,
        0.0
    ],
    "Packets delivered": [
        0.9383239356604696,
        0.9414607619623234
    ],
    "Packets lost due to noise": [
        0.050360452759561636,
        0.05226582740043362
    ],
    "Packets collided": [
        -1.6391008044555098e-06,
        6.6390209047850385e-06
    ],
    "Destinatary out of range": [
        -2.425938666259209e-07,
        2.745618242227051e-06
    ],
    "Packets dropped": [
        0.0,
        0.0
    ],
    "Other causes of loss": [
        0.00783759928416593,
        0.00974391998857005
    ],
    "Queue MN Avg": [
        0.457486732308837,
        0.4575112254733667
    ],
    "Queue MN Var": [
        1.1632832614874252e-07,
        1.3032010579829356e-07
    ],
    "Queue BR Avg": [
        1.0604682169714479,
        1.0651448475043994
    ],
    "Queue BR Var": [
        0.08917268852934705,
        0.11658365423324525
    ],
    "Upstream Delay Avg": [
        0.9082493054879096,
        0.9091705463757295
    ],
    "Upstream Delay 95th Perc": [
        1.7256171664407678,
        1.7259284686712892
    ],
    "Upstream Delay Var": [
        0.2744725280070519,
        0.27458016373545313
    ],
    "Downstream Delay Avg": [
        0.9149946157142739,
        0.9150453576631941
    ],
    "Downstream Delay 95th Perc": [
        0.9150000157208135,
        0.9150000158826835
    ],
    "Downstream Delay Var": [
        -9.658522119110623e-06,
        8.158151439302903e-05
    ],
    "RTT Avg": [
        1299.627784243853,
        1300.142300672001
    ],
    "RTT 95th Perc": [
        2289.5206919970697,
        2289.923359059527
    ],
    "RTT Var": [
        403508.7928895956,
        403826.4138257789
    ]
}