{
    "Upstream PDR": [
        0.3303235262853911,
        0.3395864304245658
    ],
    "Downstream PDR": [
        0.0,
        0.0
    ],
    "TicToc PDR": [
        0.0,
        0.0
    ],
    "Packets retransmitted per node AVG": [
        0.0,
        0.0
    ],
    "Counter of retransmission per packet AVG": [
        0.0,
        0.0
    ],
    "Intertime of retransmissions AVG": [
        0.0,
        0.0
    ],
    "Packets delivered": [
        0.33701999361195384,
        0.3459930131541475
    ],
    "Packets lost due to noise": [
        0.10128356978500984,
        0.10607429713006013
    ],
    "Packets collided": [
        0.0,
        0.0
    ],
    "Destinatary out of range": [
        0.0,
        0.0
    ],
    "Packets dropped": [
        0.0,
        0.0
    ],
    "Other causes of loss": [
        0.5501448496823451,
        0.5594842766364836
    ],
    "Queue MN Avg": [
        0.14999210975437788,
        0.15000907206901382
    ],
    "Queue MN Var": [
        1.4550985101343124e-08,
        1.641548132308527e-08
    ],
    "Queue BR Avg": [
        0.0,
        0.0
    ],
    "Queue BR Var": [
        0.0,
        0.0
    ],
    "Upstream Delay Avg": [
        0.29419974447492936,
        0.2945635468115049
    ],
    "Upstream Delay 95th Perc": [
        0.5573951070060839,
        0.5578652255056302
    ],
    "Upstream Delay Var": [
        0.028474695861627687,
        0.028521220183661537
    ],
    "Downstream Delay Avg": [
        0.0,
        0.0
    ],
    "Downstream Delay 95th Perc": [
        0.0,
        0.0
    ],
    "Downstream Delay Var": [
        0.0,
        0.0
    ],
    "RTT Avg": [
        0.0,
        0.0
    ],
    "RTT 95th Perc": [
        0.0,
        0.0
    ],
    "RTT Var": [
        0.0,
        0.0
    ]
}