{
    "Upstream PDR": [
        0.5933889130228878,
        0.5969529051589304
    ],
    "Downstream PDR": [
        0.8504178466688789,
        0.856352428161283
    ],
    "TicToc PDR": [
        0.5048691814291708,
        0.5110212081812189
    ],
    "Packets retransmitted per node AVG": [
        0.0,
        0.0
    ],
    "Counter of retransmission per packet AVG": [
        0.0,
        0.0
    ],
    "Intertime of retransmissions AVG": [
        0.0,
        0.0
    ],
    "Packets delivered": [
        0.8735802578084215,
        0.8788294883987846
    ],
    "Packets lost due to noise": [
        0.10055461240210035,
        0.10471286744470094
    ],
    "Packets collided": [
        0.0,
        0.0
    ],
    "Destinatary out of range": [
        0.0,
        0.0
    ],
    "Packets dropped": [
        0.0,
        0.0
    ],
    "Other causes of loss": [
        0.02024260809597581,
        0.022080165850016497
    ],
    "Queue MN Avg": [
        218.89186141462648,
        218.90912733140374
    ],
    "Queue MN Var": [
        0.08318183922198714,
        0.08909751879107107
    ],
    "Queue BR Avg": [
        2.3644175436447106,
        2.3785988480583753
    ],
    "Queue BR Var": [
        0.29760569792804975,
        0.39961064394786566
    ],
    "Upstream Delay Avg": [
        437.77693343659934,
        437.9566583884321
    ],
    "Upstream Delay 95th Perc": [
        771.411313010921,
        771.5379694291241
    ],
    "Upstream Delay Var": [
        45777.241171848866,
        45814.26722839448
    ],
    "Downstream Delay Avg": [
        1.5150000000724961,
        1.5150000000905817
    ],
    "Downstream Delay 95th Perc": [
        1.5150000094048406,
        1.5150000095680887
    ],
    "Downstream Delay Var": [
        4.9288148851736645e-17,
        5.197700272052064e-17
    ],
    "RTT Avg": [
        1299.3207158493615,
        1300.1294941745364
    ],
    "RTT 95th Perc": [
        2289.1422088211852,
        2289.958436542825
    ],
    "RTT Var": [
        404134.8813336158,
        404641.7819516365
    ]
}