{
    "Upstream PDR": [
        0.8894612913967839,
        0.8956529943175018
    ],
    "Downstream PDR": [
        0.8436707754275807,
        0.85233199891973
    ],
    "TicToc PDR": [
        0.7508011280023654,
        0.7631703005690631
    ],
    "Packets retransmitted per node AVG": [
        0.0,
        0.0
    ],
    "Counter of retransmission per packet AVG": [
        0.0,
        0.0
    ],
    "Intertime of retransmissions AVG": [
        0.0,
        0.0
    ],
    "Packets delivered": [
        0.8679201542896882,
        0.8747661762292629
    ],
    "Packets lost due to noise": [
        0.1042829723492814,
        0.11009413471627218
    ],
    "Packets collided": [
        0.0,
        0.0
    ],
    "Destinatary out of range": [
        0.0,
        0.0
    ],
    "Packets dropped": [
        0.0,
        0.0
    ],
    "Other causes of loss": [
        0.020632110230901616,
        0.022304452184593423
    ],
    "Queue MN Avg": [
        0.307468757961982,
        0.3074982418875662
    ],
    "Queue MN Var": [
        6.435141246015331e-08,
        7.156453739791929e-08
    ],
    "Queue BR Avg": [
        0.5758551858788129,
        0.5798666429320759
    ],
    "Queue BR Var": [
        0.031230244775878144,
        0.041378568975300525
    ],
    "Upstream Delay Avg": [
        0.6090314800126672,
        0.6095747120829315
    ],
    "Upstream Delay 95th Perc": [
        1.1558360944672759,
        1.1562128277644381
    ],
    "Upstream Delay Var": [
        0.12295156118911374,
        0.12306175781045126
    ],
    "Downstream Delay Avg": [
        0.6150000000763357,
        0.6150000000913157
    ],
    "Downstream Delay 95th Perc": [
        0.6150000121118316,
        0.6150000124026297
    ],
    "Downstream Delay Var": [
        5.551335410118761e-17,
        5.739117393685678e-17
    ],
    "RTT Avg": [
        1299.7400011811592,
        1300.438034455231
    ],
    "RTT 95th Perc": [
        2289.9445897724313,
        2291.0151470252545
    ],
    "RTT Var": [
        403690.14686185564,
        404362.6843321151
    ]
}