{
    "Upstream PDR": [
        0.18293460326595357,
        0.1893303317989815
    ],
    "Downstream PDR": [
        0.7867649618194384,
        0.794384875789032
    ],
    "TicToc PDR": [
        0.1442061428213315,
        0.15023411691892832
    ],
    "Packets retransmitted per node AVG": [
        0.0,
        0.0
    ],
    "Counter of retransmission per packet AVG": [
        0.0,
        0.0
    ],
    "Intertime of retransmissions AVG": [
        0.0,
        0.0
    ],
    "Packets delivered": [
        0.3164551065893048,
        0.3262734082341107
    ],
    "Packets lost due to noise": [
        0.10381440882267753,
        0.10687575811153166
    ],
    "Packets collided": [
        0.0,
        0.0
    ],
    "Destinatary out of range": [
        -1.1967578205590031e-05,
        5.4438766984474314e-05
    ],
    "Packets dropped": [
        0.0,
        0.0
    ],
    "Other causes of loss": [
        0.5679326797594662,
        0.5786061672941303
    ],
    "Queue MN Avg": [
        111.93155921880259,
        111.9532565044095
    ],
    "Queue MN Var": [
        0.08659461756104915,
        0.09210420331404885
    ],
    "Queue BR Avg": [
        0.634429173214247,
        0.6565888193537638
    ],
    "Queue BR Var": [
        0.10026759359193013,
        0.1302749535178335
    ],
    "Upstream Delay Avg": [
        223.77376027877256,
        224.1730115863557
    ],
    "Upstream Delay 95th Perc": [
        401.91828772371923,
        402.58207413635205
    ],
    "Upstream Delay Var": [
        11850.75935966956,
        11941.748954131132
    ],
    "Downstream Delay Avg": [
        1.2149537816141056,
        1.215142510198173
    ],
    "Downstream Delay 95th Perc": [
        1.2150000074909881,
        1.2150000078333019
    ],
    "Downstream Delay Var": [
        -0.00010718221601203731,
        0.0003304868768914795
    ],
    "RTT Avg": [
        1297.3618777423515,
        1303.50151291607
    ],
    "RTT 95th Perc": [
        2265.3248738955317,
        2277.578942174423
    ],
    "RTT Var": [
        392970.4062171971,
        397218.3024689292
    ]
}