{
    "Upstream PDR": [
        0.24195251650792704,
        0.2529513795959691
    ],
    "Downstream PDR": [
        0.786763146732419,
        0.7972596877734053
    ],
    "TicToc PDR": [
        0.19087435379880688,
        0.2014126591882062
    ],
    "Packets retransmitted per node AVG": [
        0.0,
        0.0
    ],
    "Counter of retransmission per packet AVG": [
        0.0,
        0.0
    ],
    "Intertime of retransmissions AVG": [
        0.0,
        0.0
    ],
    "Packets delivered": [
        0.35172913504784287,
        0.36579935470674463
    ],
    "Packets lost due to noise": [
        0.10989423503895573,
        0.11469586269285487
    ],
    "Packets collided": [
        0.0,
        0.0
    ],
    "Destinatary out of range": [
        0.0,
        0.0
    ],
    "Packets dropped": [
        0.0,
        0.0
    ],
    "Other causes of loss": [
        0.5215921294992232,
        0.5362892830143784
    ],
    "Queue MN Avg": [
        0.307468757961982,
        0.3074982418875662
    ],
    "Queue MN Var": [
        6.435141246015331e-08,
        7.156453739791929e-08
    ],
    "Queue BR Avg": [
        0.21258038744424,
        0.22224476157523612
    ],
    "Queue BR Var": [
        0.01640792462086186,
        0.022395838771496042
    ],
    "Upstream Delay Avg": [
        0.6079821873378417,
        0.609917910338198
    ],
    "Upstream Delay 95th Perc": [
        1.1548828011229546,
        1.1566877880666453
    ],
    "Upstream Delay Var": [
        0.12292180214158134,
        0.12327561491817605
    ],
    "Downstream Delay Avg": [
        0.6149999999598456,
        0.6150000000148143
    ],
    "Downstream Delay 95th Perc": [
        0.6150000105960419,
        0.6150000111048967
    ],
    "Downstream Delay Var": [
        5.1076845588864485e-17,
        5.436223992461406e-17
    ],
    "RTT Avg": [
        1294.6908811374453,
        1302.7869764358663
    ],
    "RTT 95th Perc": [
        2250.9816921494057,
        2260.427229794708
    ],
    "RTT Var": [
        387743.939207973,
        393580.57026691147
    ]
}