{
    "Upstream PDR": [
        0.7113223669191882,
        0.7141737369769159
    ],
    "Downstream PDR": [
        0.9044262290058694,
        0.9068612040671361
    ],
    "TicToc PDR": [
        0.6436387896114367,
        0.6473672709946238
    ],
    "Packets retransmitted per node AVG": [
        0.0,
        0.0
    ],
    "Counter of retransmission per packet AVG": [
        0.0,
        0.0
    ],
    "Intertime of retransmissions AVG": [
        0.0,
        0.0
    ],
    "Packets delivered": [
        0.9359466341893927,
        0.9386520423849534
    ],
    "Packets lost due to noise": [
        0.052000842940326274,
        0.05363991033785984
    ],
    "Packets collided": [
        -9.040358092036698e-07,
        2.7875144058237675e-06
    ],
    "Destinatary out of range": [
        -3.616143236814671e-07,
        1.1150057623295063e-06
    ],
    "Packets dropped": [
        0.0,
        0.0
    ],
    "Other causes of loss": [
        0.009026208348761817,
        0.010731724928670546
    ],
    "Queue MN Avg": [
        171.32876992639635,
        171.34605466477828
    ],
    "Queue MN Var": [
        0.08496281390328937,
        0.09064265213973034
    ],
    "Queue BR Avg": [
        1.7473086989054163,
        1.7542640485043226
    ],
    "Queue BR Var": [
        0.16676758695160035,
        0.2113012644595976
    ],
    "Upstream Delay Avg": [
        342.6905778336137,
        342.7667464783366
    ],
    "Upstream Delay 95th Perc": [
        603.5102750652339,
        603.5845071243335
    ],
    "Upstream Delay Var": [
        27990.22000244376,
        28000.70608445029
    ],
    "Downstream Delay Avg": [
        1.3649715107540812,
        1.3650878472251884
    ],
    "Downstream Delay 95th Perc": [
        1.3650000234882118,
        1.3650000237176265
    ],
    "Downstream Delay Var": [
        -7.479427322693803e-05,
        0.00023062152181539452
    ],
    "RTT Avg": [
        1299.594908890457,
        1300.1217304692384
    ],
    "RTT 95th Perc": [
        2288.977390881518,
        2289.4940649407185
    ],
    "RTT Var": [
        403419.62210863427,
        403730.61850349634
    ]
}