{
    "Upstream PDR": [
        0.20522846155527982,
        0.21389015316333485
    ],
    "Downstream PDR": [
        0.7837327389969105,
        0.793866221163951
    ],
    "TicToc PDR": [
        0.16132136698298358,
        0.16951499665338007
    ],
    "Packets retransmitted per node AVG": [
        0.0,
        0.0
    ],
    "Counter of retransmission per packet AVG": [
        0.0,
        0.0
    ],
    "Intertime of retransmissions AVG": [
        0.0,
        0.0
    ],
    "Packets delivered": [
        0.33043096998864646,
        0.34231203154125905
    ],
    "Packets lost due to noise": [
        0.1059801667779131,
        0.1097307803677265
    ],
    "Packets collided": [
        -5.378631903266986e-06,
        1.6584535436916832e-05
    ],
    "Destinatary out of range": [
        -3.0167663838896313e-06,
        5.919787502324368e-05
    ],
    "Packets dropped": [
        0.0,
        0.0
    ],
    "Other causes of loss": [
        0.5496447638608986,
        0.5618339004513835
    ],
    "Queue MN Avg": [
        0.457486732308837,
        0.4575112254733667
    ],
    "Queue MN Var": [
        1.1632832614874252e-07,
        1.3032010579829356e-07
    ],
    "Queue BR Avg": [
        0.4024314383127964,
        0.4194142825071656
    ],
    "Queue BR Var": [
        0.061129077919489044,
        0.08007033032981756
    ],
    "Upstream Delay Avg": [
        0.9085417471099089,
        0.9097946158606547
    ],
    "Upstream Delay 95th Perc": [
        1.7256886311962398,
        1.7266095069277034
    ],
    "Upstream Delay Var": [
        0.27426984692685075,
        0.2748653733678358
    ],
    "Downstream Delay Avg": [
        0.9149999999916962,
        0.915000000025898
    ],
    "Downstream Delay 95th Perc": [
        0.9150000013002247,
        0.915000001543593
    ],
    "Downstream Delay Var": [
        -1.862207804158011e-19,
        5.020151763576502e-18
    ],
    "RTT Avg": [
        1403.9647127648655,
        1415.3127572604267
    ],
    "RTT 95th Perc": [
        1927.4442282633604,
        1951.2370047329828
    ],
    "RTT Var": [
        233217.68596837163,
        251202.76308628242
    ]
}