{
    "Upstream PDR": [
        0.8227048076455648,
        0.8253490884583308
    ],
    "Downstream PDR": [
        0.9746464006479885,
        0.9756373951364021
    ],
    "TicToc PDR": [
        0.8021498959511827,
        0.8049377663864797
    ],
    "Packets retransmitted per node AVG": [
        0.0,
        0.0
    ],
    "Counter of retransmission per packet AVG": [
        0.0,
        0.0
    ],
    "Intertime of retransmissions AVG": [
        0.0,
        0.0
    ],
    "Packets delivered": [
        0.9840770459921354,
        0.9858633665289273
    ],
    "Packets lost due to noise": [
        0.012569325662687304,
        0.013087585189779587
    ],
    "Packets collided": [
        -2.2270210709607382e-06,
        1.2269179662474578e-05
    ],
    "Destinatary out of range": [
        0.0,
        0.0
    ],
    "Packets dropped": [
        0.0,
        0.0
    ],
    "Other causes of loss": [
        0.0013985613145617417,
        0.0029940731533172104
    ],
    "Queue MN Avg": [
        111.93155921880259,
        111.9532565044095
    ],
    "Queue MN Var": [
        0.08659461756104915,
        0.09210420331404885
    ],
    "Queue BR Avg": [
        1.0529625650762435,
        1.05590165498423
    ],
    "Queue BR Var": [
        0.10816511604528732,
        0.1361925561685771
    ],
    "Upstream Delay Avg": [
        223.8744884587248,
        223.92633669589387
    ],
    "Upstream Delay 95th Perc": [
        393.9894969854823,
        394.0399063897766
    ],
    "Upstream Delay Var": [
        11907.76937266608,
        11909.5112182372
    ],
    "Downstream Delay Avg": [
        1.2147704406559252,
        1.2163735443140729
    ],
    "Downstream Delay 95th Perc": [
        1.2143697377562455,
        1.2190802669331693
    ],
    "Downstream Delay Var": [
        -0.00033803557086158043,
        0.0021405650714990346
    ],
    "RTT Avg": [
        1299.7953801732508,
        1300.1312305749868
    ],
    "RTT 95th Perc": [
        2289.3128662129297,
        2289.896552673114
    ],
    "RTT Var": [
        403174.054281355,
        403613.1989732884
    ]
}