{
    "Upstream PDR": [
        0.3707134439321721,
        0.38056447814575
    ],
    "Downstream PDR": [
        0.8620796798975401,
        0.8699582153797352
    ],
    "TicToc PDR": [
        0.3202263054145634,
        0.3305702313819732
    ],
    "Packets retransmitted per node AVG": [
        0.0,
        0.0
    ],
    "Counter of retransmission per packet AVG": [
        0.0,
        0.0
    ],
    "Intertime of retransmissions AVG": [
        0.0,
        0.0
    ],
    "Packets delivered": [
        0.5116720202719185,
        0.5225598709309982
    ],
    "Packets lost due to noise": [
        0.09386054059582549,
        0.09859467101323799
    ],
    "Packets collided": [
        0.0,
        0.0
    ],
    "Destinatary out of range": [
        0.0,
        0.0
    ],
    "Packets dropped": [
        0.0,
        0.0
    ],
    "Other causes of loss": [
        0.38154309464932346,
        0.3917698025386961
    ],
    "Queue MN Avg": [
        0.2324832628043281,
        0.2325058507822408
    ],
    "Queue MN Var": [
        3.112562700858488e-08,
        3.639729782985205e-08
    ],
    "Queue BR Avg": [
        0.07834281015382165,
        0.08042356676531733
    ],
    "Queue BR Var": [
        0.0029156667158248334,
        0.0034646020665888375
    ],
    "Upstream Delay Avg": [
        0.4588389557127624,
        0.45945566756029993
    ],
    "Upstream Delay 95th Perc": [
        0.8705874284319574,
        0.8710039883622142
    ],
    "Upstream Delay Var": [
        0.06976584755593969,
        0.06989198905869336
    ],
    "Downstream Delay Avg": [
        0.4650000000356666,
        0.465000000055288
    ],
    "Downstream Delay 95th Perc": [
        0.46500000756290083,
        0.4650000076586669
    ],
    "Downstream Delay Var": [
        3.418298005971706e-17,
        3.57898000508176e-17
    ],
    "RTT Avg": [
        1295.9036580270056,
        1298.1982297481275
    ],
    "RTT 95th Perc": [
        2262.680557746744,
        2263.7281647219806
    ],
    "RTT Var": [
        386388.8326202245,
        388002.0297439382
    ]
}