{
    "Upstream PDR": [
        0.9942794525086166,
        0.9972987293095651
    ],
    "Downstream PDR": [
        0.9742866202059002,
        0.9759178995092612
    ],
    "TicToc PDR": [
        0.9693037065242023,
        0.9726890207485255
    ],
    "Packets retransmitted per node AVG": [
        0.0,
        0.0
    ],
    "Counter of retransmission per packet AVG": [
        0.0,
        0.0
    ],
    "Intertime of retransmissions AVG": [
        0.0,
        0.0
    ],
    "Packets delivered": [
        0.9844629941003973,
        0.9862432546315882
    ],
    "Packets lost due to noise": [
        0.012548078216020081,
        0.013445406560919578
    ],
    "Packets collided": [
        -2.3736925273851643e-07,
        7.319070824097971e-07
    ],
    "Destinatary out of range": [
        0.0,
        0.0
    ],
    "Packets dropped": [
        0.0,
        0.0
    ],
    "Other causes of loss": [
        0.0008599197559220968,
        0.002439852197322911
    ],
    "Queue MN Avg": [
        0.3824671238827403,
        0.3825479872243215
    ],
    "Queue MN Var": [
        4.711661425869667e-07,
        5.285377550187145e-07
    ],
    "Queue BR Avg": [
        0.5005374710807028,
        0.5020060503918277
    ],
    "Queue BR Var": [
        0.03286917090293623,
        0.04123039329437912
    ],
    "Upstream Delay Avg": [
        0.7591531221701683,
        0.7594132544045319
    ],
    "Upstream Delay 95th Perc": [
        1.4408371591305915,
        1.4411319748380378
    ],
    "Upstream Delay Var": [
        0.19126244609736714,
        0.19129719455850602
    ],
    "Downstream Delay Avg": [
        0.7649891761695455,
        0.7650682956375932
    ],
    "Downstream Delay 95th Perc": [
        0.7650000060155567,
        0.7650000060953598
    ],
    "Downstream Delay Var": [
        -1.6120903609118514e-05,
        0.00010180175140153927
    ],
    "RTT Avg": [
        1299.1269577585656,
        1299.7966376682282
    ],
    "RTT 95th Perc": [
        2289.6892123745743,
        2290.0783843687364
    ],
    "RTT Var": [
        403776.87291392934,
        403974.2464467311
    ]
}