{
    "Upstream PDR": [
        0.2534124350297526,
        0.25887698983110113
    ],
    "Downstream PDR": [
        0.8170524945982831,
        0.8241794972110525
    ],
    "TicToc PDR": [
        0.20738162072999936,
        0.21311040153345148
    ],
    "Packets retransmitted per node AVG": [
        0.0,
        0.0
    ],
    "Counter of retransmission per packet AVG": [
        0.0,
        0.0
    ],
    "Intertime of retransmissions AVG": [
        0.0,
        0.0
    ],
    "Packets delivered": [
        0.3902833449080233,
        0.39781902456334395
    ],
    "Packets lost due to noise": [
        0.10015252785936762,
        0.10319063659309408
    ],
    "Packets collided": [
        -1.082744533932465e-05,
        3.578223560585386e-05
    ],
    "Destinatary out of range": [
        -4.133963976366283e-06,
        8.266349496897782e-05
    ],
    "Packets dropped": [
        0.0,
        0.0
    ],
    "Other causes of loss": [
        0.5008075525112787,
        0.5076434292436331
    ],
    "Queue MN Avg": [
        35.74721440348576,
        35.77119622381915
    ],
    "Queue MN Var": [
        0.07819415112126654,
        0.08432095484710347
    ],
    "Queue BR Avg": [
        0.41054532134554544,
        0.4193929005643432
    ],
    "Queue BR Var": [
        0.05101398110379908,
        0.06322225277983033
    ],
    "Upstream Delay Avg": [
        71.27275194166538,
        71.34462581965656
    ],
    "Upstream Delay 95th Perc": [
        123.69495478619069,
        123.75945067458588
    ],
    "Upstream Delay Var": [
        1143.611590740701,
        1146.6838782628029
    ],
    "Downstream Delay Avg": [
        1.0649867256359795,
        1.065077719549007
    ],
    "Downstream Delay 95th Perc": [
        1.065000016036918,
        1.0650000164117852
    ],
    "Downstream Delay Var": [
        -2.751426978141389e-05,
        0.00016178297544320051
    ],
    "RTT Avg": [
        1294.7113012792613,
        1296.6275541217076
    ],
    "RTT 95th Perc": [
        2257.930196531966,
        2259.115293309083
    ],
    "RTT Var": [
        384767.7452698282,
        386128.7574655271
    ]
}