{
    "Upstream PDR": [
        0.16211691541063325,
        0.16722218992847207
    ],
    "Downstream PDR": [
        0.7862502836514519,
        0.7925062666960515
    ],
    "TicToc PDR": [
        0.12766180146987896,
        0.13239707298899553
    ],
    "Packets retransmitted per node AVG": [
        0.0,
        0.0
    ],
    "Counter of retransmission per packet AVG": [
        0.0,
        0.0
    ],
    "Intertime of retransmissions AVG": [
        0.0,
        0.0
    ],
    "Packets delivered": [
        0.32504893662273426,
        0.3340658637394198
    ],
    "Packets lost due to noise": [
        0.1040767423404477,
        0.10652601836206832
    ],
    "Packets collided": [
        0.0,
        0.0
    ],
    "Destinatary out of range": [
        -1.8992747945340906e-05,
        5.85624573328048e-05
    ],
    "Packets dropped": [
        0.0,
        0.0
    ],
    "Other causes of loss": [
        0.5604160814075079,
        0.5698267878184344
    ],
    "Queue MN Avg": [
        171.32876992639635,
        171.34605466477828
    ],
    "Queue MN Var": [
        0.08496281390328937,
        0.09064265213973034
    ],
    "Queue BR Avg": [
        0.7107318503149465,
        0.7331375327650278
    ],
    "Queue BR Var": [
        0.12449706577035681,
        0.15820035028741528
    ],
    "Upstream Delay Avg": [
        342.2151938322421,
        342.60045487103423
    ],
    "Upstream Delay 95th Perc": [
        595.6692977169458,
        595.9033331988804
    ],
    "Upstream Delay Var": [
        27199.36837534295,
        27266.61871056683
    ],
    "Downstream Delay Avg": [
        1.3649999999679767,
        1.3650000001969678
    ],
    "Downstream Delay 95th Perc": [
        1.3650000199498444,
        1.3650000204218833
    ],
    "Downstream Delay Var": [
        2.3126052309060403e-16,
        2.4134232608552553e-16
    ],
    "RTT Avg": [
        1292.3471735753956,
        1298.1940621647423
    ],
    "RTT 95th Perc": [
        2240.6114977687307,
        2250.1146484168116
    ],
    "RTT Var": [
        385994.0378451307,
        390439.21041023213
    ]
}