{
    "Upstream PDR": [
        0.91420503110059,
        0.9181793844838253
    ],
    "Downstream PDR": [
        0.9146704745690996,
        0.9178691544225402
    ],
    "TicToc PDR": [
        0.8366069368697894,
        0.8423823024623068
    ],
    "Packets retransmitted per node AVG": [
        0.0,
        0.0
    ],
    "Counter of retransmission per packet AVG": [
        0.0,
        0.0
    ],
    "Intertime of retransmissions AVG": [
        0.0,
        0.0
    ],
    "Packets delivered": [
        0.9412473086802337,
        0.9445694306784854
    ],
    "Packets lost due to noise": [
        0.04807154306886411,
        0.049969514950487855
    ],
    "Packets collided": [
        -9.114496200862359e-07,
        1.0355692726155909e-05
    ],
    "Destinatary out of range": [
        -4.0490912956314055e-07,
        1.917308050624826e-06
    ],
    "Packets dropped": [
        0.0,
        0.0
    ],
    "Other causes of loss": [
        0.007121274009708729,
        0.009009971970193523
    ],
    "Queue MN Avg": [
        35.74721440348576,
        35.77119622381915
    ],
    "Queue MN Var": [
        0.07819415112126654,
        0.08432095484710347
    ],
    "Queue BR Avg": [
        1.3647510725043939,
        1.3694152256551104
    ],
    "Queue BR Var": [
        0.14598360032079266,
        0.186824477723614
    ],
    "Upstream Delay Avg": [
        71.46426866363974,
        71.51557829005596
    ],
    "Upstream Delay 95th Perc": [
        125.31040911663496,
        125.36414209546561
    ],
    "Upstream Delay Var": [
        1194.217160694345,
        1194.9495942304063
    ],
    "Downstream Delay Avg": [
        1.0647324181334505,
        1.0684317322879082
    ],
    "Downstream Delay 95th Perc": [
        1.0639968553900954,
        1.076362331778199
    ],
    "Downstream Delay Var": [
        -0.0003925908324683941,
        0.005089033728955668
    ],
    "RTT Avg": [
        1299.1248036632728,
        1300.0171620225851
    ],
    "RTT 95th Perc": [
        2287.839721337541,
        2289.0231480868597
    ],
    "RTT Var": [
        404185.5559227862,
        405057.2378933946
    ]
}