{
    "Upstream PDR": [
        0.5329077424362327,
        0.5648740757455855
    ],
    "Downstream PDR": [
        0.8610087739899187,
        0.8708829448132017
    ],
    "TicToc PDR": [
        0.460148680528442,
        0.4912539168741556
    ],
    "Packets retransmitted per node AVG": [
        0.0,
        0.0
    ],
    "Counter of retransmission per packet AVG": [
        0.0,
        0.0
    ],
    "Intertime of retransmissions AVG": [
        0.0,
        0.0
    ],
    "Packets delivered": [
        0.6787342851006027,
        0.7024230562543109
    ],
    "Packets lost due to noise": [
        0.10279061110160449,
        0.11120421175251484
    ],
    "Packets collided": [
        0.0,
        0.0
    ],
    "Destinatary out of range": [
        0.0,
        0.0
    ],
    "Packets dropped": [
        0.0,
        0.0
    ],
    "Other causes of loss": [
        0.19211772860546744,
        0.21273010718549928
    ],
    "Queue MN Avg": [
        0.08249465373446083,
        0.08251260279198969
    ],
    "Queue MN Var": [
        6.124113971529138e-09,
        8.449306589342764e-09
    ],
    "Queue BR Avg": [
        0.013323572830138596,
        0.014122939175849388
    ],
    "Queue BR Var": [
        0.00013124326554809774,
        0.00016961907341037032
    ],
    "Upstream Delay Avg": [
        0.15914708155095872,
        0.1596076027593171
    ],
    "Upstream Delay 95th Perc": [
        0.30083134931708744,
        0.301175231799484
    ],
    "Upstream Delay Var": [
        0.00825399911808987,
        0.008274333348526036
    ],
    "Downstream Delay Avg": [
        0.16500000000373097,
        0.16500000000590145
    ],
    "Downstream Delay 95th Perc": [
        0.16500000053892488,
        0.16500000060160658
    ],
    "Downstream Delay Var": [
        1.0886945550845592e-19,
        1.2595634419630783e-19
    ],
    "RTT Avg": [
        1342.817941713348,
        1359.5509270087698
    ],
    "RTT 95th Perc": [
        2101.9191463359393,
        2147.1420618880966
    ],
    "RTT Var": [
        331835.50508920883,
        363204.9136736579
    ]
}