{
    "Upstream PDR": [
        0.26614213566453276,
        0.27525526693286967
    ],
    "Downstream PDR": [
        0.817337007103899,
        0.8241821672596386
    ],
    "TicToc PDR": [
        0.2180383105038424,
        0.2264344167688848
    ],
    "Packets retransmitted per node AVG": [
        0.0,
        0.0
    ],
    "Counter of retransmission per packet AVG": [
        0.0,
        0.0
    ],
    "Intertime of retransmissions AVG": [
        0.0,
        0.0
    ],
    "Packets delivered": [
        0.4233860966037831,
        0.4344588443486128
    ],
    "Packets lost due to noise": [
        0.10399672868128283,
        0.10750297100747745
    ],
    "Packets collided": [
        0.0,
        0.0
    ],
    "Destinatary out of range": [
        0.0,
        0.0
    ],
    "Packets dropped": [
        0.0,
        0.0
    ],
    "Other causes of loss": [
        0.45988618172894197,
        0.4707691776299017
    ],
    "Queue MN Avg": [
        0.307468757961982,
        0.3074982418875662
    ],
    "Queue MN Var": [
        6.435141246015331e-08,
        7.156453739791929e-08
    ],
    "Queue BR Avg": [
        0.14234392399015153,
        0.14721664685251526
    ],
    "Queue BR Var": [
        0.009342694543725478,
        0.011509120799324505
    ],
    "Upstream Delay Avg": [
        0.6087287805699844,
        0.609657599179446
    ],
    "Upstream Delay 95th Perc": [
        1.1554075521585294,
        1.1561619407584987
    ],
    "Upstream Delay Var": [
        0.12280426669572818,
        0.12309592318246408
    ],
    "Downstream Delay Avg": [
        0.6150000000005311,
        0.6150000000071891
    ],
    "Downstream Delay 95th Perc": [
        0.6150000012253957,
        0.6150000012629017
    ],
    "Downstream Delay Var": [
        5.934466253261441e-19,
        6.22779480089931e-19
    ],
    "RTT Avg": [
        1415.2956766485509,
        1426.7453610631092
    ],
    "RTT 95th Perc": [
        1942.0216725658213,
        1972.0801071325607
    ],
    "RTT Var": [
        228361.4290182584,
        248191.94895356067
    ]
}