{
    "Upstream PDR": [
        0.9130737941371666,
        0.9170004173656167
    ],
    "Downstream PDR": [
        0.9071982943116096,
        0.9104066104573926
    ],
    "TicToc PDR": [
        0.8287764570123766,
        0.83442799567779
    ],
    "Packets retransmitted per node AVG": [
        0.0,
        0.0
    ],
    "Counter of retransmission per packet AVG": [
        0.0,
        0.0
    ],
    "Intertime of retransmissions AVG": [
        0.0,
        0.0
    ],
    "Packets delivered": [
        0.9372423244040257,
        0.9404596059392455
    ],
    "Packets lost due to noise": [
        0.051087488227621033,
        0.052990999684893236
    ],
    "Packets collided": [
        -8.11740875243646e-07,
        1.3665759387645111e-05
    ],
    "Destinatary out of range": [
        -1.380973660457138e-07,
        8.940259630422377e-07
    ],
    "Packets dropped": [
        0.0,
        0.0
    ],
    "Other causes of loss": [
        0.008169779511247699,
        0.010036192285857837
    ],
    "Queue MN Avg": [
        35.74721440348576,
        35.77119622381915
    ],
    "Queue MN Var": [
        0.07819415112126654,
        0.08432095484710347
    ],
    "Queue BR Avg": [
        1.3613960423991613,
        1.3669850294637984
    ],
    "Queue BR Var": [
        0.12877631275234186,
        0.16785606086302185
    ],
    "Upstream Delay Avg": [
        71.47217948630478,
        71.52256076771127
    ],
    "Upstream Delay 95th Perc": [
        125.31488928184748,
        125.36330125748052
    ],
    "Upstream Delay Var": [
        1192.8697451078708,
        1193.3876841528152
    ],
    "Downstream Delay Avg": [
        1.064956481386855,
        1.0654238205034245
    ],
    "Downstream Delay 95th Perc": [
        1.0643691923632204,
        1.0690839016309546
    ],
    "Downstream Delay Var": [
        -8.610198142623547e-05,
        0.0008529819861067484
    ],
    "RTT Avg": [
        1299.6845671718136,
        1300.2421386373446
    ],
    "RTT 95th Perc": [
        2289.369613708966,
        2289.8275251076443
    ],
    "RTT Var": [
        403381.75339462515,
        403676.6968715269
    ]
}