{
    "Upstream PDR": [
        0.20797365859924286,
        0.2126016660760818
    ],
    "Downstream PDR": [
        0.8426966284543288,
        0.8466036220989387
    ],
    "TicToc PDR": [
        0.17560412379302717,
        0.1796387333498299
    ],
    "Packets retransmitted per node AVG": [
        0.0,
        0.0
    ],
    "Counter of retransmission per packet AVG": [
        0.0,
        0.0
    ],
    "Intertime of retransmissions AVG": [
        0.0,
        0.0
    ],
    "Packets delivered": [
        0.4161535997467804,
        0.4219031814189695
    ],
    "Packets lost due to noise": [
        0.09161226335345066,
        0.09363665332028345
    ],
    "Packets collided": [
        0.0,
        0.0
    ],
    "Destinatary out of range": [
        -5.926503139775083e-06,
        3.8338958620543864e-05
    ],
    "Packets dropped": [
        0.0,
        0.0
    ],
    "Other causes of loss": [
        0.4849498788506894,
        0.4917120108543461
    ],
    "Queue MN Avg": [
        111.93155921880259,
        111.9532565044095
    ],
    "Queue MN Var": [
        0.08659461756104915,
        0.09210420331404885
    ],
    "Queue BR Avg": [
        0.3064318882014249,
        0.313263986449054
    ],
    "Queue BR Var": [
        0.03899813488478107,
        0.04664564520579578
    ],
    "Upstream Delay Avg": [
        241.8346606648544,
        242.8655497143633
    ],
    "Upstream Delay 95th Perc": [
        381.6225867646154,
        385.6184119744516
    ],
    "Upstream Delay Var": [
        8264.347296199117,
        8710.11708304923
    ],
    "Downstream Delay Avg": [
        1.2148681026110766,
        1.2158183036584735
    ],
    "Downstream Delay 95th Perc": [
        1.2143697375700158,
        1.2190802667677318
    ],
    "Downstream Delay Var": [
        -0.00024965756556483295,
        0.0015763412002225803
    ],
    "RTT Avg": [
        1426.5016792097406,
        1434.2463445711257
    ],
    "RTT 95th Perc": [
        1907.9186681341853,
        1928.4919508461917
    ],
    "RTT Var": [
        212506.9730558133,
        229051.2391827221
    ]
}