{
    "Upstream PDR": [
        0.18425399823163496,
        0.1869444433268066
    ],
    "Downstream PDR": [
        0.8401176439094789,
        0.8437983242539171
    ],
    "TicToc PDR": [
        0.1549511570402535,
        0.15760260919351274
    ],
    "Packets retransmitted per node AVG": [
        0.0,
        0.0
    ],
    "Counter of retransmission per packet AVG": [
        0.0,
        0.0
    ],
    "Intertime of retransmissions AVG": [
        0.0,
        0.0
    ],
    "Packets delivered": [
        0.40607577084827273,
        0.4109378443635936
    ],
    "Packets lost due to noise": [
        0.09233190472697547,
        0.09400888500999624
    ],
    "Packets collided": [
        0.0,
        0.0
    ],
    "Destinatary out of range": [
        0.0,
        0.0
    ],
    "Packets dropped": [
        0.0,
        0.0
    ],
    "Other causes of loss": [
        0.4957776683421608,
        0.5008679267090013
    ],
    "Queue MN Avg": [
        218.89186141462648,
        218.90912733140374
    ],
    "Queue MN Var": [
        0.08318183922198714,
        0.08909751879107107
    ],
    "Queue BR Avg": [
        0.42266795955163117,
        0.4288363005325001
    ],
    "Queue BR Var": [
        0.053365593789653526,
        0.06256968629913187
    ],
    "Upstream Delay Avg": [
        436.3117195908369,
        436.8175396551725
    ],
    "Upstream Delay 95th Perc": [
        760.5780547360131,
        760.7442903275315
    ],
    "Upstream Delay Var": [
        43814.454080173025,
        43908.73530401162
    ],
    "Downstream Delay Avg": [
        1.5150000001799724,
        1.515000000227338
    ],
    "Downstream Delay 95th Perc": [
        1.5150000227080203,
        1.5150000229454215
    ],
    "Downstream Delay Var": [
        3.4166119799780525e-16,
        3.523069912418671e-16
    ],
    "RTT Avg": [
        1294.17149715378,
        1295.4963015641633
    ],
    "RTT 95th Perc": [
        2258.355165796092,
        2259.220528107588
    ],
    "RTT Var": [
        384961.9979344124,
        386074.2069762415
    ]
}