{
    "Upstream PDR": [
        0.9948556678549554,
        0.9977066698073824
    ],
    "Downstream PDR": [
        0.9739606779593799,
        0.9757194154101123
    ],
    "TicToc PDR": [
        0.9693653490285303,
        0.9730710146078334
    ],
    "Packets retransmitted per node AVG": [
        0.0,
        0.0
    ],
    "Counter of retransmission per packet AVG": [
        0.0,
        0.0
    ],
    "Intertime of retransmissions AVG": [
        0.0,
        0.0
    ],
    "Packets delivered": [
        0.9845971614610454,
        0.9864980858374921
    ],
    "Packets lost due to noise": [
        0.012499490206464882,
        0.01343834485664597
    ],
    "Packets collided": [
        0.0,
        0.0
    ],
    "Destinatary out of range": [
        0.0,
        0.0
    ],
    "Packets dropped": [
        0.0,
        0.0
    ],
    "Other causes of loss": [
        0.0007656625012754028,
        0.0022012551370763243
    ],
    "Queue MN Avg": [
        0.307468757961982,
        0.3074982418875662
    ],
    "Queue MN Var": [
        6.435141246015331e-08,
        7.156453739791929e-08
    ],
    "Queue BR Avg": [
        0.32204607295508547,
        0.32296838319369925
    ],
    "Queue BR Var": [
        0.017302246244342123,
        0.02175940925137343
    ],
    "Upstream Delay Avg": [
        0.6090339691217073,
        0.6092938317527774
    ],
    "Upstream Delay 95th Perc": [
        1.1558223096044102,
        1.1560198923792466
    ],
    "Upstream Delay Var": [
        0.12300786753186771,
        0.12303181342401767
    ],
    "Downstream Delay Avg": [
        0.6150000000021458,
        0.6150000000038098
    ],
    "Downstream Delay 95th Perc": [
        0.6150000012257405,
        0.6150000012604598
    ],
    "Downstream Delay Var": [
        5.709254673455413e-19,
        5.914311560886089e-19
    ],
    "RTT Avg": [
        1299.955746593486,
        1300.2960137646285
    ],
    "RTT 95th Perc": [
        2289.7240680882,
        2290.2393686554765
    ],
    "RTT Var": [
        403138.7734396156,
        403494.1456602549
    ]
}