{
    "Upstream PDR": [
        0.38887357809123324,
        0.4052329154152603
    ],
    "Downstream PDR": [
        0.0,
        0.0
    ],
    "TicToc PDR": [
        0.0,
        0.0
    ],
    "Packets retransmitted per node AVG": [
        0.0,
        0.0
    ],
    "Counter of retransmission per packet AVG": [
        0.0,
        0.0
    ],
    "Intertime of retransmissions AVG": [
        0.0,
        0.0
    ],
    "Packets delivered": [
        0.3964239877439937,
        0.412693184754495
    ],
    "Packets lost due to noise": [
        0.10694118863014962,
        0.1139043179744654
    ],
    "Packets collided": [
        0.0,
        0.0
    ],
    "Destinatary out of range": [
        0.0,
        0.0
    ],
    "Packets dropped": [
        0.0,
        0.0
    ],
    "Other causes of loss": [
        0.47720145137881426,
        0.4928358695180823
    ],
    "Queue MN Avg": [
        0.1049928165157056,
        0.10500712504239545
    ],
    "Queue MN Var": [
        1.0202135378587483e-08,
        1.2442748293960261e-08
    ],
    "Queue BR Avg": [
        0.0,
        0.0
    ],
    "Queue BR Var": [
        0.0,
        0.0
    ],
    "Upstream Delay Avg": [
        0.20397019841879205,
        0.2051503881017669
    ],
    "Upstream Delay 95th Perc": [
        0.3862592848571669,
        0.3871315198071188
    ],
    "Upstream Delay Var": [
        0.013592456971483736,
        0.013722879226632758
    ],
    "Downstream Delay Avg": [
        0.0,
        0.0
    ],
    "Downstream Delay 95th Perc": [
        0.0,
        0.0
    ],
    "Downstream Delay Var": [
        0.0,
        0.0
    ],
    "RTT Avg": [
        0.0,
        0.0
    ],
    "RTT 95th Perc": [
        0.0,
        0.0
    ],
    "RTT Var": [
        0.0,
        0.0
    ]
}