{
    "Upstream PDR": [
        0.12885925233924603,
        0.1334295788295852
    ],
    "Downstream PDR": [
        0.7840691028492827,
        0.7908596098787138
    ],
    "TicToc PDR": [
        0.1011863438856934,
        0.1054541755948261
    ],
    "Packets retransmitted per node AVG": [
        0.0,
        0.0
    ],
    "Counter of retransmission per packet AVG": [
        0.0,
        0.0
    ],
    "Intertime of retransmissions AVG": [
        0.0,
        0.0
    ],
    "Packets delivered": [
        0.31501598171902667,
        0.3249310066829998
    ],
    "Packets lost due to noise": [
        0.10538273895772982,
        0.10770575578935201
    ],
    "Packets collided": [
        0.0,
        0.0
    ],
    "Destinatary out of range": [
        0.0,
        0.0
    ],
    "Packets dropped": [
        0.0,
        0.0
    ],
    "Other causes of loss": [
        0.5682667992195078,
        0.5786977176313834
    ],
    "Queue MN Avg": [
        218.89186141462648,
        218.90912733140374
    ],
    "Queue MN Var": [
        0.08318183922198714,
        0.08909751879107107
    ],
    "Queue BR Avg": [
        0.6970372280643401,
        0.721746224662083
    ],
    "Queue BR Var": [
        0.1585680018044218,
        0.20292442027791632
    ],
    "Upstream Delay Avg": [
        466.34956764295384,
        468.8336294857594
    ],
    "Upstream Delay 95th Perc": [
        745.7398804716539,
        751.2799337645664
    ],
    "Upstream Delay Var": [
        33212.091373108895,
        34567.59858296359
    ],
    "Downstream Delay Avg": [
        1.5149999999877994,
        1.515000000029285
    ],
    "Downstream Delay 95th Perc": [
        1.5150000020371486,
        1.5150000022302164
    ],
    "Downstream Delay Var": [
        2.504786650773505e-18,
        6.776943410890846e-18
    ],
    "RTT Avg": [
        1402.7669046510443,
        1411.5766876738628
    ],
    "RTT 95th Perc": [
        1917.6724468090908,
        1935.7480183556897
    ],
    "RTT Var": [
        230364.7450146702,
        243554.98032759264
    ]
}