{
    "Upstream PDR": [
        0.2923571404082504,
        0.2972978920592821
    ],
    "Downstream PDR": [
        0.0,
        0.0
    ],
    "TicToc PDR": [
        0.0,
        0.0
    ],
    "Packets retransmitted per node AVG": [
        0.0,
        0.0
    ],
    "Counter of retransmission per packet AVG": [
        0.0,
        0.0
    ],
    "Intertime of retransmissions AVG": [
        0.0,
        0.0
    ],
    "Packets delivered": [
        0.29857059471888625,
        0.3034564315629049
    ],
    "Packets lost due to noise": [
        0.08840852416767109,
        0.09094316422798343
    ],
    "Packets collided": [
        0.0,
        0.0
    ],
    "Destinatary out of range": [
        -4.476337528578808e-06,
        2.8923525490783456e-05
    ],
    "Packets dropped": [
        0.0,
        0.0
    ],
    "Other causes of loss": [
        0.6059840826738999,
        0.6126127554606923
    ],
    "Queue MN Avg": [
        0.3374416966778797,
        0.3376387825835351
    ],
    "Queue MN Var": [
        5.919750757888747e-06,
        6.247524776548647e-06
    ],
    "Queue BR Avg": [
        0.0,
        0.0
    ],
    "Queue BR Var": [
        0.0,
        0.0
    ],
    "Upstream Delay Avg": [
        0.6685016091156849,
        0.6695753589704126
    ],
    "Upstream Delay 95th Perc": [
        1.269779198209523,
        1.270792560659914
    ],
    "Upstream Delay Var": [
        0.14841787823860525,
        0.14866612324453554
    ],
    "Downstream Delay Avg": [
        0.0,
        0.0
    ],
    "Downstream Delay 95th Perc": [
        0.0,
        0.0
    ],
    "Downstream Delay Var": [
        0.0,
        0.0
    ],
    "RTT Avg": [
        0.0,
        0.0
    ],
    "RTT 95th Perc": [
        0.0,
        0.0
    ],
    "RTT Var": [
        0.0,
        0.0
    ]
}