{
    "Upstream PDR": [
        0.14477297315410517,
        0.14919429957316752
    ],
    "Downstream PDR": [
        0.7875984649274229,
        0.793125547885034
    ],
    "TicToc PDR": [
        0.1141992992037642,
        0.11820173975727466
    ],
    "Packets retransmitted per node AVG": [
        0.0,
        0.0
    ],
    "Counter of retransmission per packet AVG": [
        0.0,
        0.0
    ],
    "Intertime of retransmissions AVG": [
        0.0,
        0.0
    ],
    "Packets delivered": [
        0.3133912459653791,
        0.3219380305218527
    ],
    "Packets lost due to noise": [
        0.1033815788830858,
        0.10548666751529237
    ],
    "Packets collided": [
        0.0,
        0.0
    ],
    "Destinatary out of range": [
        0.0,
        0.0
    ],
    "Packets dropped": [
        0.0,
        0.0
    ],
    "Other causes of loss": [
        0.5733486872791261,
        0.5824537898352639
    ],
    "Queue MN Avg": [
        218.89186141462648,
        218.90912733140374
    ],
    "Queue MN Var": [
        0.08318183922198714,
        0.08909751879107107
    ],
    "Queue BR Avg": [
        0.7819417431047915,
        0.8058372644253116
    ],
    "Queue BR Var": [
        0.1438315142793257,
        0.1860428164750996
    ],
    "Upstream Delay Avg": [
        438.09346069719805,
        438.95503079522854
    ],
    "Upstream Delay 95th Perc": [
        787.0472229709048,
        788.6239514962394
    ],
    "Upstream Delay Var": [
        45504.02567085933,
        45794.34261389779
    ],
    "Downstream Delay Avg": [
        1.5149999998874657,
        1.5149999999324817
    ],
    "Downstream Delay 95th Perc": [
        1.5150000082072113,
        1.515000008399334
    ],
    "Downstream Delay Var": [
        4.530578060734837e-17,
        4.950834559090154e-17
    ],
    "RTT Avg": [
        1291.9121095574715,
        1297.9575576327416
    ],
    "RTT 95th Perc": [
        2258.693108377092,
        2272.4806064388645
    ],
    "RTT Var": [
        393275.9403751955,
        398089.9164704084
    ]
}