{
    "Upstream PDR": [
        0.8889355809441382,
        0.8954085749000178
    ],
    "Downstream PDR": [
        0.845239490145539,
        0.8538660531507408
    ],
    "TicToc PDR": [
        0.7517198872905386,
        0.7643827101120584
    ],
    "Packets retransmitted per node AVG": [
        0.0,
        0.0
    ],
    "Counter of retransmission per packet AVG": [
        0.0,
        0.0
    ],
    "Intertime of retransmissions AVG": [
        0.0,
        0.0
    ],
    "Packets delivered": [
        0.8687523314924258,
        0.8756996574148578
    ],
    "Packets lost due to noise": [
        0.1039360571216422,
        0.10994827077430028
    ],
    "Packets collided": [
        0.0,
        0.0
    ],
    "Destinatary out of range": [
        0.0,
        0.0
    ],
    "Packets dropped": [
        0.0,
        0.0
    ],
    "Other causes of loss": [
        0.019987167870251454,
        0.02167651532652224
    ],
    "Queue MN Avg": [
        0.307468757961982,
        0.3074982418875662
    ],
    "Queue MN Var": [
        6.435141246015331e-08,
        7.156453739791929e-08
    ],
    "Queue BR Avg": [
        0.5755167144601988,
        0.5797100403300605
    ],
    "Queue BR Var": [
        0.04055095924806122,
        0.054348696599329005
    ],
    "Upstream Delay Avg": [
        0.6088358672465293,
        0.6092738790534504
    ],
    "Upstream Delay 95th Perc": [
        1.1556510505428872,
        1.1559332311451704
    ],
    "Upstream Delay Var": [
        0.12295189550226444,
        0.12306511464560053
    ],
    "Downstream Delay Avg": [
        0.6149999999998087,
        0.6150000000018175
    ],
    "Downstream Delay 95th Perc": [
        0.6150000012150365,
        0.6150000012428138
    ],
    "Downstream Delay Var": [
        5.593902270357898e-19,
        5.770548299667499e-19
    ],
    "RTT Avg": [
        1298.8591856479763,
        1300.8865237497787
    ],
    "RTT 95th Perc": [
        2283.9139460475576,
        2286.777305030832
    ],
    "RTT Var": [
        398640.19128365803,
        401268.21274031396
    ]
}