{
    "Upstream PDR": [
        0.8912946647909984,
        0.8973217854254517
    ],
    "Downstream PDR": [
        0.8482980911782536,
        0.8556527577455488
    ],
    "TicToc PDR": [
        0.756545243812719,
        0.7674582193907445
    ],
    "Packets retransmitted per node AVG": [
        0.0,
        0.0
    ],
    "Counter of retransmission per packet AVG": [
        0.0,
        0.0
    ],
    "Intertime of retransmissions AVG": [
        0.0,
        0.0
    ],
    "Packets delivered": [
        0.8712541792855193,
        0.8772758006637791
    ],
    "Packets lost due to noise": [
        0.10211893406918002,
        0.10730041702529011
    ],
    "Packets collided": [
        -5.735129280263529e-07,
        3.1568273236597647e-06
    ],
    "Destinatary out of range": [
        -2.3630035787106887e-07,
        4.5532763402100144e-06
    ],
    "Packets dropped": [
        0.0,
        0.0
    ],
    "Other causes of loss": [
        0.020057166656727035,
        0.021986602009126173
    ],
    "Queue MN Avg": [
        0.457486732308837,
        0.4575112254733667
    ],
    "Queue MN Var": [
        1.1632832614874252e-07,
        1.3032010579829356e-07
    ],
    "Queue BR Avg": [
        1.2878482356908088,
        1.2965437371103714
    ],
    "Queue BR Var": [
        0.1628454427250772,
        0.20865692206540518
    ],
    "Upstream Delay Avg": [
        0.9084493664919747,
        0.9091232080738466
    ],
    "Upstream Delay 95th Perc": [
        1.725650839394902,
        1.7260123847185267
    ],
    "Upstream Delay Var": [
        0.27446759827675316,
        0.2746375711661032
    ],
    "Downstream Delay Avg": [
        0.914997018704428,
        0.9150559491120712
    ],
    "Downstream Delay 95th Perc": [
        0.9150000014905082,
        0.9150000017952264
    ],
    "Downstream Delay Var": [
        -5.347159962254991e-06,
        0.00010062113079451791
    ],
    "RTT Avg": [
        1299.1946110899896,
        1300.6032563662309
    ],
    "RTT 95th Perc": [
        2283.9199851053254,
        2286.46289454379
    ],
    "RTT Var": [
        400039.6945370538,
        401687.53288556053
    ]
}