{
    "Upstream PDR": [
        0.23531837420526475,
        0.23868097644408598
    ],
    "Downstream PDR": [
        0.8455559445326701,
        0.8491638770628043
    ],
    "TicToc PDR": [
        0.1992890626889742,
        0.2023654827655713
    ],
    "Packets retransmitted per node AVG": [
        0.0,
        0.0
    ],
    "Counter of retransmission per packet AVG": [
        0.0,
        0.0
    ],
    "Intertime of retransmissions AVG": [
        0.0,
        0.0
    ],
    "Packets delivered": [
        0.4059763195008633,
        0.41077984022485914
    ],
    "Packets lost due to noise": [
        0.09040735889240732,
        0.09233691441589488
    ],
    "Packets collided": [
        0.0,
        0.0
    ],
    "Destinatary out of range": [
        -5.30670348454664e-06,
        3.3993920983796914e-05
    ],
    "Packets dropped": [
        0.0,
        0.0
    ],
    "Other causes of loss": [
        0.4974311499567676,
        0.5030397297917084
    ],
    "Queue MN Avg": [
        111.93155921880259,
        111.9532565044095
    ],
    "Queue MN Var": [
        0.08659461756104915,
        0.09210420331404885
    ],
    "Queue BR Avg": [
        0.3461992729506814,
        0.35119321224517
    ],
    "Queue BR Var": [
        0.04200624777602657,
        0.0493407805458224
    ],
    "Upstream Delay Avg": [
        222.35948003368233,
        222.59435969687135
    ],
    "Upstream Delay 95th Perc": [
        396.137966535214,
        397.4510844624667
    ],
    "Upstream Delay Var": [
        11603.922281003901,
        11684.53151614177
    ],
    "Downstream Delay Avg": [
        1.2148731380304731,
        1.2158145815353838
    ],
    "Downstream Delay 95th Perc": [
        1.2143697440280754,
        1.2190802732493615
    ],
    "Downstream Delay Var": [
        -0.00024504780651533626,
        0.0015790326317128187
    ],
    "RTT Avg": [
        1286.905934317425,
        1288.816197412853
    ],
    "RTT 95th Perc": [
        2239.3404603710514,
        2246.9673585568844
    ],
    "RTT Var": [
        388990.76245010365,
        392120.7626520856
    ]
}