{
    "Upstream PDR": [
        0.28735557424793207,
        0.2942880621157044
    ],
    "Downstream PDR": [
        0.0,
        0.0
    ],
    "TicToc PDR": [
        0.0,
        0.0
    ],
    "Packets retransmitted per node AVG": [
        0.0,
        0.0
    ],
    "Counter of retransmission per packet AVG": [
        0.0,
        0.0
    ],
    "Intertime of retransmissions AVG": [
        0.0,
        0.0
    ],
    "Packets delivered": [
        0.29333373320708483,
        0.3000552018936193
    ],
    "Packets lost due to noise": [
        0.09583767241272978,
        0.09990729526783146
    ],
    "Packets collided": [
        0.0,
        0.0
    ],
    "Destinatary out of range": [
        -9.362295269666644e-06,
        3.087538558946004e-05
    ],
    "Packets dropped": [
        0.0,
        0.0
    ],
    "Other causes of loss": [
        0.6014498970711489,
        0.6093946870572658
    ],
    "Queue MN Avg": [
        0.24723216604707185,
        0.2476151663755283
    ],
    "Queue MN Var": [
        1.2265358261018503e-05,
        1.3387054249554595e-05
    ],
    "Queue BR Avg": [
        0.0,
        0.0
    ],
    "Queue BR Var": [
        0.0,
        0.0
    ],
    "Upstream Delay Avg": [
        0.48848521073262613,
        0.4899044789395938
    ],
    "Upstream Delay 95th Perc": [
        0.9280900593774315,
        0.9287365463830828
    ],
    "Upstream Delay Var": [
        0.07902123736454744,
        0.07933524827131469
    ],
    "Downstream Delay Avg": [
        0.0,
        0.0
    ],
    "Downstream Delay 95th Perc": [
        0.0,
        0.0
    ],
    "Downstream Delay Var": [
        0.0,
        0.0
    ],
    "RTT Avg": [
        0.0,
        0.0
    ],
    "RTT 95th Perc": [
        0.0,
        0.0
    ],
    "RTT Var": [
        0.0,
        0.0
    ]
}