{
    "Upstream PDR": [
        0.23891677508277845,
        0.2479585495925463
    ],
    "Downstream PDR": [
        0.0,
        0.0
    ],
    "TicToc PDR": [
        0.0,
        0.0
    ],
    "Packets retransmitted per node AVG": [
        0.0,
        0.0
    ],
    "Counter of retransmission per packet AVG": [
        0.0,
        0.0
    ],
    "Intertime of retransmissions AVG": [
        0.0,
        0.0
    ],
    "Packets delivered": [
        0.23453802339871005,
        0.24354524503184272
    ],
    "Packets lost due to noise": [
        0.09909489410891738,
        0.1039147504061252
    ],
    "Packets collided": [
        0.0,
        0.0
    ],
    "Destinatary out of range": [
        0.0,
        0.0
    ],
    "Packets dropped": [
        0.0,
        0.0
    ],
    "Other causes of loss": [
        0.6539294706783625,
        0.6649776163760421
    ],
    "Queue MN Avg": [
        0.19499138609246475,
        0.1950104645650489
    ],
    "Queue MN Var": [
        3.0982608822260384e-08,
        3.4632818304098504e-08
    ],
    "Queue BR Avg": [
        0.0,
        0.0
    ],
    "Queue BR Var": [
        0.0,
        0.0
    ],
    "Upstream Delay Avg": [
        0.38376883049722726,
        0.3844225897097679
    ],
    "Upstream Delay 95th Perc": [
        0.7283122338936672,
        0.7288610462822755
    ],
    "Upstream Delay Var": [
        0.04872083845246205,
        0.0488679161528713
    ],
    "Downstream Delay Avg": [
        0.0,
        0.0
    ],
    "Downstream Delay 95th Perc": [
        0.0,
        0.0
    ],
    "Downstream Delay Var": [
        0.0,
        0.0
    ],
    "RTT Avg": [
        0.0,
        0.0
    ],
    "RTT 95th Perc": [
        0.0,
        0.0
    ],
    "RTT Var": [
        0.0,
        0.0
    ]
}