{
    "Upstream PDR": [
        0.27777994832888486,
        0.2829614245839166
    ],
    "Downstream PDR": [
        0.8481824502634091,
        0.8518361134864795
    ],
    "TicToc PDR": [
        0.23590108461112963,
        0.2407645925688333
    ],
    "Packets retransmitted per node AVG": [
        0.0,
        0.0
    ],
    "Counter of retransmission per packet AVG": [
        0.0,
        0.0
    ],
    "Intertime of retransmissions AVG": [
        0.0,
        0.0
    ],
    "Packets delivered": [
        0.4265735259704027,
        0.4329388143713971
    ],
    "Packets lost due to noise": [
        0.0918634590921254,
        0.093994399529153
    ],
    "Packets collided": [
        -1.0833753311712646e-06,
        3.3404919493334357e-06
    ],
    "Destinatary out of range": [
        -7.829982701491605e-06,
        5.786621244609516e-05
    ],
    "Packets dropped": [
        0.0,
        0.0
    ],
    "Other causes of loss": [
        0.47387292483551524,
        0.4807045828550438
    ],
    "Queue MN Avg": [
        35.74721440348576,
        35.77119622381915
    ],
    "Queue MN Var": [
        0.07819415112126654,
        0.08432095484710347
    ],
    "Queue BR Avg": [
        0.31366682582954775,
        0.3195219554887633
    ],
    "Queue BR Var": [
        0.03525021230069043,
        0.04148238625376415
    ],
    "Upstream Delay Avg": [
        71.28321826025629,
        71.36495212991125
    ],
    "Upstream Delay 95th Perc": [
        123.71955103961899,
        123.78445861004384
    ],
    "Upstream Delay Var": [
        1142.4095407953143,
        1145.1460891046997
    ],
    "Downstream Delay Avg": [
        1.0649966176508214,
        1.0650104296498935
    ],
    "Downstream Delay 95th Perc": [
        1.0650000167493243,
        1.0650000170533518
    ],
    "Downstream Delay Var": [
        -7.1539109343508625e-06,
        2.205845120858322e-05
    ],
    "RTT Avg": [
        1295.6240699039317,
        1297.06901059332
    ],
    "RTT 95th Perc": [
        2259.415721881338,
        2260.159135279251
    ],
    "RTT Var": [
        384619.0975589602,
        385703.5178542549
    ]
}