{
    "Upstream PDR": [
        0.18933149857864395,
        0.19618761088332276
    ],
    "Downstream PDR": [
        0.786342054340024,
        0.7943666730608875
    ],
    "TicToc PDR": [
        0.14919764306668565,
        0.15564020479973367
    ],
    "Packets retransmitted per node AVG": [
        0.0,
        0.0
    ],
    "Counter of retransmission per packet AVG": [
        0.0,
        0.0
    ],
    "Intertime of retransmissions AVG": [
        0.0,
        0.0
    ],
    "Packets delivered": [
        0.32336533117903593,
        0.33417083377357687
    ],
    "Packets lost due to noise": [
        0.10457555179187548,
        0.10759752547435568
    ],
    "Packets collided": [
        -5.849524385602029e-07,
        1.8036490729771098e-06
    ],
    "Destinatary out of range": [
        -1.6137226588604435e-05,
        6.593748919293264e-05
    ],
    "Packets dropped": [
        0.0,
        0.0
    ],
    "Other causes of loss": [
        0.559549828481612,
        0.5706899103403051
    ],
    "Queue MN Avg": [
        35.74721440348576,
        35.77119622381915
    ],
    "Queue MN Var": [
        0.07819415112126654,
        0.08432095484710347
    ],
    "Queue BR Avg": [
        0.5044785981985319,
        0.5225553094695315
    ],
    "Queue BR Var": [
        0.09435432771651045,
        0.12238258473186103
    ],
    "Upstream Delay Avg": [
        76.12021881651901,
        76.57195982136912
    ],
    "Upstream Delay 95th Perc": [
        121.11367966584734,
        122.17147436528353
    ],
    "Upstream Delay Var": [
        864.4018883227508,
        903.1368165024145
    ],
    "Downstream Delay Avg": [
        1.0648298435191486,
        1.066097465032587
    ],
    "Downstream Delay 95th Perc": [
        1.0643152638492555,
        1.0694324727956457
    ],
    "Downstream Delay Var": [
        -0.0002710564559863845,
        0.0017516904729172177
    ],
    "RTT Avg": [
        1401.6312753596026,
        1412.3159747295877
    ],
    "RTT 95th Perc": [
        1918.5466904406103,
        1936.8108007156798
    ],
    "RTT Var": [
        228239.44063106502,
        243331.84639187748
    ]
}