{
    "Upstream PDR": [
        0.33241775635765203,
        0.3540367890968935
    ],
    "Downstream PDR": [
        0.8257152687118918,
        0.8369917178784252
    ],
    "TicToc PDR": [
        0.27553119791947667,
        0.2956506202623417
    ],
    "Packets retransmitted per node AVG": [
        0.0,
        0.0
    ],
    "Counter of retransmission per packet AVG": [
        0.0,
        0.0
    ],
    "Intertime of retransmissions AVG": [
        0.0,
        0.0
    ],
    "Packets delivered": [
        0.4968473727339924,
        0.5179684941563312
    ],
    "Packets lost due to noise": [
        0.10740723191705179,
        0.11350115941987379
    ],
    "Packets collided": [
        0.0,
        0.0
    ],
    "Destinatary out of range": [
        0.0,
        0.0
    ],
    "Packets dropped": [
        0.0,
        0.0
    ],
    "Other causes of loss": [
        0.372058077954407,
        0.3922176638183437
    ],
    "Queue MN Avg": [
        0.15748708701597997,
        0.15750727334782455
    ],
    "Queue MN Var": [
        2.016986796767e-08,
        2.4157765016580824e-08
    ],
    "Queue BR Avg": [
        0.04553081008236963,
        0.048491988835478284
    ],
    "Queue BR Var": [
        0.0011775017605756635,
        0.0014818043950846646
    ],
    "Upstream Delay Avg": [
        0.30892233496237353,
        0.3095798293222547
    ],
    "Upstream Delay 95th Perc": [
        0.5854596543158558,
        0.5862532388569445
    ],
    "Upstream Delay Var": [
        0.03151857066375241,
        0.03159968797042606
    ],
    "Downstream Delay Avg": [
        0.3150000000016749,
        0.31500000000670997
    ],
    "Downstream Delay 95th Perc": [
        0.3150000007197163,
        0.31500000073115225
    ],
    "Downstream Delay Var": [
        2.190035358479774e-19,
        2.31031115660648e-19
    ],
    "RTT Avg": [
        1391.1178364924183,
        1405.8342607484244
    ],
    "RTT 95th Perc": [
        1983.356409573686,
        2028.7651415366117
    ],
    "RTT Var": [
        264043.85360706726,
        292579.4216192025
    ]
}