{
    "Upstream PDR": [
        0.3020566159626691,
        0.3086886491888461
    ],
    "Downstream PDR": [
        0.8503488482585817,
        0.8554702461463002
    ],
    "TicToc PDR": [
        0.25727162894612693,
        0.2636923862053882
    ],
    "Packets retransmitted per node AVG": [
        0.0,
        0.0
    ],
    "Counter of retransmission per packet AVG": [
        0.0,
        0.0
    ],
    "Intertime of retransmissions AVG": [
        0.0,
        0.0
    ],
    "Packets delivered": [
        0.4363818283877443,
        0.44396078139109674
    ],
    "Packets lost due to noise": [
        0.09232766157337323,
        0.09525989882436302
    ],
    "Packets collided": [
        0.0,
        0.0
    ],
    "Destinatary out of range": [
        -5.834444299888474e-06,
        3.693870482181969e-05
    ],
    "Packets dropped": [
        0.0,
        0.0
    ],
    "Other causes of loss": [
        0.46203395869796304,
        0.470004766864938
    ],
    "Queue MN Avg": [
        0.4574856499020107,
        0.45751027763557517
    ],
    "Queue MN Var": [
        1.1615939875978215e-07,
        1.3109759655180376e-07
    ],
    "Queue BR Avg": [
        0.25127100449478895,
        0.2567878647808371
    ],
    "Queue BR Var": [
        0.02530909834209531,
        0.02934879971406926
    ],
    "Upstream Delay Avg": [
        0.9086148593977418,
        0.9098880508771742
    ],
    "Upstream Delay 95th Perc": [
        1.725432686182529,
        1.726057361618472
    ],
    "Upstream Delay Var": [
        0.2741516942807465,
        0.2745876422986292
    ],
    "Downstream Delay Avg": [
        0.9149945334418907,
        0.9150168560750389
    ],
    "Downstream Delay 95th Perc": [
        0.9150000149601302,
        0.9150000151231709
    ],
    "Downstream Delay Var": [
        -9.921991819032523e-06,
        3.059358362680879e-05
    ],
    "RTT Avg": [
        1294.576608071015,
        1296.3122494763902
    ],
    "RTT 95th Perc": [
        2259.334766795109,
        2260.2359851362967
    ],
    "RTT Var": [
        385407.75944062887,
        386880.61619407655
    ]
}