{
    "Upstream PDR": [
        0.8914508670523761,
        0.8968440824425731
    ],
    "Downstream PDR": [
        0.0,
        0.0
    ],
    "TicToc PDR": [
        0.0,
        0.0
    ],
    "Packets retransmitted per node AVG": [
        0.0,
        0.0
    ],
    "Counter of retransmission per packet AVG": [
        0.0,
        0.0
    ],
    "Intertime of retransmissions AVG": [
        0.0,
        0.0
    ],
    "Packets delivered": [
        0.8915876443887119,
        0.8968036397772023
    ],
    "Packets lost due to noise": [
        0.09446885554909593,
        0.09870760273928444
    ],
    "Packets collided": [
        -2.607974138086689e-07,
        8.041457435559034e-07
    ],
    "Destinatary out of range": [
        0.0,
        0.0
    ],
    "Packets dropped": [
        0.0,
        0.0
    ],
    "Other causes of loss": [
        0.007646406615967938,
        0.0107853075814081
    ],
    "Queue MN Avg": [
        0.43484496634911063,
        0.4350558751908302
    ],
    "Queue MN Var": [
        1.241413835000856e-05,
        1.2996247193406592e-05
    ],
    "Queue BR Avg": [
        0.0,
        0.0
    ],
    "Queue BR Var": [
        0.0,
        0.0
    ],
    "Upstream Delay Avg": [
        0.8636115763338588,
        0.8643462897042149
    ],
    "Upstream Delay 95th Perc": [
        1.6399268532581084,
        1.640636762383777
    ],
    "Upstream Delay Var": [
        0.24785313842655352,
        0.2480010918541777
    ],
    "Downstream Delay Avg": [
        0.0,
        0.0
    ],
    "Downstream Delay 95th Perc": [
        0.0,
        0.0
    ],
    "Downstream Delay Var": [
        0.0,
        0.0
    ],
    "RTT Avg": [
        0.0,
        0.0
    ],
    "RTT 95th Perc": [
        0.0,
        0.0
    ],
    "RTT Var": [
        0.0,
        0.0
    ]
}