{
    "Upstream PDR": [
        0.9964243059993528,
        0.9973523173772704
    ],
    "Downstream PDR": [
        0.9727968819483563,
        0.9759334978758099
    ],
    "TicToc PDR": [
        0.969590382998394,
        0.9730797468717362
    ],
    "Packets retransmitted per node AVG": [
        0.0,
        0.0
    ],
    "Counter of retransmission per packet AVG": [
        0.0,
        0.0
    ],
    "Intertime of retransmissions AVG": [
        0.0,
        0.0
    ],
    "Packets delivered": [
        0.9846719468849223,
        0.9864687420490432
    ],
    "Packets lost due to noise": [
        0.01249855937417524,
        0.01415468804911778
    ],
    "Packets collided": [
        0.0,
        0.0
    ],
    "Destinatary out of range": [
        0.0,
        0.0
    ],
    "Packets dropped": [
        0.0,
        0.0
    ],
    "Other causes of loss": [
        0.001004823964792127,
        0.0012012396779492156
    ],
    "Queue MN Avg": [
        0.08249465373446083,
        0.08251260279198969
    ],
    "Queue MN Var": [
        6.124113971529138e-09,
        8.449306589342764e-09
    ],
    "Queue BR Avg": [
        0.02163341418829333,
        0.021653450376061326
    ],
    "Queue BR Var": [
        0.00022542000255299654,
        0.0002843671665670869
    ],
    "Upstream Delay Avg": [
        0.1591774397168021,
        0.15950457552961483
    ],
    "Upstream Delay 95th Perc": [
        0.30075309652968296,
        0.301063964003917
    ],
    "Upstream Delay Var": [
        0.008269075713219625,
        0.00827243471135789
    ],
    "Downstream Delay Avg": [
        0.16500000005525806,
        0.16500000006566495
    ],
    "Downstream Delay 95th Perc": [
        0.16500000548527727,
        0.16500000604481424
    ],
    "Downstream Delay Var": [
        1.0520778940156053e-17,
        1.1777332596561813e-17
    ],
    "RTT Avg": [
        1299.588008768854,
        1300.3013393812546
    ],
    "RTT 95th Perc": [
        2289.6802212270636,
        2290.246186945465
    ],
    "RTT Var": [
        403619.07086775696,
        403966.40346152266
    ]
}