{
    "Upstream PDR": [
        0.5767536401698532,
        0.6043632429470296
    ],
    "Downstream PDR": [
        0.8718888021471608,
        0.8835939820405717
    ],
    "TicToc PDR": [
        0.5043515577677743,
        0.5332432474270307
    ],
    "Packets retransmitted per node AVG": [
        0.0,
        0.0
    ],
    "Counter of retransmission per packet AVG": [
        0.0,
        0.0
    ],
    "Intertime of retransmissions AVG": [
        0.0,
        0.0
    ],
    "Packets delivered": [
        0.6892736540335166,
        0.7132154600940833
    ],
    "Packets lost due to noise": [
        0.10043335703716162,
        0.10845953154743439
    ],
    "Packets collided": [
        0.0,
        0.0
    ],
    "Destinatary out of range": [
        0.0,
        0.0
    ],
    "Packets dropped": [
        0.0,
        0.0
    ],
    "Other causes of loss": [
        0.18406545436717422,
        0.20455254292062988
    ],
    "Queue MN Avg": [
        0.08249465373446083,
        0.08251260279198969
    ],
    "Queue MN Var": [
        6.124113971529138e-09,
        8.449306589342764e-09
    ],
    "Queue BR Avg": [
        0.01441810076373055,
        0.015108385277558575
    ],
    "Queue BR Var": [
        0.00013711112023024897,
        0.00017155099369421493
    ],
    "Upstream Delay Avg": [
        0.15918156397357225,
        0.15961243296938266
    ],
    "Upstream Delay 95th Perc": [
        0.300627203927602,
        0.30110078645194105
    ],
    "Upstream Delay Var": [
        0.008260945643968466,
        0.008278267896037033
    ],
    "Downstream Delay Avg": [
        0.16499999999498785,
        0.16500000000371298
    ],
    "Downstream Delay 95th Perc": [
        0.1650000021399885,
        0.16500000238970292
    ],
    "Downstream Delay Var": [
        1.750780508730483e-18,
        2.020315542587037e-18
    ],
    "RTT Avg": [
        1288.3404511523534,
        1292.138384818683
    ],
    "RTT 95th Perc": [
        2247.822072618366,
        2262.22473558278
    ],
    "RTT Var": [
        386497.08847783797,
        392472.8878658571
    ]
}