{
    "Upstream PDR": [
        0.8934603939068101,
        0.8990351905087742
    ],
    "Downstream PDR": [
        0.851136093911109,
        0.8576037471628917
    ],
    "TicToc PDR": [
        0.7607979855241347,
        0.7707812352550862
    ],
    "Packets retransmitted per node AVG": [
        0.0,
        0.0
    ],
    "Counter of retransmission per packet AVG": [
        0.0,
        0.0
    ],
    "Intertime of retransmissions AVG": [
        0.0,
        0.0
    ],
    "Packets delivered": [
        0.8733093842951326,
        0.8789689755202513
    ],
    "Packets lost due to noise": [
        0.10104028312370657,
        0.10571585485332845
    ],
    "Packets collided": [
        -7.443495042317516e-07,
        2.2951358175086798e-06
    ],
    "Destinatary out of range": [
        -2.1311783372959496e-06,
        1.094042128967191e-05
    ],
    "Packets dropped": [
        0.0,
        0.0
    ],
    "Other causes of loss": [
        0.019598318026392253,
        0.021356824151923172
    ],
    "Queue MN Avg": [
        0.3824671238827403,
        0.3825479872243215
    ],
    "Queue MN Var": [
        4.711661425869667e-07,
        5.285377550187145e-07
    ],
    "Queue BR Avg": [
        0.8995233178503436,
        0.9051160607231151
    ],
    "Queue BR Var": [
        0.07382774425953947,
        0.09496451962955116
    ],
    "Upstream Delay Avg": [
        0.7591251726368953,
        0.759682595329398
    ],
    "Upstream Delay 95th Perc": [
        1.4407859612902343,
        1.441277527089593
    ],
    "Upstream Delay Var": [
        0.1912349043891083,
        0.1913921841747794
    ],
    "Downstream Delay Avg": [
        0.7649877115685907,
        0.765070743843289
    ],
    "Downstream Delay 95th Perc": [
        0.7650000058678884,
        0.7650000059381482
    ],
    "Downstream Delay Var": [
        -1.8230762503419075e-05,
        0.0001053022827665169
    ],
    "RTT Avg": [
        1299.696764462991,
        1300.609494272903
    ],
    "RTT 95th Perc": [
        2289.5963867954674,
        2290.690638569515
    ],
    "RTT Var": [
        404045.6357715155,
        404598.37621644017
    ]
}