{
    "Upstream PDR": [
        0.9668567632826056,
        0.9710713752455332
    ],
    "Downstream PDR": [
        0.9151036048411532,
        0.9179815566789369
    ],
    "TicToc PDR": [
        0.8852326440601823,
        0.8909872693597314
    ],
    "Packets retransmitted per node AVG": [
        0.0,
        0.0
    ],
    "Counter of retransmission per packet AVG": [
        0.0,
        0.0
    ],
    "Intertime of retransmissions AVG": [
        0.0,
        0.0
    ],
    "Packets delivered": [
        0.9415156339618506,
        0.9445755460976434
    ],
    "Packets lost due to noise": [
        0.048116530459413775,
        0.04989806090937385
    ],
    "Packets collided": [
        -3.3998369586903e-06,
        1.2147762938809979e-05
    ],
    "Destinatary out of range": [
        -2.777981013336431e-07,
        1.529066341362446e-06
    ],
    "Packets dropped": [
        0.0,
        0.0
    ],
    "Other causes of loss": [
        0.006989223456899609,
        0.008895005920598545
    ],
    "Queue MN Avg": [
        0.457486732308837,
        0.4575112254733667
    ],
    "Queue MN Var": [
        1.1632832614874252e-07,
        1.3032010579829356e-07
    ],
    "Queue BR Avg": [
        1.0617636398104484,
        1.066350594476004
    ],
    "Queue BR Var": [
        0.1070884459981684,
        0.1366187392192045
    ],
    "Upstream Delay Avg": [
        0.9083142838637753,
        0.90924468752007
    ],
    "Upstream Delay 95th Perc": [
        1.7256742696729415,
        1.7259661642813446
    ],
    "Upstream Delay Var": [
        0.27449984914541653,
        0.2745949914828872
    ],
    "Downstream Delay Avg": [
        0.9149942163757665,
        0.9150783407976935
    ],
    "Downstream Delay 95th Perc": [
        0.9150000015276702,
        0.9150000017821884
    ],
    "Downstream Delay Var": [
        -1.0239433945650146e-05,
        0.00014008988947741548
    ],
    "RTT Avg": [
        1299.0893280918692,
        1300.1486985641734
    ],
    "RTT 95th Perc": [
        2288.0457630140418,
        2289.669716616071
    ],
    "RTT Var": [
        404035.2124501313,
        404783.36870912346
    ]
}