{
    "Upstream PDR": [
        0.2931875539172394,
        0.30376699153730613
    ],
    "Downstream PDR": [
        0.846718352183841,
        0.8521222948147594
    ],
    "TicToc PDR": [
        0.24878313435912064,
        0.25835063187464574
    ],
    "Packets retransmitted per node AVG": [
        0.0,
        0.0
    ],
    "Counter of retransmission per packet AVG": [
        0.0,
        0.0
    ],
    "Intertime of retransmissions AVG": [
        0.0,
        0.0
    ],
    "Packets delivered": [
        0.4662517709302296,
        0.4770386414740775
    ],
    "Packets lost due to noise": [
        0.09415176450854912,
        0.09770309482383446
    ],
    "Packets collided": [
        0.0,
        0.0
    ],
    "Destinatary out of range": [
        0.0,
        0.0
    ],
    "Packets dropped": [
        0.0,
        0.0
    ],
    "Other causes of loss": [
        0.4264479720588765,
        0.43840675620443303
    ],
    "Queue MN Avg": [
        0.307468757961982,
        0.3074982418875662
    ],
    "Queue MN Var": [
        6.435141246015331e-08,
        7.156453739791929e-08
    ],
    "Queue BR Avg": [
        0.10929403838616313,
        0.11323856698627592
    ],
    "Queue BR Var": [
        0.0065399707312366875,
        0.007812836137585816
    ],
    "Upstream Delay Avg": [
        0.6088883063818166,
        0.6097039022184408
    ],
    "Upstream Delay 95th Perc": [
        1.1557042323614313,
        1.1562771104421687
    ],
    "Upstream Delay Var": [
        0.12295043770007513,
        0.1231632707779988
    ],
    "Downstream Delay Avg": [
        0.6150000000062075,
        0.615000000011217
    ],
    "Downstream Delay 95th Perc": [
        0.6150000012781384,
        0.615000001313973
    ],
    "Downstream Delay Var": [
        3.186526569628622e-19,
        1.6415124691356412e-18
    ],
    "RTT Avg": [
        1410.9848683573746,
        1422.7407296562174
    ],
    "RTT 95th Perc": [
        1945.6377347492717,
        1973.9593163631603
    ],
    "RTT Var": [
        237883.69088283656,
        258407.69466539423
    ]
}