{
    "Upstream PDR": [
        0.28997963465524773,
        0.2997069454313325
    ],
    "Downstream PDR": [
        0.8191076672795079,
        0.8284981139849295
    ],
    "TicToc PDR": [
        0.23834888816310157,
        0.2475558737416605
    ],
    "Packets retransmitted per node AVG": [
        0.0,
        0.0
    ],
    "Counter of retransmission per packet AVG": [
        0.0,
        0.0
    ],
    "Intertime of retransmissions AVG": [
        0.0,
        0.0
    ],
    "Packets delivered": [
        0.4523705903701629,
        0.46329762857694223
    ],
    "Packets lost due to noise": [
        0.10434255938596639,
        0.10903074256410843
    ],
    "Packets collided": [
        0.0,
        0.0
    ],
    "Destinatary out of range": [
        0.0,
        0.0
    ],
    "Packets dropped": [
        0.0,
        0.0
    ],
    "Other causes of loss": [
        0.4300966381958361,
        0.44086184090698377
    ],
    "Queue MN Avg": [
        0.2324832628043281,
        0.2325058507822408
    ],
    "Queue MN Var": [
        3.112562700858488e-08,
        3.639729782985205e-08
    ],
    "Queue BR Avg": [
        0.08793211114101408,
        0.09088188064471513
    ],
    "Queue BR Var": [
        0.0038301241330705228,
        0.004818045066218933
    ],
    "Upstream Delay Avg": [
        0.4590317052310794,
        0.4597856256773112
    ],
    "Upstream Delay 95th Perc": [
        0.8708589540306984,
        0.8713369959313015
    ],
    "Upstream Delay Var": [
        0.06964130461607097,
        0.06980548655562245
    ],
    "Downstream Delay Avg": [
        0.4650000000012189,
        0.465000000006356
    ],
    "Downstream Delay 95th Perc": [
        0.46500000072600317,
        0.4650000007392138
    ],
    "Downstream Delay Var": [
        3.1984651498375264e-19,
        3.407072099578709e-19
    ],
    "RTT Avg": [
        1409.4517657543952,
        1423.3200053742103
    ],
    "RTT 95th Perc": [
        1952.2991067502435,
        1982.3259586578324
    ],
    "RTT Var": [
        236772.06543568056,
        257515.64186506555
    ]
}