{
    "Upstream PDR": [
        0.19252237639256653,
        0.1972958054256153
    ],
    "Downstream PDR": [
        0.8160019785916084,
        0.8214858724534586
    ],
    "TicToc PDR": [
        0.15738984890309676,
        0.1618166446033968
    ],
    "Packets retransmitted per node AVG": [
        0.0,
        0.0
    ],
    "Counter of retransmission per packet AVG": [
        0.0,
        0.0
    ],
    "Intertime of retransmissions AVG": [
        0.0,
        0.0
    ],
    "Packets delivered": [
        0.3836126828162603,
        0.39110043788976284
    ],
    "Packets lost due to noise": [
        0.09996135105163967,
        0.10244761509964884
    ],
    "Packets collided": [
        0.0,
        0.0
    ],
    "Destinatary out of range": [
        -1.3935175191913254e-05,
        6.731213510470413e-05
    ],
    "Packets dropped": [
        0.0,
        0.0
    ],
    "Other causes of loss": [
        0.5076822412894249,
        0.5151422948933508
    ],
    "Queue MN Avg": [
        111.93155921880259,
        111.9532565044095
    ],
    "Queue MN Var": [
        0.08659461756104915,
        0.09210420331404885
    ],
    "Queue BR Avg": [
        0.4069109031841093,
        0.41698814390066397
    ],
    "Queue BR Var": [
        0.059112209609710635,
        0.06979644488237215
    ],
    "Upstream Delay Avg": [
        241.94884308959487,
        243.05262426579597
    ],
    "Upstream Delay 95th Perc": [
        379.8168192092436,
        385.0385556090383
    ],
    "Upstream Delay Var": [
        8197.195651965041,
        8617.64032148787
    ],
    "Downstream Delay Avg": [
        1.214901083358885,
        1.2153050007135242
    ],
    "Downstream Delay 95th Perc": [
        1.214172033113486,
        1.2175529709924244
    ],
    "Downstream Delay Var": [
        -0.00021127935487879972,
        0.0006514611914505833
    ],
    "RTT Avg": [
        1429.1597520802,
        1437.454538970954
    ],
    "RTT 95th Perc": [
        1919.115433639661,
        1940.960460352211
    ],
    "RTT Var": [
        211382.75527709266,
        226723.50757775203
    ]
}