{
    "Upstream PDR": [
        0.25898079605091495,
        0.26272829485817584
    ],
    "Downstream PDR": [
        0.0,
        0.0
    ],
    "TicToc PDR": [
        0.0,
        0.0
    ],
    "Packets retransmitted per node AVG": [
        0.0,
        0.0
    ],
    "Counter of retransmission per packet AVG": [
        0.0,
        0.0
    ],
    "Intertime of retransmissions AVG": [
        0.0,
        0.0
    ],
    "Packets delivered": [
        0.25502007839364466,
        0.2589655838310387
    ],
    "Packets lost due to noise": [
        0.09126852356448702,
        0.09341123264691094
    ],
    "Packets collided": [
        -2.139193198758745e-06,
        8.659249165519935e-06
    ],
    "Destinatary out of range": [
        -1.0250892317229067e-05,
        6.241117471424337e-05
    ],
    "Packets dropped": [
        0.0,
        0.0
    ],
    "Other causes of loss": [
        0.648647697854305,
        0.65262820337125
    ],
    "Queue MN Avg": [
        0.43484496634911063,
        0.4350558751908302
    ],
    "Queue MN Var": [
        1.241413835000856e-05,
        1.2996247193406592e-05
    ],
    "Queue BR Avg": [
        0.0,
        0.0
    ],
    "Queue BR Var": [
        0.0,
        0.0
    ],
    "Upstream Delay Avg": [
        0.8631757654028187,
        0.8641887667779806
    ],
    "Upstream Delay 95th Perc": [
        1.639788558641978,
        1.6408362142024224
    ],
    "Upstream Delay Var": [
        0.24780182794987138,
        0.24821017246231175
    ],
    "Downstream Delay Avg": [
        0.0,
        0.0
    ],
    "Downstream Delay 95th Perc": [
        0.0,
        0.0
    ],
    "Downstream Delay Var": [
        0.0,
        0.0
    ],
    "RTT Avg": [
        0.0,
        0.0
    ],
    "RTT 95th Perc": [
        0.0,
        0.0
    ],
    "RTT Var": [
        0.0,
        0.0
    ]
}