{
    "Upstream PDR": [
        0.6418089242772578,
        0.6441947120863785
    ],
    "Downstream PDR": [
        0.9152734880916209,
        0.9172115777721568
    ],
    "TicToc PDR": [
        0.5876839003579607,
        0.5906158399017795
    ],
    "Packets retransmitted per node AVG": [
        0.0,
        0.0
    ],
    "Counter of retransmission per packet AVG": [
        0.0,
        0.0
    ],
    "Intertime of retransmissions AVG": [
        0.0,
        0.0
    ],
    "Packets delivered": [
        0.9420735505212973,
        0.944494724466126
    ],
    "Packets lost due to noise": [
        0.04773759331493116,
        0.04913261056603127
    ],
    "Packets collided": [
        0.0,
        0.0
    ],
    "Destinatary out of range": [
        0.0,
        0.0
    ],
    "Packets dropped": [
        0.0,
        0.0
    ],
    "Other causes of loss": [
        0.007493084498209774,
        0.009068436633404732
    ],
    "Queue MN Avg": [
        218.89186141462648,
        218.90912733140374
    ],
    "Queue MN Var": [
        0.08318183922198714,
        0.08909751879107107
    ],
    "Queue BR Avg": [
        1.9435884619538624,
        1.9508168866431435
    ],
    "Queue BR Var": [
        0.251103336514278,
        0.31055445637651174
    ],
    "Upstream Delay Avg": [
        437.81521815429716,
        437.9220841578945
    ],
    "Upstream Delay 95th Perc": [
        771.2679561295485,
        771.3770384323453
    ],
    "Upstream Delay Var": [
        45792.7121498407,
        45814.070839409374
    ],
    "Downstream Delay Avg": [
        1.515000000004636,
        1.5150000000556312
    ],
    "Downstream Delay 95th Perc": [
        1.5150000023614834,
        1.515000002576287
    ],
    "Downstream Delay Var": [
        2.943892331048859e-18,
        8.573064565896749e-18
    ],
    "RTT Avg": [
        1299.4142822807128,
        1300.1659541095808
    ],
    "RTT 95th Perc": [
        2287.9639424522625,
        2288.910771461807
    ],
    "RTT Var": [
        404298.05723283207,
        404898.4729108396
    ]
}