{
    "Upstream PDR": [
        0.22127411704281555,
        0.2241310777623792
    ],
    "Downstream PDR": [
        0.8188950360591782,
        0.8240716736788669
    ],
    "TicToc PDR": [
        0.1813590328791646,
        0.18457668140654965
    ],
    "Packets retransmitted per node AVG": [
        0.0,
        0.0
    ],
    "Counter of retransmission per packet AVG": [
        0.0,
        0.0
    ],
    "Intertime of retransmissions AVG": [
        0.0,
        0.0
    ],
    "Packets delivered": [
        0.38955251889845327,
        0.3942432972323882
    ],
    "Packets lost due to noise": [
        0.09995194309014951,
        0.10222910641474087
    ],
    "Packets collided": [
        0.0,
        0.0
    ],
    "Destinatary out of range": [
        -8.234066826136651e-06,
        5.1088822780961116e-05
    ],
    "Packets dropped": [
        0.0,
        0.0
    ],
    "Other causes of loss": [
        0.5049129587017759,
        0.509067320906537
    ],
    "Queue MN Avg": [
        111.93155921880259,
        111.9532565044095
    ],
    "Queue MN Var": [
        0.08659461756104915,
        0.09210420331404885
    ],
    "Queue BR Avg": [
        0.4674187575640866,
        0.4734641188373745
    ],
    "Queue BR Var": [
        0.06307787912674895,
        0.07623723554321021
    ],
    "Upstream Delay Avg": [
        223.12346402381024,
        223.3738730264061
    ],
    "Upstream Delay 95th Perc": [
        388.6984750900261,
        388.7936363641008
    ],
    "Upstream Delay Var": [
        11416.162285815326,
        11443.075145129047
    ],
    "Downstream Delay Avg": [
        1.2149921519999471,
        1.2150241987893688
    ],
    "Downstream Delay 95th Perc": [
        1.2150000203606581,
        1.2150000206350142
    ],
    "Downstream Delay Var": [
        -1.8862780377322096e-05,
        5.81617138404927e-05
    ],
    "RTT Avg": [
        1294.9025745684949,
        1296.5503768203826
    ],
    "RTT 95th Perc": [
        2257.9961834843684,
        2259.420285437184
    ],
    "RTT Var": [
        385226.72325195186,
        386763.3826230677
    ]
}