{
    "Upstream PDR": [
        0.799772685680436,
        0.8030331584754083
    ],
    "Downstream PDR": [
        0.9072836942508776,
        0.9099616511714
    ],
    "TicToc PDR": [
        0.7259530479773976,
        0.7304125364381869
    ],
    "Packets retransmitted per node AVG": [
        0.0,
        0.0
    ],
    "Counter of retransmission per packet AVG": [
        0.0,
        0.0
    ],
    "Intertime of retransmissions AVG": [
        0.0,
        0.0
    ],
    "Packets delivered": [
        0.93719624992935,
        0.940080576511424
    ],
    "Packets lost due to noise": [
        0.05124615918806299,
        0.05292293485680737
    ],
    "Packets collided": [
        -8.276750236574761e-07,
        5.358261400230414e-06
    ],
    "Destinatary out of range": [
        -2.758916745524916e-07,
        1.786087133410138e-06
    ],
    "Packets dropped": [
        0.0,
        0.0
    ],
    "Other causes of loss": [
        0.008404431645830103,
        0.01014360708668994
    ],
    "Queue MN Avg": [
        111.93155921880259,
        111.9532565044095
    ],
    "Queue MN Var": [
        0.08659461756104915,
        0.09210420331404885
    ],
    "Queue BR Avg": [
        1.5549702189648331,
        1.561178667427216
    ],
    "Queue BR Var": [
        0.1570353964731275,
        0.19168605152241233
    ],
    "Upstream Delay Avg": [
        223.8558998058318,
        223.91710476360882
    ],
    "Upstream Delay 95th Perc": [
        393.9907530115407,
        394.04173490749594
    ],
    "Upstream Delay Var": [
        11907.686430445177,
        11912.009851222021
    ],
    "Downstream Delay Avg": [
        1.2149793784869038,
        1.2151317549741945
    ],
    "Downstream Delay 95th Perc": [
        1.2150000224218165,
        1.2150000226257502
    ],
    "Downstream Delay Var": [
        -4.819771324376368e-05,
        0.0003081962652762566
    ],
    "RTT Avg": [
        1299.1167521629543,
        1299.7438832936957
    ],
    "RTT 95th Perc": [
        2289.291194925987,
        2289.814723990471
    ],
    "RTT Var": [
        403673.7417197566,
        404040.92620584636
    ]
}