{
    "Upstream PDR": [
        0.2877419223975549,
        0.2918795061738736
    ],
    "Downstream PDR": [
        0.0,
        0.0
    ],
    "TicToc PDR": [
        0.0,
        0.0
    ],
    "Packets retransmitted per node AVG": [
        0.0,
        0.0
    ],
    "Counter of retransmission per packet AVG": [
        0.0,
        0.0
    ],
    "Intertime of retransmissions AVG": [
        0.0,
        0.0
    ],
    "Packets delivered": [
        0.2935578876757392,
        0.2976240973205273
    ],
    "Packets lost due to noise": [
        0.08840861610601203,
        0.0903300120559335
    ],
    "Packets collided": [
        0.0,
        0.0
    ],
    "Destinatary out of range": [
        -4.808191977279548e-06,
        2.864610265821157e-05
    ],
    "Packets dropped": [
        0.0,
        0.0
    ],
    "Other causes of loss": [
        0.6122662786754254,
        0.617789270255682
    ],
    "Queue MN Avg": [
        0.3824770261510992,
        0.38252777094804197
    ],
    "Queue MN Var": [
        4.7179673002563844e-07,
        5.198405845973273e-07
    ],
    "Queue BR Avg": [
        0.0,
        0.0
    ],
    "Queue BR Var": [
        0.0,
        0.0
    ],
    "Upstream Delay Avg": [
        0.7585821603877483,
        0.7594866122725079
    ],
    "Upstream Delay 95th Perc": [
        1.4408711155005678,
        1.441488594615489
    ],
    "Upstream Delay Var": [
        0.19120070183383814,
        0.19150191293306112
    ],
    "Downstream Delay Avg": [
        0.0,
        0.0
    ],
    "Downstream Delay 95th Perc": [
        0.0,
        0.0
    ],
    "Downstream Delay Var": [
        0.0,
        0.0
    ],
    "RTT Avg": [
        0.0,
        0.0
    ],
    "RTT 95th Perc": [
        0.0,
        0.0
    ],
    "RTT Var": [
        0.0,
        0.0
    ]
}