{
    "Upstream PDR": [
        0.5856676427452601,
        0.6126388507612335
    ],
    "Downstream PDR": [
        0.0,
        0.0
    ],
    "TicToc PDR": [
        0.0,
        0.0
    ],
    "Packets retransmitted per node AVG": [
        0.0,
        0.0
    ],
    "Counter of retransmission per packet AVG": [
        0.0,
        0.0
    ],
    "Intertime of retransmissions AVG": [
        0.0,
        0.0
    ],
    "Packets delivered": [
        0.5927472867436753,
        0.6194650462901724
    ],
    "Packets lost due to noise": [
        0.11265680761430388,
        0.12298606155642983
    ],
    "Packets collided": [
        0.0,
        0.0
    ],
    "Destinatary out of range": [
        0.0,
        0.0
    ],
    "Packets dropped": [
        0.0,
        0.0
    ],
    "Other causes of loss": [
        0.26370909650273483,
        0.2884357012926842
    ],
    "Queue MN Avg": [
        0.05964703963311557,
        0.060311856283943185
    ],
    "Queue MN Var": [
        1.0989150246787918e-05,
        1.4003985670191027e-05
    ],
    "Queue BR Avg": [
        0.0,
        0.0
    ],
    "Queue BR Var": [
        0.0,
        0.0
    ],
    "Upstream Delay Avg": [
        0.11402662763147779,
        0.11550062243121713
    ],
    "Upstream Delay 95th Perc": [
        0.2150629037436268,
        0.21736183983854462
    ],
    "Upstream Delay Var": [
        0.004208812713369626,
        0.004223746264246182
    ],
    "Downstream Delay Avg": [
        0.0,
        0.0
    ],
    "Downstream Delay 95th Perc": [
        0.0,
        0.0
    ],
    "Downstream Delay Var": [
        0.0,
        0.0
    ],
    "RTT Avg": [
        0.0,
        0.0
    ],
    "RTT 95th Perc": [
        0.0,
        0.0
    ],
    "RTT Var": [
        0.0,
        0.0
    ]
}