{
    "Upstream PDR": [
        0.2413887010382503,
        0.24837679061295573
    ],
    "Downstream PDR": [
        0.8442669761592924,
        0.8483131076285465
    ],
    "TicToc PDR": [
        0.2040602295837681,
        0.21047631958135257
    ],
    "Packets retransmitted per node AVG": [
        0.0,
        0.0
    ],
    "Counter of retransmission per packet AVG": [
        0.0,
        0.0
    ],
    "Intertime of retransmissions AVG": [
        0.0,
        0.0
    ],
    "Packets delivered": [
        0.42218476028292146,
        0.43005090081420133
    ],
    "Packets lost due to noise": [
        0.0916856591446957,
        0.09392136810058158
    ],
    "Packets collided": [
        -5.205091051490951e-06,
        1.6049437579730485e-05
    ],
    "Destinatary out of range": [
        -1.1226073435382335e-05,
        5.4092792220549886e-05
    ],
    "Packets dropped": [
        0.0,
        0.0
    ],
    "Other causes of loss": [
        0.47666192926083895,
        0.48544167133144756
    ],
    "Queue MN Avg": [
        35.74721440348576,
        35.77119622381915
    ],
    "Queue MN Var": [
        0.07819415112126654,
        0.08432095484710347
    ],
    "Queue BR Avg": [
        0.272721438437685,
        0.28058870352675375
    ],
    "Queue BR Var": [
        0.032295602898071075,
        0.0376071942174823
    ],
    "Upstream Delay Avg": [
        77.1061494069551,
        77.43370547754424
    ],
    "Upstream Delay 95th Perc": [
        121.50518897348962,
        122.71088544344244
    ],
    "Upstream Delay Var": [
        839.6389485408607,
        879.8654272980549
    ],
    "Downstream Delay Avg": [
        1.0648453614568905,
        1.0658882118839308
    ],
    "Downstream Delay 95th Perc": [
        1.0643691779099922,
        1.069083886800454
    ],
    "Downstream Delay Var": [
        -0.00023858855107367636,
        0.0014406730822467781
    ],
    "RTT Avg": [
        1426.8019352567821,
        1435.0476343092591
    ],
    "RTT 95th Perc": [
        1914.8558353250044,
        1935.8938668188255
    ],
    "RTT Var": [
        215671.01857293045,
        230218.3263455103
    ]
}