{
    "Upstream PDR": [
        0.8872266020175007,
        0.8989292421383436
    ],
    "Downstream PDR": [
        0.843279111848525,
        0.8595919234786626
    ],
    "TicToc PDR": [
        0.7488732496990642,
        0.7726903866645722
    ],
    "Packets retransmitted per node AVG": [
        0.0,
        0.0
    ],
    "Counter of retransmission per packet AVG": [
        0.0,
        0.0
    ],
    "Intertime of retransmissions AVG": [
        0.0,
        0.0
    ],
    "Packets delivered": [
        0.8664698645957495,
        0.8799890327661558
    ],
    "Packets lost due to noise": [
        0.10140893964218109,
        0.11217314859735
    ],
    "Packets collided": [
        0.0,
        0.0
    ],
    "Destinatary out of range": [
        0.0,
        0.0
    ],
    "Packets dropped": [
        0.0,
        0.0
    ],
    "Other causes of loss": [
        0.018525320815303198,
        0.02143369358325998
    ],
    "Queue MN Avg": [
        0.08249465373446083,
        0.08251260279198969
    ],
    "Queue MN Var": [
        6.124113971529138e-09,
        8.449306589342764e-09
    ],
    "Queue BR Avg": [
        0.038525456628413494,
        0.03903367239975108
    ],
    "Queue BR Var": [
        0.0004603991124786745,
        0.0006102374559217352
    ],
    "Upstream Delay Avg": [
        0.15910040808992135,
        0.15948120142539537
    ],
    "Upstream Delay 95th Perc": [
        0.3006877719482033,
        0.30104617621562524
    ],
    "Upstream Delay Var": [
        0.008257102573602059,
        0.008271342054342058
    ],
    "Downstream Delay Avg": [
        0.16500000000942158,
        0.16500000001934492
    ],
    "Downstream Delay 95th Perc": [
        0.16500000529874057,
        0.16500000585259647
    ],
    "Downstream Delay Var": [
        1.0222960855987042e-17,
        1.141352745163536e-17
    ],
    "RTT Avg": [
        1299.578656439856,
        1301.5181149355064
    ],
    "RTT 95th Perc": [
        2288.935245456077,
        2290.7607627712373
    ],
    "RTT Var": [
        403263.32785758714,
        404373.75790135434
    ]
}