{
    "Upstream PDR": [
        0.6566128189710735,
        0.6606270078687532
    ],
    "Downstream PDR": [
        0.8411447040949308,
        0.8466958814951394
    ],
    "TicToc PDR": [
        0.5525653427150665,
        0.5591541378044143
    ],
    "Packets retransmitted per node AVG": [
        0.0,
        0.0
    ],
    "Counter of retransmission per packet AVG": [
        0.0,
        0.0
    ],
    "Intertime of retransmissions AVG": [
        0.0,
        0.0
    ],
    "Packets delivered": [
        0.8678780609684653,
        0.8729422074793511
    ],
    "Packets lost due to noise": [
        0.10443010393786169,
        0.10843560755550098
    ],
    "Packets collided": [
        -5.630512960187376e-07,
        1.736118838315154e-06
    ],
    "Destinatary out of range": [
        -1.1261025920374753e-06,
        3.472237676630308e-06
    ],
    "Packets dropped": [
        0.0,
        0.0
    ],
    "Other causes of loss": [
        0.022192228882118574,
        0.02411827197407481
    ],
    "Queue MN Avg": [
        171.32876992639635,
        171.34605466477828
    ],
    "Queue MN Var": [
        0.08496281390328937,
        0.09064265213973034
    ],
    "Queue BR Avg": [
        2.1222181743375237,
        2.135173398906692
    ],
    "Queue BR Var": [
        0.2590125704526276,
        0.31217698996814147
    ],
    "Upstream Delay Avg": [
        342.6855591140584,
        342.8115433417339
    ],
    "Upstream Delay 95th Perc": [
        603.5228742212684,
        603.6171662304115
    ],
    "Upstream Delay Var": [
        27994.65710693351,
        28010.393732840843
    ],
    "Downstream Delay Avg": [
        1.3649760178548127,
        1.3650739484248007
    ],
    "Downstream Delay 95th Perc": [
        1.365000023117428,
        1.3650000233546733
    ],
    "Downstream Delay Var": [
        -6.334001354589661e-05,
        0.00019530332585024237
    ],
    "RTT Avg": [
        1299.056699234876,
        1299.8762693321362
    ],
    "RTT 95th Perc": [
        2289.134184342541,
        2289.6665191208026
    ],
    "RTT Var": [
        403514.0982347699,
        403992.8370726956
    ]
}