{
    "Upstream PDR": [
        0.5221431684478162,
        0.5523815068768594
    ],
    "Downstream PDR": [
        0.0,
        0.0
    ],
    "TicToc PDR": [
        0.0,
        0.0
    ],
    "Packets retransmitted per node AVG": [
        0.0,
        0.0
    ],
    "Counter of retransmission per packet AVG": [
        0.0,
        0.0
    ],
    "Intertime of retransmissions AVG": [
        0.0,
        0.0
    ],
    "Packets delivered": [
        0.5294130763095393,
        0.5590890910910624
    ],
    "Packets lost due to noise": [
        0.12425643011474408,
        0.1310520376123942
    ],
    "Packets collided": [
        0.0,
        0.0
    ],
    "Destinatary out of range": [
        0.0,
        0.0
    ],
    "Packets dropped": [
        0.0,
        0.0
    ],
    "Other causes of loss": [
        0.31401582178741955,
        0.3421735430848409
    ],
    "Queue MN Avg": [
        0.05964703963311557,
        0.060311856283943185
    ],
    "Queue MN Var": [
        1.0989150246787918e-05,
        1.4003985670191027e-05
    ],
    "Queue BR Avg": [
        0.0,
        0.0
    ],
    "Queue BR Var": [
        0.0,
        0.0
    ],
    "Upstream Delay Avg": [
        0.113908485585039,
        0.1154897958635657
    ],
    "Upstream Delay 95th Perc": [
        0.21485829760207684,
        0.21717055767695168
    ],
    "Upstream Delay Var": [
        0.0042107011454078835,
        0.0042257347782062435
    ],
    "Downstream Delay Avg": [
        0.0,
        0.0
    ],
    "Downstream Delay 95th Perc": [
        0.0,
        0.0
    ],
    "Downstream Delay Var": [
        0.0,
        0.0
    ],
    "RTT Avg": [
        0.0,
        0.0
    ],
    "RTT 95th Perc": [
        0.0,
        0.0
    ],
    "RTT Var": [
        0.0,
        0.0
    ]
}