{
    "Upstream PDR": [
        0.5997047520868728,
        0.6282796634975432
    ],
    "Downstream PDR": [
        0.8752098720941914,
        0.8859435326039773
    ],
    "TicToc PDR": [
        0.5265491525335666,
        0.5554040942196798
    ],
    "Packets retransmitted per node AVG": [
        0.0,
        0.0
    ],
    "Counter of retransmission per packet AVG": [
        0.0,
        0.0
    ],
    "Intertime of retransmissions AVG": [
        0.0,
        0.0
    ],
    "Packets delivered": [
        0.7091779245101829,
        0.7313047238693381
    ],
    "Packets lost due to noise": [
        0.10075016715175088,
        0.10915879347644127
    ],
    "Packets collided": [
        0.0,
        0.0
    ],
    "Destinatary out of range": [
        0.0,
        0.0
    ],
    "Packets dropped": [
        0.0,
        0.0
    ],
    "Other causes of loss": [
        0.1649904720732804,
        0.18461791891900656
    ],
    "Queue MN Avg": [
        0.08249465373446083,
        0.08251260279198969
    ],
    "Queue MN Var": [
        6.124113971529138e-09,
        8.449306589342764e-09
    ],
    "Queue BR Avg": [
        0.014993032906011318,
        0.015707449026522487
    ],
    "Queue BR Var": [
        0.0001314624891055556,
        0.0001612507033200417
    ],
    "Upstream Delay Avg": [
        0.15899990895202504,
        0.15942812458410932
    ],
    "Upstream Delay 95th Perc": [
        0.30068182417293826,
        0.3010877671068903
    ],
    "Upstream Delay Var": [
        0.008266544194328708,
        0.008284784183425898
    ],
    "Downstream Delay Avg": [
        0.1650000000231174,
        0.16500000003936757
    ],
    "Downstream Delay 95th Perc": [
        0.1650000053651848,
        0.16500000596633516
    ],
    "Downstream Delay Var": [
        1.0853548907030879e-17,
        1.2488550261318633e-17
    ],
    "RTT Avg": [
        1296.2154141122478,
        1299.6201079355792
    ],
    "RTT 95th Perc": [
        2272.125681956951,
        2274.72932623114
    ],
    "RTT Var": [
        392831.10064108705,
        395069.4319812845
    ]
}