{
    "Upstream PDR": [
        0.14391101491282163,
        0.14893342953162284
    ],
    "Downstream PDR": [
        0.7855341115594102,
        0.7934233890443337
    ],
    "TicToc PDR": [
        0.11324971596671114,
        0.1180599521429569
    ],
    "Packets retransmitted per node AVG": [
        0.0,
        0.0
    ],
    "Counter of retransmission per packet AVG": [
        0.0,
        0.0
    ],
    "Intertime of retransmissions AVG": [
        0.0,
        0.0
    ],
    "Packets delivered": [
        0.31736251089402795,
        0.3268449145070325
    ],
    "Packets lost due to noise": [
        0.10428809278378809,
        0.10672403869800148
    ],
    "Packets collided": [
        0.0,
        0.0
    ],
    "Destinatary out of range": [
        -2.5103321131370502e-05,
        7.740386893452206e-05
    ],
    "Packets dropped": [
        0.0,
        0.0
    ],
    "Other causes of loss": [
        0.5675115819754174,
        0.5772165605939293
    ],
    "Queue MN Avg": [
        171.32876992639635,
        171.34605466477828
    ],
    "Queue MN Var": [
        0.08496281390328937,
        0.09064265213973034
    ],
    "Queue BR Avg": [
        0.6313876264273282,
        0.653415662567324
    ],
    "Queue BR Var": [
        0.13329600140117562,
        0.17444215863017223
    ],
    "Upstream Delay Avg": [
        365.47884529531507,
        367.3230838800192
    ],
    "Upstream Delay 95th Perc": [
        581.4017001249107,
        586.3501767930362
    ],
    "Upstream Delay Var": [
        20172.63871391149,
        21123.026184105038
    ],
    "Downstream Delay Avg": [
        1.3649999999550346,
        1.365000000156379
    ],
    "Downstream Delay 95th Perc": [
        1.3650000019512503,
        1.365000002246216
    ],
    "Downstream Delay Var": [
        2.0159231522297003e-18,
        4.744179276235398e-18
    ],
    "RTT Avg": [
        1402.865298474824,
        1411.0844147738414
    ],
    "RTT 95th Perc": [
        1910.987306528757,
        1930.1608158122226
    ],
    "RTT Var": [
        228279.36611577542,
        242688.19203010108
    ]
}