{
    "Upstream PDR": [
        0.5925999206019561,
        0.59624371576168
    ],
    "Downstream PDR": [
        0.8408705690068053,
        0.8471766701985232
    ],
    "TicToc PDR": [
        0.49856535751927006,
        0.5049213957274832
    ],
    "Packets retransmitted per node AVG": [
        0.0,
        0.0
    ],
    "Counter of retransmission per packet AVG": [
        0.0,
        0.0
    ],
    "Intertime of retransmissions AVG": [
        0.0,
        0.0
    ],
    "Packets delivered": [
        0.8687970152975526,
        0.874253722911914
    ],
    "Packets lost due to noise": [
        0.10326799770605143,
        0.10752780454904294
    ],
    "Packets collided": [
        0.0,
        0.0
    ],
    "Destinatary out of range": [
        0.0,
        0.0
    ],
    "Packets dropped": [
        0.0,
        0.0
    ],
    "Other causes of loss": [
        0.022117041651355404,
        0.024036417884083366
    ],
    "Queue MN Avg": [
        218.89186141462648,
        218.90912733140374
    ],
    "Queue MN Var": [
        0.08318183922198714,
        0.08909751879107107
    ],
    "Queue BR Avg": [
        2.361263552813119,
        2.3757818684819245
    ],
    "Queue BR Var": [
        0.2959291326902091,
        0.3990602630038726
    ],
    "Upstream Delay Avg": [
        437.7838488230338,
        437.9475487818217
    ],
    "Upstream Delay 95th Perc": [
        771.2114639969581,
        771.3695140286046
    ],
    "Upstream Delay Var": [
        45724.24708743829,
        45756.34178298998
    ],
    "Downstream Delay Avg": [
        1.515000000460197,
        1.515000000494315
    ],
    "Downstream Delay 95th Perc": [
        1.515000023544789,
        1.5150000237067265
    ],
    "Downstream Delay Var": [
        3.009203623973177e-16,
        3.080612639560762e-16
    ],
    "RTT Avg": [
        1299.4462294559605,
        1300.143670171997
    ],
    "RTT 95th Perc": [
        2288.637444434679,
        2289.2761523573204
    ],
    "RTT Var": [
        403145.6716364226,
        403687.5450445696
    ]
}