{
    "Upstream PDR": [
        0.8000417924347708,
        0.8034588569158786
    ],
    "Downstream PDR": [
        0.9138460352056562,
        0.9166629513477683
    ],
    "TicToc PDR": [
        0.7314650105916878,
        0.7361681062914294
    ],
    "Packets retransmitted per node AVG": [
        0.0,
        0.0
    ],
    "Counter of retransmission per packet AVG": [
        0.0,
        0.0
    ],
    "Intertime of retransmissions AVG": [
        0.0,
        0.0
    ],
    "Packets delivered": [
        0.9407330121717508,
        0.943726398098518
    ],
    "Packets lost due to noise": [
        0.048602836973287655,
        0.05027367660194204
    ],
    "Packets collided": [
        -1.783748446439337e-06,
        8.205620619188761e-06
    ],
    "Destinatary out of range": [
        -1.8138709354824507e-07,
        5.592910492579014e-07
    ],
    "Packets dropped": [
        0.0,
        0.0
    ],
    "Other causes of loss": [
        0.007437801121699508,
        0.009219475256673354
    ],
    "Queue MN Avg": [
        111.93155921880259,
        111.9532565044095
    ],
    "Queue MN Var": [
        0.08659461756104915,
        0.09210420331404885
    ],
    "Queue BR Avg": [
        1.555720109917765,
        1.5620490487742447
    ],
    "Queue BR Var": [
        0.16521485209109435,
        0.2029450893325437
    ],
    "Upstream Delay Avg": [
        223.89141845056173,
        223.94535944799998
    ],
    "Upstream Delay 95th Perc": [
        393.9578835853851,
        394.0157756451693
    ],
    "Upstream Delay Var": [
        11904.830508471365,
        11909.600272511503
    ],
    "Downstream Delay Avg": [
        1.2149142396301045,
        1.2154747595643212
    ],
    "Downstream Delay 95th Perc": [
        1.2143697444435932,
        1.2190802735915998
    ],
    "Downstream Delay Var": [
        -0.00017437385138608286,
        0.0010109181977892797
    ],
    "RTT Avg": [
        1299.6033389971326,
        1300.0633914667333
    ],
    "RTT 95th Perc": [
        2288.9317092689816,
        2289.5083596528148
    ],
    "RTT Var": [
        403457.90717195586,
        403836.76595238893
    ]
}