{
    "Upstream PDR": [
        0.9967111454805491,
        0.9974343090649056
    ],
    "Downstream PDR": [
        0.9744133099721433,
        0.9767482798685496
    ],
    "TicToc PDR": [
        0.9713214155397707,
        0.9741331299147749
    ],
    "Packets retransmitted per node AVG": [
        0.0,
        0.0
    ],
    "Counter of retransmission per packet AVG": [
        0.0,
        0.0
    ],
    "Intertime of retransmissions AVG": [
        0.0,
        0.0
    ],
    "Packets delivered": [
        0.9855336691668772,
        0.9868799454816641
    ],
    "Packets lost due to noise": [
        0.012112819307955703,
        0.013343623578024315
    ],
    "Packets collided": [
        0.0,
        0.0
    ],
    "Destinatary out of range": [
        0.0,
        0.0
    ],
    "Packets dropped": [
        0.0,
        0.0
    ],
    "Other causes of loss": [
        0.0009891813131577265,
        0.0011407611523207826
    ],
    "Queue MN Avg": [
        0.15748708701597997,
        0.15750727334782455
    ],
    "Queue MN Var": [
        2.016986796767e-08,
        2.4157765016580824e-08
    ],
    "Queue BR Avg": [
        0.08262679330625176,
        0.08268670247958353
    ],
    "Queue BR Var": [
        0.0020294290397518404,
        0.002622402674946843
    ],
    "Upstream Delay Avg": [
        0.30910214781993683,
        0.30930519890510466
    ],
    "Upstream Delay 95th Perc": [
        0.5857491457508233,
        0.5860224450646052
    ],
    "Upstream Delay Var": [
        0.03151676764911936,
        0.03152268501681185
    ],
    "Downstream Delay Avg": [
        0.31499999999963973,
        0.3150000000012551
    ],
    "Downstream Delay 95th Perc": [
        0.3150000007643715,
        0.31500000077643153
    ],
    "Downstream Delay Var": [
        2.1009940056751774e-19,
        2.218231887192328e-19
    ],
    "RTT Avg": [
        1299.7963383575375,
        1300.3512369423597
    ],
    "RTT 95th Perc": [
        2289.635308837018,
        2290.2788421931764
    ],
    "RTT Var": [
        403128.0379740465,
        403546.113805821
    ]
}