{
    "Upstream PDR": [
        0.18374803375665594,
        0.18978508312646092
    ],
    "Downstream PDR": [
        0.782985344787746,
        0.7909468948266909
    ],
    "TicToc PDR": [
        0.14420856629191225,
        0.14985961552626959
    ],
    "Packets retransmitted per node AVG": [
        0.0,
        0.0
    ],
    "Counter of retransmission per packet AVG": [
        0.0,
        0.0
    ],
    "Intertime of retransmissions AVG": [
        0.0,
        0.0
    ],
    "Packets delivered": [
        0.32667904695981137,
        0.33627323599627806
    ],
    "Packets lost due to noise": [
        0.10577742360476872,
        0.10899989290278536
    ],
    "Packets collided": [
        0.0,
        0.0
    ],
    "Destinatary out of range": [
        -1.6210394338913197e-05,
        7.759706838317249e-05
    ],
    "Packets dropped": [
        0.0,
        0.0
    ],
    "Other causes of loss": [
        0.555865663662291,
        0.5663433502000219
    ],
    "Queue MN Avg": [
        111.93155921880259,
        111.9532565044095
    ],
    "Queue MN Var": [
        0.08659461756104915,
        0.09210420331404885
    ],
    "Queue BR Avg": [
        0.637632962490938,
        0.6585739404905067
    ],
    "Queue BR Var": [
        0.10238808554823593,
        0.1335040798270402
    ],
    "Upstream Delay Avg": [
        223.44167592325363,
        223.76888800440497
    ],
    "Upstream Delay 95th Perc": [
        388.95252967054205,
        389.10835903573866
    ],
    "Upstream Delay Var": [
        11560.733288168825,
        11589.226840109908
    ],
    "Downstream Delay Avg": [
        1.2149999999328278,
        1.2150000001877084
    ],
    "Downstream Delay 95th Perc": [
        1.2150000188309698,
        1.2150000193347583
    ],
    "Downstream Delay Var": [
        1.8310546820051683e-16,
        1.9235227542273113e-16
    ],
    "RTT Avg": [
        1294.8303949896865,
        1301.4661582960014
    ],
    "RTT 95th Perc": [
        2244.3063547703514,
        2254.447342376194
    ],
    "RTT Var": [
        386441.58487608883,
        391625.9174588188
    ]
}