{
    "Upstream PDR": [
        0.9664130428745491,
        0.970005658424152
    ],
    "Downstream PDR": [
        0.0,
        0.0
    ],
    "TicToc PDR": [
        0.0,
        0.0
    ],
    "Packets retransmitted per node AVG": [
        0.0,
        0.0
    ],
    "Counter of retransmission per packet AVG": [
        0.0,
        0.0
    ],
    "Intertime of retransmissions AVG": [
        0.0,
        0.0
    ],
    "Packets delivered": [
        0.9665587005608043,
        0.9701817699195112
    ],
    "Packets lost due to noise": [
        0.02853892651247149,
        0.03065581491053263
    ],
    "Packets collided": [
        0.0,
        0.0
    ],
    "Destinatary out of range": [
        0.0,
        0.0
    ],
    "Packets dropped": [
        0.0,
        0.0
    ],
    "Other causes of loss": [
        0.00048640094085032376,
        0.0035783871558298583
    ],
    "Queue MN Avg": [
        0.24723216604707185,
        0.2476151663755283
    ],
    "Queue MN Var": [
        1.2265358261018503e-05,
        1.3387054249554595e-05
    ],
    "Queue BR Avg": [
        0.0,
        0.0
    ],
    "Queue BR Var": [
        0.0,
        0.0
    ],
    "Upstream Delay Avg": [
        0.4886423538852807,
        0.4894290845012557
    ],
    "Upstream Delay 95th Perc": [
        0.9280273503838629,
        0.9285567379703662
    ],
    "Upstream Delay Var": [
        0.07919207387488535,
        0.07924874686615417
    ],
    "Downstream Delay Avg": [
        0.0,
        0.0
    ],
    "Downstream Delay 95th Perc": [
        0.0,
        0.0
    ],
    "Downstream Delay Var": [
        0.0,
        0.0
    ],
    "RTT Avg": [
        0.0,
        0.0
    ],
    "RTT 95th Perc": [
        0.0,
        0.0
    ],
    "RTT Var": [
        0.0,
        0.0
    ]
}