{
    "Upstream PDR": [
        0.3319634582709933,
        0.3602495287419938
    ],
    "Downstream PDR": [
        0.7825567869565285,
        0.8057062701456211
    ],
    "TicToc PDR": [
        0.26234520481385626,
        0.28841843154978
    ],
    "Packets retransmitted per node AVG": [
        0.0,
        0.0
    ],
    "Counter of retransmission per packet AVG": [
        0.0,
        0.0
    ],
    "Intertime of retransmissions AVG": [
        0.0,
        0.0
    ],
    "Packets delivered": [
        0.4654637040753922,
        0.4954730024109703
    ],
    "Packets lost due to noise": [
        0.12626959158987192,
        0.13924448282896493
    ],
    "Packets collided": [
        0.0,
        0.0
    ],
    "Destinatary out of range": [
        0.0,
        0.0
    ],
    "Packets dropped": [
        0.0,
        0.0
    ],
    "Other causes of loss": [
        0.37199182155737553,
        0.40155739753742514
    ],
    "Queue MN Avg": [
        0.08249465373446083,
        0.08251260279198969
    ],
    "Queue MN Var": [
        6.124113971529138e-09,
        8.449306589342764e-09
    ],
    "Queue BR Avg": [
        0.01956362766630299,
        0.02123082492443756
    ],
    "Queue BR Var": [
        0.00024786347108935835,
        0.00034633948463753136
    ],
    "Upstream Delay Avg": [
        0.159050451993875,
        0.15960252271757494
    ],
    "Upstream Delay 95th Perc": [
        0.3007076389798263,
        0.3011086315376024
    ],
    "Upstream Delay Var": [
        0.008251819975711706,
        0.008291617286768808
    ],
    "Downstream Delay Avg": [
        0.16500000000020884,
        0.16500000000384382
    ],
    "Downstream Delay 95th Perc": [
        0.16500000047666621,
        0.1650000005378768
    ],
    "Downstream Delay Var": [
        9.372721654060362e-20,
        1.145604777879646e-19
    ],
    "RTT Avg": [
        1345.5300914737436,
        1368.371834653345
    ],
    "RTT 95th Perc": [
        2049.0120655089004,
        2110.4406652082107
    ],
    "RTT Var": [
        296957.2700359132,
        336190.1170723941
    ]
}