{
    "Upstream PDR": [
        0.9933336018967289,
        0.9965352292721021
    ],
    "Downstream PDR": [
        0.0,
        0.0
    ],
    "TicToc PDR": [
        0.0,
        0.0
    ],
    "Packets retransmitted per node AVG": [
        0.0,
        0.0
    ],
    "Counter of retransmission per packet AVG": [
        0.0,
        0.0
    ],
    "Intertime of retransmissions AVG": [
        0.0,
        0.0
    ],
    "Packets delivered": [
        0.9933597495639682,
        0.9965824012713848
    ],
    "Packets lost due to noise": [
        0.00270580025264898,
        0.00301897216172351
    ],
    "Packets collided": [
        0.0,
        0.0
    ],
    "Destinatary out of range": [
        0.0,
        0.0
    ],
    "Packets dropped": [
        0.0,
        0.0
    ],
    "Other causes of loss": [
        0.0005832180772265281,
        0.003749858673048184
    ],
    "Queue MN Avg": [
        0.3824770261510992,
        0.38252777094804197
    ],
    "Queue MN Var": [
        4.7179673002563844e-07,
        5.198405845973273e-07
    ],
    "Queue BR Avg": [
        0.0,
        0.0
    ],
    "Queue BR Var": [
        0.0,
        0.0
    ],
    "Upstream Delay Avg": [
        0.7589432360275477,
        0.7592469953324152
    ],
    "Upstream Delay 95th Perc": [
        1.4408514566988904,
        1.4410462442127103
    ],
    "Upstream Delay Var": [
        0.19125903235584824,
        0.19128224121146414
    ],
    "Downstream Delay Avg": [
        0.0,
        0.0
    ],
    "Downstream Delay 95th Perc": [
        0.0,
        0.0
    ],
    "Downstream Delay Var": [
        0.0,
        0.0
    ],
    "RTT Avg": [
        0.0,
        0.0
    ],
    "RTT 95th Perc": [
        0.0,
        0.0
    ],
    "RTT Var": [
        0.0,
        0.0
    ]
}