{
    "Upstream PDR": [
        0.4465952949609135,
        0.47990860114298245
    ],
    "Downstream PDR": [
        0.8201951942330339,
        0.8372780506136628
    ],
    "TicToc PDR": [
        0.36817590527410904,
        0.4011279908297871
    ],
    "Packets retransmitted per node AVG": [
        0.0,
        0.0
    ],
    "Counter of retransmission per packet AVG": [
        0.0,
        0.0
    ],
    "Intertime of retransmissions AVG": [
        0.0,
        0.0
    ],
    "Packets delivered": [
        0.5946608696136431,
        0.6235272941808103
    ],
    "Packets lost due to noise": [
        0.12132136396655402,
        0.13141738397778885
    ],
    "Packets collided": [
        0.0,
        0.0
    ],
    "Destinatary out of range": [
        0.0,
        0.0
    ],
    "Packets dropped": [
        0.0,
        0.0
    ],
    "Other causes of loss": [
        0.2520027694145477,
        0.277070318846656
    ],
    "Queue MN Avg": [
        0.08249465373446083,
        0.08251260279198969
    ],
    "Queue MN Var": [
        6.124113971529138e-09,
        8.449306589342764e-09
    ],
    "Queue BR Avg": [
        0.016019806540373382,
        0.017215448989727454
    ],
    "Queue BR Var": [
        0.00018237926972215632,
        0.00022852163443264181
    ],
    "Upstream Delay Avg": [
        0.159083898245808,
        0.15959981370092768
    ],
    "Upstream Delay 95th Perc": [
        0.3007351944437405,
        0.3011153613320881
    ],
    "Upstream Delay Var": [
        0.008251583245761048,
        0.00827564110021386
    ],
    "Downstream Delay Avg": [
        0.16500000000134388,
        0.16500000000472806
    ],
    "Downstream Delay 95th Perc": [
        0.16500000051199223,
        0.16500000057012212
    ],
    "Downstream Delay Var": [
        1.0366449930218274e-19,
        1.1965645107573878e-19
    ],
    "RTT Avg": [
        1358.8010221268532,
        1372.417741022644
    ],
    "RTT 95th Perc": [
        2055.2089391951413,
        2105.7116690463045
    ],
    "RTT Var": [
        304056.5156331998,
        341636.07635462744
    ]
}