{
    "Upstream PDR": [
        0.25940549640784916,
        0.26287386867151596
    ],
    "Downstream PDR": [
        0.0,
        0.0
    ],
    "TicToc PDR": [
        0.0,
        0.0
    ],
    "Packets retransmitted per node AVG": [
        0.0,
        0.0
    ],
    "Counter of retransmission per packet AVG": [
        0.0,
        0.0
    ],
    "Intertime of retransmissions AVG": [
        0.0,
        0.0
    ],
    "Packets delivered": [
        0.26444480023429073,
        0.26789553289720336
    ],
    "Packets lost due to noise": [
        0.09303410394185087,
        0.09521102997835625
    ],
    "Packets collided": [
        -1.401093621770521e-06,
        6.2911510962803176e-06
    ],
    "Destinatary out of range": [
        -1.0853141937301931e-05,
        7.877030375000459e-05
    ],
    "Packets dropped": [
        0.0,
        0.0
    ],
    "Other causes of loss": [
        0.6379046750316005,
        0.6414370506974111
    ],
    "Queue MN Avg": [
        0.43484496634911063,
        0.4350558751908302
    ],
    "Queue MN Var": [
        1.241413835000856e-05,
        1.2996247193406592e-05
    ],
    "Queue BR Avg": [
        0.0,
        0.0
    ],
    "Queue BR Var": [
        0.0,
        0.0
    ],
    "Upstream Delay Avg": [
        0.8635908846763711,
        0.864697648608657
    ],
    "Upstream Delay 95th Perc": [
        1.6400471657906597,
        1.64117690339454
    ],
    "Upstream Delay Var": [
        0.2478177371309507,
        0.24821502366020246
    ],
    "Downstream Delay Avg": [
        0.0,
        0.0
    ],
    "Downstream Delay 95th Perc": [
        0.0,
        0.0
    ],
    "Downstream Delay Var": [
        0.0,
        0.0
    ],
    "RTT Avg": [
        0.0,
        0.0
    ],
    "RTT 95th Perc": [
        0.0,
        0.0
    ],
    "RTT Var": [
        0.0,
        0.0
    ]
}