{
    "Upstream PDR": [
        0.2269865587742495,
        0.23146423487654422
    ],
    "Downstream PDR": [
        0.0,
        0.0
    ],
    "TicToc PDR": [
        0.0,
        0.0
    ],
    "Packets retransmitted per node AVG": [
        0.0,
        0.0
    ],
    "Counter of retransmission per packet AVG": [
        0.0,
        0.0
    ],
    "Intertime of retransmissions AVG": [
        0.0,
        0.0
    ],
    "Packets delivered": [
        0.2606129824476065,
        0.2654158778923483
    ],
    "Packets lost due to noise": [
        0.09397290258725363,
        0.09617987044912132
    ],
    "Packets collided": [
        -2.643290168689491e-06,
        1.0250011796951611e-05
    ],
    "Destinatary out of range": [
        -1.0814084350113308e-05,
        7.873112216917155e-05
    ],
    "Packets dropped": [
        0.0,
        0.0
    ],
    "Other causes of loss": [
        0.639249107800558,
        0.644493735063665
    ],
    "Queue MN Avg": [
        0.43484496634911063,
        0.4350558751908302
    ],
    "Queue MN Var": [
        1.241413835000856e-05,
        1.2996247193406592e-05
    ],
    "Queue BR Avg": [
        0.0,
        0.0
    ],
    "Queue BR Var": [
        0.0,
        0.0
    ],
    "Upstream Delay Avg": [
        0.8632500794642862,
        0.8646174474438225
    ],
    "Upstream Delay 95th Perc": [
        1.6397923435608686,
        1.6408250911800462
    ],
    "Upstream Delay Var": [
        0.24772338022574805,
        0.24816425840845238
    ],
    "Downstream Delay Avg": [
        0.0,
        0.0
    ],
    "Downstream Delay 95th Perc": [
        0.0,
        0.0
    ],
    "Downstream Delay Var": [
        0.0,
        0.0
    ],
    "RTT Avg": [
        0.0,
        0.0
    ],
    "RTT 95th Perc": [
        0.0,
        0.0
    ],
    "RTT Var": [
        0.0,
        0.0
    ]
}