{
    "Upstream PDR": [
        0.9966152573042655,
        0.9973327946437867
    ],
    "Downstream PDR": [
        0.9733898285735485,
        0.9757175701596548
    ],
    "TicToc PDR": [
        0.9702444144923105,
        0.9729685725206761
    ],
    "Packets retransmitted per node AVG": [
        0.0,
        0.0
    ],
    "Counter of retransmission per packet AVG": [
        0.0,
        0.0
    ],
    "Intertime of retransmissions AVG": [
        0.0,
        0.0
    ],
    "Packets delivered": [
        0.9850306369281743,
        0.9864191873072614
    ],
    "Packets lost due to noise": [
        0.012522774102703993,
        0.013785883907376019
    ],
    "Packets collided": [
        0.0,
        0.0
    ],
    "Destinatary out of range": [
        0.0,
        0.0
    ],
    "Packets dropped": [
        0.0,
        0.0
    ],
    "Other causes of loss": [
        0.0010405541467408026,
        0.001200963607743924
    ],
    "Queue MN Avg": [
        0.15748708701597997,
        0.15750727334782455
    ],
    "Queue MN Var": [
        2.016986796767e-08,
        2.4157765016580824e-08
    ],
    "Queue BR Avg": [
        0.08261885239436761,
        0.08267827968072469
    ],
    "Queue BR Var": [
        0.0017676468469011632,
        0.002332702550015076
    ],
    "Upstream Delay Avg": [
        0.3090951422462164,
        0.3092947285566842
    ],
    "Upstream Delay 95th Perc": [
        0.5857282094566656,
        0.5860044965456201
    ],
    "Upstream Delay Var": [
        0.03151263671238901,
        0.03152050548357865
    ],
    "Downstream Delay Avg": [
        0.31500000011477297,
        0.3150000001235194
    ],
    "Downstream Delay 95th Perc": [
        0.31500000768766506,
        0.3150000077962633
    ],
    "Downstream Delay Var": [
        2.0864108362426762e-17,
        2.201060173220128e-17
    ],
    "RTT Avg": [
        1299.8520727899236,
        1300.3095850369928
    ],
    "RTT 95th Perc": [
        2290.0847438405376,
        2290.3987214730437
    ],
    "RTT Var": [
        403700.61997276725,
        403982.00173811446
    ]
}