{
    "Upstream PDR": [
        0.9675687751083412,
        0.9704866361470704
    ],
    "Downstream PDR": [
        0.911749220760911,
        0.9160507341771889
    ],
    "TicToc PDR": [
        0.8825847556660557,
        0.8886342919529918
    ],
    "Packets retransmitted per node AVG": [
        0.0,
        0.0
    ],
    "Counter of retransmission per packet AVG": [
        0.0,
        0.0
    ],
    "Intertime of retransmissions AVG": [
        0.0,
        0.0
    ],
    "Packets delivered": [
        0.9405142311340878,
        0.9435769121638006
    ],
    "Packets lost due to noise": [
        0.04917518882434229,
        0.05176929143612193
    ],
    "Packets collided": [
        0.0,
        0.0
    ],
    "Destinatary out of range": [
        0.0,
        0.0
    ],
    "Packets dropped": [
        0.0,
        0.0
    ],
    "Other causes of loss": [
        0.0072187118562005515,
        0.007745664585446931
    ],
    "Queue MN Avg": [
        0.2324832628043281,
        0.2325058507822408
    ],
    "Queue MN Var": [
        3.112562700858488e-08,
        3.639729782985205e-08
    ],
    "Queue BR Avg": [
        0.26991185980578203,
        0.27072282619571364
    ],
    "Queue BR Var": [
        0.009035859259584406,
        0.011973366193713829
    ],
    "Upstream Delay Avg": [
        0.4590726052725697,
        0.4593444336739751
    ],
    "Upstream Delay 95th Perc": [
        0.8707142545290169,
        0.8709856703083544
    ],
    "Upstream Delay Var": [
        0.06974224289195552,
        0.0697909162526848
    ],
    "Downstream Delay Avg": [
        0.46500000008942693,
        0.4650000001011327
    ],
    "Downstream Delay 95th Perc": [
        0.4650000078550454,
        0.4650000079391851
    ],
    "Downstream Delay Var": [
        3.118968802700763e-17,
        3.217394455581826e-17
    ],
    "RTT Avg": [
        1299.27872026053,
        1300.0018560007388
    ],
    "RTT 95th Perc": [
        2289.2798323803186,
        2289.815461539241
    ],
    "RTT Var": [
        403241.3245100648,
        403678.91089297016
    ]
}