{
    "Upstream PDR": [
        0.8922708360476062,
        0.8996529734762033
    ],
    "Downstream PDR": [
        0.848648276210989,
        0.8562278121821345
    ],
    "TicToc PDR": [
        0.7575733843622265,
        0.7701409013520595
    ],
    "Packets retransmitted per node AVG": [
        0.0,
        0.0
    ],
    "Counter of retransmission per packet AVG": [
        0.0,
        0.0
    ],
    "Intertime of retransmissions AVG": [
        0.0,
        0.0
    ],
    "Packets delivered": [
        0.8722153257993449,
        0.8793110320248448
    ],
    "Packets lost due to noise": [
        0.10150783078293499,
        0.10718483790982278
    ],
    "Packets collided": [
        0.0,
        0.0
    ],
    "Destinatary out of range": [
        0.0,
        0.0
    ],
    "Packets dropped": [
        0.0,
        0.0
    ],
    "Other causes of loss": [
        0.019145183515315578,
        0.020635789967736892
    ],
    "Queue MN Avg": [
        0.2324832628043281,
        0.2325058507822408
    ],
    "Queue MN Var": [
        3.112562700858488e-08,
        3.639729782985205e-08
    ],
    "Queue BR Avg": [
        0.3275076843620652,
        0.3302155513583938
    ],
    "Queue BR Var": [
        0.015249836478300654,
        0.020992907651839664
    ],
    "Upstream Delay Avg": [
        0.4590705249559247,
        0.45944394724152215
    ],
    "Upstream Delay 95th Perc": [
        0.8707771950840909,
        0.8711301591157373
    ],
    "Upstream Delay Var": [
        0.0697575736966492,
        0.06983306037857526
    ],
    "Downstream Delay Avg": [
        0.4650000000001808,
        0.46500000000189934
    ],
    "Downstream Delay 95th Perc": [
        0.46500000077762216,
        0.4650000007858176
    ],
    "Downstream Delay Var": [
        3.1065652974884974e-19,
        3.214987692992585e-19
    ],
    "RTT Avg": [
        1298.849789977628,
        1301.5363322987128
    ],
    "RTT 95th Perc": [
        2281.7953780335815,
        2285.6140587584655
    ],
    "RTT Var": [
        399140.9437444226,
        402543.85255507
    ]
}