{
    "Upstream PDR": [
        0.2389503280036814,
        0.24187434732099403
    ],
    "Downstream PDR": [
        0.8463972495414465,
        0.8490644431927474
    ],
    "TicToc PDR": [
        0.20256102995435452,
        0.20504481420148965
    ],
    "Packets retransmitted per node AVG": [
        0.0,
        0.0
    ],
    "Counter of retransmission per packet AVG": [
        0.0,
        0.0
    ],
    "Intertime of retransmissions AVG": [
        0.0,
        0.0
    ],
    "Packets delivered": [
        0.42009846718689414,
        0.4240027774539442
    ],
    "Packets lost due to noise": [
        0.09210529351542021,
        0.09407430843730591
    ],
    "Packets collided": [
        0.0,
        0.0
    ],
    "Destinatary out of range": [
        -6.938817438123291e-06,
        4.116679990351169e-05
    ],
    "Packets dropped": [
        0.0,
        0.0
    ],
    "Other causes of loss": [
        0.48236008345454934,
        0.48732484196942055
    ],
    "Queue MN Avg": [
        111.93155921880259,
        111.9532565044095
    ],
    "Queue MN Var": [
        0.08659461756104915,
        0.09210420331404885
    ],
    "Queue BR Avg": [
        0.35184144645839754,
        0.356152102272388
    ],
    "Queue BR Var": [
        0.041491275312221784,
        0.048784943997934774
    ],
    "Upstream Delay Avg": [
        223.2598955638968,
        223.48772759043493
    ],
    "Upstream Delay 95th Perc": [
        388.70142788567114,
        388.7952415815872
    ],
    "Upstream Delay Var": [
        11411.444465143579,
        11440.49667743164
    ],
    "Downstream Delay Avg": [
        1.2150000001223513,
        1.215000000163644
    ],
    "Downstream Delay 95th Perc": [
        1.2150000214933525,
        1.2150000216623982
    ],
    "Downstream Delay Var": [
        2.286270130902889e-16,
        2.334610246926582e-16
    ],
    "RTT Avg": [
        1295.6666820224452,
        1297.5107907108588
    ],
    "RTT 95th Perc": [
        2258.776556049706,
        2259.5282878503717
    ],
    "RTT Var": [
        385151.90407461324,
        386243.7854352527
    ]
}