{
    "Upstream PDR": [
        0.7116168029785094,
        0.7143312489695425
    ],
    "Downstream PDR": [
        0.9125563068186227,
        0.9151898459539256
    ],
    "TicToc PDR": [
        0.6497339911890908,
        0.6534146379595384
    ],
    "Packets retransmitted per node AVG": [
        0.0,
        0.0
    ],
    "Counter of retransmission per packet AVG": [
        0.0,
        0.0
    ],
    "Intertime of retransmissions AVG": [
        0.0,
        0.0
    ],
    "Packets delivered": [
        0.9402233270568215,
        0.9428722330702902
    ],
    "Packets lost due to noise": [
        0.04905697315842357,
        0.050672027556644655
    ],
    "Packets collided": [
        -1.8063925824857163e-07,
        5.569851652986596e-07
    ],
    "Destinatary out of range": [
        -3.6127851649714326e-07,
        1.1139703305973192e-06
    ],
    "Packets dropped": [
        0.0,
        0.0
    ],
    "Other causes of loss": [
        0.00771703662917264,
        0.009457273490926248
    ],
    "Queue MN Avg": [
        171.32876992639635,
        171.34605466477828
    ],
    "Queue MN Var": [
        0.08496281390328937,
        0.09064265213973034
    ],
    "Queue BR Avg": [
        1.7479859704034761,
        1.7546356285270184
    ],
    "Queue BR Var": [
        0.1744491459671567,
        0.22400233245207
    ],
    "Upstream Delay Avg": [
        342.6616336406321,
        342.7407418676621
    ],
    "Upstream Delay 95th Perc": [
        603.4516024837297,
        603.5332167608648
    ],
    "Upstream Delay Var": [
        27987.596292684622,
        27997.58588041867
    ],
    "Downstream Delay Avg": [
        1.3649823709299242,
        1.365054358255062
    ],
    "Downstream Delay 95th Perc": [
        1.365000009380387,
        1.3650000096384698
    ],
    "Downstream Delay Var": [
        -4.6910120950549736e-05,
        0.00014464320616230795
    ],
    "RTT Avg": [
        1299.425474908955,
        1299.9179037872286
    ],
    "RTT 95th Perc": [
        2288.366201458338,
        2288.9623686506957
    ],
    "RTT Var": [
        403245.539948922,
        403495.17990738514
    ]
}