{
    "Upstream PDR": [
        0.36415448299585074,
        0.38957019232882484
    ],
    "Downstream PDR": [
        0.7926819101087762,
        0.8165517771245573
    ],
    "TicToc PDR": [
        0.29095718476158244,
        0.3169700879656902
    ],
    "Packets retransmitted per node AVG": [
        0.0,
        0.0
    ],
    "Counter of retransmission per packet AVG": [
        0.0,
        0.0
    ],
    "Intertime of retransmissions AVG": [
        0.0,
        0.0
    ],
    "Packets delivered": [
        0.4767002161510558,
        0.5053502851170149
    ],
    "Packets lost due to noise": [
        0.12419317853173749,
        0.13617279984291192
    ],
    "Packets collided": [
        0.0,
        0.0
    ],
    "Destinatary out of range": [
        0.0,
        0.0
    ],
    "Packets dropped": [
        0.0,
        0.0
    ],
    "Other causes of loss": [
        0.3656775847030887,
        0.39190593565419124
    ],
    "Queue MN Avg": [
        0.08249465373446083,
        0.08251260279198969
    ],
    "Queue MN Var": [
        6.124113971529138e-09,
        8.449306589342764e-09
    ],
    "Queue BR Avg": [
        0.021457444716300865,
        0.022955196862497383
    ],
    "Queue BR Var": [
        0.00025355834672103803,
        0.0003543753517661418
    ],
    "Upstream Delay Avg": [
        0.15925095605865802,
        0.159773025628125
    ],
    "Upstream Delay 95th Perc": [
        0.3008033603858389,
        0.301357715121761
    ],
    "Upstream Delay Var": [
        0.008264877170126542,
        0.00829128358766534
    ],
    "Downstream Delay Avg": [
        0.16499999998929596,
        0.16500000000653645
    ],
    "Downstream Delay 95th Perc": [
        0.1650000019522098,
        0.16500000218236213
    ],
    "Downstream Delay Var": [
        1.527368083371923e-18,
        1.8669250133872444e-18
    ],
    "RTT Avg": [
        1291.1801162383797,
        1304.7287196628629
    ],
    "RTT 95th Perc": [
        2255.242100927414,
        2278.1343726082487
    ],
    "RTT Var": [
        388838.26325886446,
        401586.62351932254
    ]
}