{
    "Upstream PDR": [
        0.41332128992062644,
        0.4296293594300227
    ],
    "Downstream PDR": [
        0.8600981729284061,
        0.8680613670905677
    ],
    "TicToc PDR": [
        0.3564016069666619,
        0.372247743682689
    ],
    "Packets retransmitted per node AVG": [
        0.0,
        0.0
    ],
    "Counter of retransmission per packet AVG": [
        0.0,
        0.0
    ],
    "Intertime of retransmissions AVG": [
        0.0,
        0.0
    ],
    "Packets delivered": [
        0.5476501868058383,
        0.564743023781713
    ],
    "Packets lost due to noise": [
        0.0986163787304541,
        0.10418545056918603
    ],
    "Packets collided": [
        0.0,
        0.0
    ],
    "Destinatary out of range": [
        0.0,
        0.0
    ],
    "Packets dropped": [
        0.0,
        0.0
    ],
    "Other causes of loss": [
        0.3332705239383416,
        0.35153443617446706
    ],
    "Queue MN Avg": [
        0.15748708701597997,
        0.15750727334782455
    ],
    "Queue MN Var": [
        2.016986796767e-08,
        2.4157765016580824e-08
    ],
    "Queue BR Avg": [
        0.039454367144403535,
        0.041011157994043645
    ],
    "Queue BR Var": [
        0.0009478108286033992,
        0.001131892376790174
    ],
    "Upstream Delay Avg": [
        0.3089005842767925,
        0.30957107182305915
    ],
    "Upstream Delay 95th Perc": [
        0.5858123834238652,
        0.5864570722567636
    ],
    "Upstream Delay Var": [
        0.031487359197530186,
        0.03155787595174229
    ],
    "Downstream Delay Avg": [
        0.31499999997597183,
        0.31499999998435246
    ],
    "Downstream Delay 95th Perc": [
        0.31500000294432684,
        0.3150000030142589
    ],
    "Downstream Delay Var": [
        3.5999715535146384e-18,
        3.853708808175943e-18
    ],
    "RTT Avg": [
        1286.627447641163,
        1290.11467744463
    ],
    "RTT 95th Perc": [
        2232.639520830926,
        2246.614944510561
    ],
    "RTT Var": [
        384530.00713342614,
        389652.7581395904
    ]
}