{
    "Upstream PDR": [
        0.38117901322240033,
        0.3985560517126646
    ],
    "Downstream PDR": [
        0.8317516450985338,
        0.8430654303888807
    ],
    "TicToc PDR": [
        0.3177982121856297,
        0.3357991904117729
    ],
    "Packets retransmitted per node AVG": [
        0.0,
        0.0
    ],
    "Counter of retransmission per packet AVG": [
        0.0,
        0.0
    ],
    "Intertime of retransmissions AVG": [
        0.0,
        0.0
    ],
    "Packets delivered": [
        0.5130195612589594,
        0.531950436556103
    ],
    "Packets lost due to noise": [
        0.10908845368878482,
        0.1156290762860409
    ],
    "Packets collided": [
        0.0,
        0.0
    ],
    "Destinatary out of range": [
        0.0,
        0.0
    ],
    "Packets dropped": [
        0.0,
        0.0
    ],
    "Other causes of loss": [
        0.35707437369267503,
        0.37323809851743683
    ],
    "Queue MN Avg": [
        0.15748708701597997,
        0.15750727334782455
    ],
    "Queue MN Var": [
        2.016986796767e-08,
        2.4157765016580824e-08
    ],
    "Queue BR Avg": [
        0.05220743523762523,
        0.05458727379533738
    ],
    "Queue BR Var": [
        0.001270193713761789,
        0.00154855791058212
    ],
    "Upstream Delay Avg": [
        0.3088310781666626,
        0.3095242902315671
    ],
    "Upstream Delay 95th Perc": [
        0.5856803043732176,
        0.5865634484875254
    ],
    "Upstream Delay Var": [
        0.03150768096267675,
        0.03157847394343278
    ],
    "Downstream Delay Avg": [
        0.31500000000585243,
        0.31500000002744927
    ],
    "Downstream Delay 95th Perc": [
        0.31500000715270476,
        0.31500000728809835
    ],
    "Downstream Delay Var": [
        2.1613707601948297e-17,
        2.286150576216765e-17
    ],
    "RTT Avg": [
        1294.40869899647,
        1297.6743638995365
    ],
    "RTT 95th Perc": [
        2264.8420963936123,
        2266.6469546654816
    ],
    "RTT Var": [
        387735.06337929826,
        390011.86737075733
    ]
}