{
    "Upstream PDR": [
        0.8458847060848348,
        0.8511253124680406
    ],
    "Downstream PDR": [
        0.8525701797112254,
        0.8576785595422397
    ],
    "TicToc PDR": [
        0.7214671435596168,
        0.729780351802164
    ],
    "Packets retransmitted per node AVG": [
        0.0,
        0.0
    ],
    "Counter of retransmission per packet AVG": [
        0.0,
        0.0
    ],
    "Intertime of retransmissions AVG": [
        0.0,
        0.0
    ],
    "Packets delivered": [
        0.8745848361875871,
        0.8795154423608001
    ],
    "Packets lost due to noise": [
        0.10043810617070723,
        0.10408696166515322
    ],
    "Packets collided": [
        -6.691702439978108e-07,
        8.50433882141387e-06
    ],
    "Destinatary out of range": [
        -1.3800305887914395e-06,
        1.3920850308615869e-05
    ],
    "Packets dropped": [
        0.0,
        0.0
    ],
    "Other causes of loss": [
        0.019661290184472133,
        0.02169298744298281
    ],
    "Queue MN Avg": [
        35.74721440348576,
        35.77119622381915
    ],
    "Queue MN Var": [
        0.07819415112126654,
        0.08432095484710347
    ],
    "Queue BR Avg": [
        1.6595099210244726,
        1.6695190250070686
    ],
    "Queue BR Var": [
        0.18833509590212003,
        0.24018941004203123
    ],
    "Upstream Delay Avg": [
        71.4796112917094,
        71.53845074438203
    ],
    "Upstream Delay 95th Perc": [
        125.33215419721951,
        125.39051597948504
    ],
    "Upstream Delay Var": [
        1193.236182742829,
        1194.222760554489
    ],
    "Downstream Delay Avg": [
        1.064948365806808,
        1.0655740236213067
    ],
    "Downstream Delay 95th Perc": [
        1.064369182649919,
        1.0690838916928194
    ],
    "Downstream Delay Var": [
        -8.939542872556452e-05,
        0.0010860750880768459
    ],
    "RTT Avg": [
        1299.9810023913649,
        1300.7686714489976
    ],
    "RTT 95th Perc": [
        2289.8713382857363,
        2290.9038495293385
    ],
    "RTT Var": [
        403909.19715558464,
        404408.37750262365
    ]
}