{
    "Upstream PDR": [
        0.2624977883846027,
        0.26927277438596
    ],
    "Downstream PDR": [
        0.8433295138708625,
        0.8488903335769358
    ],
    "TicToc PDR": [
        0.2218699678978394,
        0.22810752127964976
    ],
    "Packets retransmitted per node AVG": [
        0.0,
        0.0
    ],
    "Counter of retransmission per packet AVG": [
        0.0,
        0.0
    ],
    "Intertime of retransmissions AVG": [
        0.0,
        0.0
    ],
    "Packets delivered": [
        0.4303317835255133,
        0.43817529640921576
    ],
    "Packets lost due to noise": [
        0.09186972662138461,
        0.09480687881733114
    ],
    "Packets collided": [
        -2.718618946671996e-06,
        8.382620910192677e-06
    ],
    "Destinatary out of range": [
        -4.274121722677344e-06,
        5.631789828857167e-05
    ],
    "Packets dropped": [
        0.0,
        0.0
    ],
    "Other causes of loss": [
        0.4682067187540499,
        0.4765518880939758
    ],
    "Queue MN Avg": [
        0.457486732308837,
        0.4575112254733667
    ],
    "Queue MN Var": [
        1.1632832614874252e-07,
        1.3032010579829356e-07
    ],
    "Queue BR Avg": [
        0.21838510960941504,
        0.22402023072164173
    ],
    "Queue BR Var": [
        0.023549735678082797,
        0.02726430060205832
    ],
    "Upstream Delay Avg": [
        0.9080119870664927,
        0.9090955337514479
    ],
    "Upstream Delay 95th Perc": [
        1.725250362527039,
        1.7259628044174757
    ],
    "Upstream Delay Var": [
        0.2743205625641387,
        0.27482792566771785
    ],
    "Downstream Delay Avg": [
        0.9149971390278677,
        0.915008821601258
    ],
    "Downstream Delay 95th Perc": [
        0.9150000014632157,
        0.9150000016285466
    ],
    "Downstream Delay Var": [
        -5.192672118702008e-06,
        1.6011144899621137e-05
    ],
    "RTT Avg": [
        1425.9185617165228,
        1433.9053293334607
    ],
    "RTT 95th Perc": [
        1919.2022195144054,
        1941.456888750376
    ],
    "RTT Var": [
        218664.78112382942,
        237280.54060625326
    ]
}