{
    "Upstream PDR": [
        0.3388412016991858,
        0.34747827882029464
    ],
    "Downstream PDR": [
        0.8570646201150458,
        0.8625825196042405
    ],
    "TicToc PDR": [
        0.2908575749034359,
        0.299360606914746
    ],
    "Packets retransmitted per node AVG": [
        0.0,
        0.0
    ],
    "Counter of retransmission per packet AVG": [
        0.0,
        0.0
    ],
    "Intertime of retransmissions AVG": [
        0.0,
        0.0
    ],
    "Packets delivered": [
        0.4775271615304661,
        0.4871672626245262
    ],
    "Packets lost due to noise": [
        0.09390213492018423,
        0.0973120832460288
    ],
    "Packets collided": [
        0.0,
        0.0
    ],
    "Destinatary out of range": [
        0.0,
        0.0
    ],
    "Packets dropped": [
        0.0,
        0.0
    ],
    "Other causes of loss": [
        0.4170707852062732,
        0.4270205724725213
    ],
    "Queue MN Avg": [
        0.307468757961982,
        0.3074982418875662
    ],
    "Queue MN Var": [
        6.435141246015331e-08,
        7.156453739791929e-08
    ],
    "Queue BR Avg": [
        0.1263008405355667,
        0.1295189763548689
    ],
    "Queue BR Var": [
        0.007173988708811944,
        0.008285910872006587
    ],
    "Upstream Delay Avg": [
        0.6082351179728591,
        0.6093556209811768
    ],
    "Upstream Delay 95th Perc": [
        1.154733309607419,
        1.1558997987540085
    ],
    "Upstream Delay Var": [
        0.12285911200712567,
        0.12316083963352652
    ],
    "Downstream Delay Avg": [
        0.6150000000473373,
        0.6150000000814378
    ],
    "Downstream Delay 95th Perc": [
        0.6150000122945327,
        0.6150000126270871
    ],
    "Downstream Delay Var": [
        6.132244426809159e-17,
        6.41905136433526e-17
    ],
    "RTT Avg": [
        1295.7629454035089,
        1297.6056366120813
    ],
    "RTT 95th Perc": [
        2261.6486833746994,
        2262.5514605235694
    ],
    "RTT Var": [
        386276.38366035523,
        387674.0707883362
    ]
}