{
    "Upstream PDR": [
        0.28878348317785385,
        0.2959333999390291
    ],
    "Downstream PDR": [
        0.8211874531861503,
        0.8298494909808156
    ],
    "TicToc PDR": [
        0.23757097178410005,
        0.24530175548862712
    ],
    "Packets retransmitted per node AVG": [
        0.0,
        0.0
    ],
    "Counter of retransmission per packet AVG": [
        0.0,
        0.0
    ],
    "Intertime of retransmissions AVG": [
        0.0,
        0.0
    ],
    "Packets delivered": [
        0.4148239836442602,
        0.4239132083859325
    ],
    "Packets lost due to noise": [
        0.10159720567300194,
        0.10549361450212107
    ],
    "Packets collided": [
        -3.615976376768948e-07,
        1.1149543125112034e-06
    ],
    "Destinatary out of range": [
        -7.657675550649388e-06,
        4.6033514053808734e-05
    ],
    "Packets dropped": [
        0.0,
        0.0
    ],
    "Other causes of loss": [
        0.4728596033467659,
        0.48127325525274056
    ],
    "Queue MN Avg": [
        0.3824671238827403,
        0.3825479872243215
    ],
    "Queue MN Var": [
        4.711661425869667e-07,
        5.285377550187145e-07
    ],
    "Queue BR Avg": [
        0.24013180731965444,
        0.24607926777844447
    ],
    "Queue BR Var": [
        0.020607787108968083,
        0.02522781516572836
    ],
    "Upstream Delay Avg": [
        0.7588665758220786,
        0.7599388380572657
    ],
    "Upstream Delay 95th Perc": [
        1.4404794894129151,
        1.441512738160857
    ],
    "Upstream Delay Var": [
        0.19107772866886563,
        0.19142567326288318
    ],
    "Downstream Delay Avg": [
        0.7649943074327479,
        0.7650362440883172
    ],
    "Downstream Delay 95th Perc": [
        0.7650000139278769,
        0.7650000141860477
    ],
    "Downstream Delay Var": [
        -8.584188614148793e-06,
        5.4662514781956685e-05
    ],
    "RTT Avg": [
        1294.510502741452,
        1297.0922212481214
    ],
    "RTT 95th Perc": [
        2259.504785854859,
        2260.658382350613
    ],
    "RTT Var": [
        385701.4178759508,
        387336.3636409041
    ]
}