{
    "Upstream PDR": [
        0.22745063400449606,
        0.2417562924024303
    ],
    "Downstream PDR": [
        0.776142766333645,
        0.7917672312642793
    ],
    "TicToc PDR": [
        0.1773997592417173,
        0.19101063036867227
    ],
    "Packets retransmitted per node AVG": [
        0.0,
        0.0
    ],
    "Counter of retransmission per packet AVG": [
        0.0,
        0.0
    ],
    "Intertime of retransmissions AVG": [
        0.0,
        0.0
    ],
    "Packets delivered": [
        0.35635241672224943,
        0.3750329906819058
    ],
    "Packets lost due to noise": [
        0.11162835168137747,
        0.11788730074959711
    ],
    "Packets collided": [
        0.0,
        0.0
    ],
    "Destinatary out of range": [
        0.0,
        0.0
    ],
    "Packets dropped": [
        0.0,
        0.0
    ],
    "Other causes of loss": [
        0.5100145599308743,
        0.5290843802339962
    ],
    "Queue MN Avg": [
        0.2324832628043281,
        0.2325058507822408
    ],
    "Queue MN Var": [
        3.112562700858488e-08,
        3.639729782985205e-08
    ],
    "Queue BR Avg": [
        0.11330795282344656,
        0.12043568849727655
    ],
    "Queue BR Var": [
        0.006253247862965307,
        0.010047238884491352
    ],
    "Upstream Delay Avg": [
        0.45913889623943477,
        0.45994259224845174
    ],
    "Upstream Delay 95th Perc": [
        0.8707135793811448,
        0.8714807209823411
    ],
    "Upstream Delay Var": [
        0.06961983433439192,
        0.06985928885685269
    ],
    "Downstream Delay Avg": [
        0.4649999999984511,
        0.4650000000030491
    ],
    "Downstream Delay 95th Perc": [
        0.4650000006719794,
        0.46500000068978015
    ],
    "Downstream Delay Var": [
        2.701138430293462e-19,
        2.91843254494724e-19
    ],
    "RTT Avg": [
        1386.3779475674726,
        1406.2362423833222
    ],
    "RTT 95th Perc": [
        1954.8035153548644,
        1990.4458260428974
    ],
    "RTT Var": [
        246157.23539478504,
        270384.3474874583
    ]
}