{
    "Upstream PDR": [
        0.3000938035763375,
        0.31674515746262366
    ],
    "Downstream PDR": [
        0.7954724478156273,
        0.8095188784978194
    ],
    "TicToc PDR": [
        0.23951345842683927,
        0.2561904376770568
    ],
    "Packets retransmitted per node AVG": [
        0.0,
        0.0
    ],
    "Counter of retransmission per packet AVG": [
        0.0,
        0.0
    ],
    "Intertime of retransmissions AVG": [
        0.0,
        0.0
    ],
    "Packets delivered": [
        0.41824741902173607,
        0.43802411856219153
    ],
    "Packets lost due to noise": [
        0.11770951520518287,
        0.12396760758768192
    ],
    "Packets collided": [
        0.0,
        0.0
    ],
    "Destinatary out of range": [
        0.0,
        0.0
    ],
    "Packets dropped": [
        0.0,
        0.0
    ],
    "Other causes of loss": [
        0.4413343225769933,
        0.4607170170462141
    ],
    "Queue MN Avg": [
        0.15748708701597997,
        0.15750727334782455
    ],
    "Queue MN Var": [
        2.016986796767e-08,
        2.4157765016580824e-08
    ],
    "Queue BR Avg": [
        0.06752356257689926,
        0.07127053769309491
    ],
    "Queue BR Var": [
        0.0020213436285048732,
        0.002701316655933131
    ],
    "Upstream Delay Avg": [
        0.30837018711325803,
        0.3092638060319589
    ],
    "Upstream Delay 95th Perc": [
        0.5847474756339219,
        0.5861304763118496
    ],
    "Upstream Delay Var": [
        0.03143082000809786,
        0.031533394187357976
    ],
    "Downstream Delay Avg": [
        0.3149999999661845,
        0.3150000000066017
    ],
    "Downstream Delay 95th Perc": [
        0.3150000066680783,
        0.315000006898656
    ],
    "Downstream Delay Var": [
        1.9229397220681657e-17,
        2.084338871186778e-17
    ],
    "RTT Avg": [
        1299.3963533523956,
        1308.006396404588
    ],
    "RTT 95th Perc": [
        2260.8686787794295,
        2269.056629832726
    ],
    "RTT Var": [
        388652.2185131923,
        396357.14164762845
    ]
}