{
    "Upstream PDR": [
        0.20815276249162057,
        0.21120582336696525
    ],
    "Downstream PDR": [
        0.8426959960238075,
        0.8471675270801063
    ],
    "TicToc PDR": [
        0.17566038521604493,
        0.1786874683193086
    ],
    "Packets retransmitted per node AVG": [
        0.0,
        0.0
    ],
    "Counter of retransmission per packet AVG": [
        0.0,
        0.0
    ],
    "Intertime of retransmissions AVG": [
        0.0,
        0.0
    ],
    "Packets delivered": [
        0.4124263295538964,
        0.41729959196018135
    ],
    "Packets lost due to noise": [
        0.09207450882726732,
        0.0943423503657453
    ],
    "Packets collided": [
        0.0,
        0.0
    ],
    "Destinatary out of range": [
        -2.6542338201137635e-05,
        8.184095070867836e-05
    ],
    "Packets dropped": [
        0.0,
        0.0
    ],
    "Other causes of loss": [
        0.48942678574583715,
        0.4943751349345649
    ],
    "Queue MN Avg": [
        171.3296780132697,
        171.3474603676429
    ],
    "Queue MN Var": [
        0.08531477619004606,
        0.09126164816498465
    ],
    "Queue BR Avg": [
        0.38727528384512555,
        0.39295556121224384
    ],
    "Queue BR Var": [
        0.04847076194408893,
        0.05715791723268235
    ],
    "Upstream Delay Avg": [
        341.53123166230085,
        341.9269883148249
    ],
    "Upstream Delay 95th Perc": [
        595.2414240020813,
        595.3471888911457
    ],
    "Upstream Delay Var": [
        26806.308749226973,
        26869.693959150372
    ],
    "Downstream Delay Avg": [
        1.3650000001355946,
        1.365000000189225
    ],
    "Downstream Delay 95th Perc": [
        1.3650000222717187,
        1.365000022469914
    ],
    "Downstream Delay Var": [
        2.8464660678337516e-16,
        2.927847580083252e-16
    ],
    "RTT Avg": [
        1294.4265551151068,
        1296.020566476355
    ],
    "RTT 95th Perc": [
        2258.3507170359453,
        2259.1743786492443
    ],
    "RTT Var": [
        385035.81877959816,
        386238.1921266339
    ]
}