{
    "Upstream PDR": [
        0.3186114044927396,
        0.33112712364578856
    ],
    "Downstream PDR": [
        0.8508170756511144,
        0.8588526276471222
    ],
    "TicToc PDR": [
        0.2718472296047504,
        0.283728527971007
    ],
    "Packets retransmitted per node AVG": [
        0.0,
        0.0
    ],
    "Counter of retransmission per packet AVG": [
        0.0,
        0.0
    ],
    "Intertime of retransmissions AVG": [
        0.0,
        0.0
    ],
    "Packets delivered": [
        0.49508698152693104,
        0.507594454011383
    ],
    "Packets lost due to noise": [
        0.0937666644067002,
        0.09801778966866986
    ],
    "Packets collided": [
        0.0,
        0.0
    ],
    "Destinatary out of range": [
        0.0,
        0.0
    ],
    "Packets dropped": [
        0.0,
        0.0
    ],
    "Other causes of loss": [
        0.3966662520000464,
        0.40886785838626943
    ],
    "Queue MN Avg": [
        0.2324832628043281,
        0.2325058507822408
    ],
    "Queue MN Var": [
        3.112562700858488e-08,
        3.639729782985205e-08
    ],
    "Queue BR Avg": [
        0.0673381702819587,
        0.06998376441629138
    ],
    "Queue BR Var": [
        0.0027285016310941382,
        0.0033422176016091668
    ],
    "Upstream Delay Avg": [
        0.4590013342674363,
        0.45973045003333646
    ],
    "Upstream Delay 95th Perc": [
        0.8708069894845338,
        0.8713560585496949
    ],
    "Upstream Delay Var": [
        0.06966015466293289,
        0.06985274110860386
    ],
    "Downstream Delay Avg": [
        0.4650000000082329,
        0.4650000000129329
    ],
    "Downstream Delay 95th Perc": [
        0.46500000075771525,
        0.4650000007678445
    ],
    "Downstream Delay Var": [
        3.4538485535691354e-19,
        3.6320670779009955e-19
    ],
    "RTT Avg": [
        1406.240140482981,
        1419.5106427676649
    ],
    "RTT 95th Perc": [
        1958.604057795376,
        1989.3678075984033
    ],
    "RTT Var": [
        245406.51835405937,
        264142.01378400385
    ]
}