{
    "Upstream PDR": [
        0.3799851738761946,
        0.40685118976016904
    ],
    "Downstream PDR": [
        0.7966079927705303,
        0.8183011361514434
    ],
    "TicToc PDR": [
        0.304691156310095,
        0.33212962291068415
    ],
    "Packets retransmitted per node AVG": [
        0.0,
        0.0
    ],
    "Counter of retransmission per packet AVG": [
        0.0,
        0.0
    ],
    "Intertime of retransmissions AVG": [
        0.0,
        0.0
    ],
    "Packets delivered": [
        0.49778503821235975,
        0.5262560207197212
    ],
    "Packets lost due to noise": [
        0.12383931495544019,
        0.1359517382203035
    ],
    "Packets collided": [
        0.0,
        0.0
    ],
    "Destinatary out of range": [
        0.0,
        0.0
    ],
    "Packets dropped": [
        0.0,
        0.0
    ],
    "Other causes of loss": [
        0.3453157303894387,
        0.3708521575027364
    ],
    "Queue MN Avg": [
        0.08249465373446083,
        0.08251260279198969
    ],
    "Queue MN Var": [
        6.124113971529138e-09,
        8.449306589342764e-09
    ],
    "Queue BR Avg": [
        0.022392861653253975,
        0.023975688630509643
    ],
    "Queue BR Var": [
        0.00025598203374141827,
        0.00034607223148150085
    ],
    "Upstream Delay Avg": [
        0.15912758952592174,
        0.15963141140847528
    ],
    "Upstream Delay 95th Perc": [
        0.30065109004249096,
        0.30107582467488053
    ],
    "Upstream Delay Var": [
        0.00826903903494717,
        0.008298619680256298
    ],
    "Downstream Delay Avg": [
        0.16500000000193937,
        0.165000000027003
    ],
    "Downstream Delay 95th Perc": [
        0.16500000487631308,
        0.16500000545784452
    ],
    "Downstream Delay Var": [
        9.57395536427892e-18,
        1.1607933587617951e-17
    ],
    "RTT Avg": [
        1291.411852869396,
        1300.8756584290038
    ],
    "RTT 95th Perc": [
        2261.787019741581,
        2280.2308228516063
    ],
    "RTT Var": [
        392386.77995483886,
        399377.554623302
    ]
}