{
    "Upstream PDR": [
        0.9668432588109689,
        0.9701463515786418
    ],
    "Downstream PDR": [
        0.9117375834216884,
        0.9160015854715259
    ],
    "TicToc PDR": [
        0.8819848288523208,
        0.888202184134692
    ],
    "Packets retransmitted per node AVG": [
        0.0,
        0.0
    ],
    "Counter of retransmission per packet AVG": [
        0.0,
        0.0
    ],
    "Intertime of retransmissions AVG": [
        0.0,
        0.0
    ],
    "Packets delivered": [
        0.9401381313810406,
        0.94333903022747
    ],
    "Packets lost due to noise": [
        0.04913906092283799,
        0.05164405359063778
    ],
    "Packets collided": [
        0.0,
        0.0
    ],
    "Destinatary out of range": [
        0.0,
        0.0
    ],
    "Packets dropped": [
        0.0,
        0.0
    ],
    "Other causes of loss": [
        0.007084867362886188,
        0.008654856515127447
    ],
    "Queue MN Avg": [
        0.307468757961982,
        0.3074982418875662
    ],
    "Queue MN Var": [
        6.435141246015331e-08,
        7.156453739791929e-08
    ],
    "Queue BR Avg": [
        0.4757268771972224,
        0.4773501510748236
    ],
    "Queue BR Var": [
        0.023502528658929062,
        0.0300839782132386
    ],
    "Upstream Delay Avg": [
        0.6088604100841607,
        0.6093099286619214
    ],
    "Upstream Delay 95th Perc": [
        1.1557836798331187,
        1.1560462535419105
    ],
    "Upstream Delay Var": [
        0.1229957609044421,
        0.12304566731072593
    ],
    "Downstream Delay Avg": [
        0.6150000001668343,
        0.615000000184933
    ],
    "Downstream Delay 95th Perc": [
        0.6150000124066372,
        0.6150000127192569
    ],
    "Downstream Delay Var": [
        5.65647167473217e-17,
        5.822053799190014e-17
    ],
    "RTT Avg": [
        1299.7694883522129,
        1300.4460248953408
    ],
    "RTT 95th Perc": [
        2289.42944581814,
        2290.0341052424433
    ],
    "RTT Var": [
        403355.399231452,
        403746.48627669894
    ]
}