{
    "Upstream PDR": [
        0.26416907610945,
        0.2712873632844894
    ],
    "Downstream PDR": [
        0.0,
        0.0
    ],
    "TicToc PDR": [
        0.0,
        0.0
    ],
    "Packets retransmitted per node AVG": [
        0.0,
        0.0
    ],
    "Counter of retransmission per packet AVG": [
        0.0,
        0.0
    ],
    "Intertime of retransmissions AVG": [
        0.0,
        0.0
    ],
    "Packets delivered": [
        0.3042804262847265,
        0.31154708487197214
    ],
    "Packets lost due to noise": [
        0.08948053213302466,
        0.09232426138432669
    ],
    "Packets collided": [
        0.0,
        0.0
    ],
    "Destinatary out of range": [
        -1.7111169459339025e-06,
        5.276077660066833e-06
    ],
    "Packets dropped": [
        0.0,
        0.0
    ],
    "Other causes of loss": [
        0.5969539471855956,
        0.6054101831796406
    ],
    "Queue MN Avg": [
        0.29249719869867025,
        0.2925181380183502
    ],
    "Queue MN Var": [
        6.150973186159382e-08,
        6.666672080510478e-08
    ],
    "Queue BR Avg": [
        0.0,
        0.0
    ],
    "Queue BR Var": [
        0.0,
        0.0
    ],
    "Upstream Delay Avg": [
        0.5789757529013919,
        0.5795877161021323
    ],
    "Upstream Delay 95th Perc": [
        1.098595642995225,
        1.0990465137144625
    ],
    "Upstream Delay Var": [
        0.11112066331469056,
        0.11130959001491333
    ],
    "Downstream Delay Avg": [
        0.0,
        0.0
    ],
    "Downstream Delay 95th Perc": [
        0.0,
        0.0
    ],
    "Downstream Delay Var": [
        0.0,
        0.0
    ],
    "RTT Avg": [
        0.0,
        0.0
    ],
    "RTT 95th Perc": [
        0.0,
        0.0
    ],
    "RTT Var": [
        0.0,
        0.0
    ]
}