{
    "Upstream PDR": [
        0.6590937438173661,
        0.6610958665722442
    ],
    "Downstream PDR": [
        0.9731025231077707,
        0.9742451759818246
    ],
    "TicToc PDR": [
        0.6415815013030902,
        0.6438553818137932
    ],
    "Packets retransmitted per node AVG": [
        0.0,
        0.0
    ],
    "Counter of retransmission per packet AVG": [
        0.0,
        0.0
    ],
    "Intertime of retransmissions AVG": [
        0.0,
        0.0
    ],
    "Packets delivered": [
        0.9836132977281579,
        0.9854047564255605
    ],
    "Packets lost due to noise": [
        0.012728641846800942,
        0.01335480922973751
    ],
    "Packets collided": [
        0.0,
        0.0
    ],
    "Destinatary out of range": [
        0.0,
        0.0
    ],
    "Packets dropped": [
        0.0,
        0.0
    ],
    "Other causes of loss": [
        0.001703976578334652,
        0.0031945181914080903
    ],
    "Queue MN Avg": [
        218.89186141462648,
        218.90912733140374
    ],
    "Queue MN Var": [
        0.08318183922198714,
        0.08909751879107107
    ],
    "Queue BR Avg": [
        1.3131098636183782,
        1.3170981308344591
    ],
    "Queue BR Var": [
        0.1270213822501437,
        0.15642810299881954
    ],
    "Upstream Delay Avg": [
        437.8497695838001,
        437.89528677761683
    ],
    "Upstream Delay 95th Perc": [
        771.2820605092511,
        771.3252921119947
    ],
    "Upstream Delay Var": [
        45749.75239113851,
        45757.17995199008
    ],
    "Downstream Delay Avg": [
        1.5150000002945805,
        1.5150000003249673
    ],
    "Downstream Delay 95th Perc": [
        1.5150000095967675,
        1.5150000097381269
    ],
    "Downstream Delay Var": [
        5.1170785849004075e-17,
        5.4403108185923926e-17
    ],
    "RTT Avg": [
        1299.6776020569018,
        1299.923912694263
    ],
    "RTT 95th Perc": [
        2289.254465411373,
        2289.484379902587
    ],
    "RTT Var": [
        403573.95691008004,
        403731.5785874319
    ]
}