{
    "Upstream PDR": [
        0.1610168460512846,
        0.16331146563702711
    ],
    "Downstream PDR": [
        0.8394350601901214,
        0.8444747061119319
    ],
    "TicToc PDR": [
        0.1354225931383824,
        0.13765688738109805
    ],
    "Packets retransmitted per node AVG": [
        0.0,
        0.0
    ],
    "Counter of retransmission per packet AVG": [
        0.0,
        0.0
    ],
    "Intertime of retransmissions AVG": [
        0.0,
        0.0
    ],
    "Packets delivered": [
        0.4043946805661141,
        0.408837304120331
    ],
    "Packets lost due to noise": [
        0.09196601412064079,
        0.09407865347518465
    ],
    "Packets collided": [
        0.0,
        0.0
    ],
    "Destinatary out of range": [
        0.0,
        0.0
    ],
    "Packets dropped": [
        0.0,
        0.0
    ],
    "Other causes of loss": [
        0.4982718829871566,
        0.5024514647305732
    ],
    "Queue MN Avg": [
        218.89186141462648,
        218.90912733140374
    ],
    "Queue MN Var": [
        0.08318183922198714,
        0.08909751879107107
    ],
    "Queue BR Avg": [
        0.3694955188254116,
        0.3747589267229668
    ],
    "Queue BR Var": [
        0.05016113128842438,
        0.059270985895402056
    ],
    "Upstream Delay Avg": [
        474.4118399408105,
        476.33101337897665
    ],
    "Upstream Delay 95th Perc": [
        749.1033204352145,
        754.5487518432124
    ],
    "Upstream Delay Var": [
        31715.98977674844,
        32819.752959763704
    ],
    "Downstream Delay Avg": [
        1.5150000000079609,
        1.5150000000304042
    ],
    "Downstream Delay 95th Perc": [
        1.515000002254845,
        1.5150000024416517
    ],
    "Downstream Delay Var": [
        3.4177186626453274e-18,
        5.928438492036271e-18
    ],
    "RTT Avg": [
        1430.0269189114438,
        1437.5036686469898
    ],
    "RTT 95th Perc": [
        1906.280555103755,
        1921.0358703102384
    ],
    "RTT Var": [
        211145.81636883708,
        222107.33937910758
    ]
}