{
    "Upstream PDR": [
        0.20682123317632417,
        0.20978482742973642
    ],
    "Downstream PDR": [
        0.8439514575943522,
        0.8476218245661219
    ],
    "TicToc PDR": [
        0.17476688887077377,
        0.17760829150440663
    ],
    "Packets retransmitted per node AVG": [
        0.0,
        0.0
    ],
    "Counter of retransmission per packet AVG": [
        0.0,
        0.0
    ],
    "Intertime of retransmissions AVG": [
        0.0,
        0.0
    ],
    "Packets delivered": [
        0.40130801618363754,
        0.4063775636033635
    ],
    "Packets lost due to noise": [
        0.089956939247909,
        0.09210635389055204
    ],
    "Packets collided": [
        0.0,
        0.0
    ],
    "Destinatary out of range": [
        -2.571254341738659e-05,
        7.928235193412211e-05
    ],
    "Packets dropped": [
        0.0,
        0.0
    ],
    "Other causes of loss": [
        0.5023550625582509,
        0.5078424947077702
    ],
    "Queue MN Avg": [
        171.32876992639635,
        171.34605466477828
    ],
    "Queue MN Var": [
        0.08496281390328937,
        0.09064265213973034
    ],
    "Queue BR Avg": [
        0.3842723610667121,
        0.3897897406321507
    ],
    "Queue BR Var": [
        0.04974749140201276,
        0.0582963162824003
    ],
    "Upstream Delay Avg": [
        340.6425086968787,
        341.08785197467085
    ],
    "Upstream Delay 95th Perc": [
        608.5864328353092,
        610.6519223867109
    ],
    "Upstream Delay Var": [
        27319.243812312237,
        27502.011385919857
    ],
    "Downstream Delay Avg": [
        1.3648230164311497,
        1.3655457125954231
    ],
    "Downstream Delay 95th Perc": [
        1.3641726114076043,
        1.3675512160121837
    ],
    "Downstream Delay Var": [
        -0.0003797579123367996,
        0.001170949912146763
    ],
    "RTT Avg": [
        1286.4956246001557,
        1288.3991618012078
    ],
    "RTT 95th Perc": [
        2237.467598763271,
        2244.4894856383426
    ],
    "RTT Var": [
        388417.8933714381,
        391199.9799196324
    ]
}