{
    "Upstream PDR": [
        0.2227988960837742,
        0.22855546384201422
    ],
    "Downstream PDR": [
        0.815398705112837,
        0.8228151349575231
    ],
    "TicToc PDR": [
        0.18204493200375935,
        0.18775098636358764
    ],
    "Packets retransmitted per node AVG": [
        0.0,
        0.0
    ],
    "Counter of retransmission per packet AVG": [
        0.0,
        0.0
    ],
    "Intertime of retransmissions AVG": [
        0.0,
        0.0
    ],
    "Packets delivered": [
        0.38856380634870247,
        0.3965325657836015
    ],
    "Packets lost due to noise": [
        0.10041049186673608,
        0.10350016605207012
    ],
    "Packets collided": [
        -1.52745072785217e-05,
        5.066888197117277e-05
    ],
    "Destinatary out of range": [
        -5.19621071509977e-06,
        8.23291380101663e-05
    ],
    "Packets dropped": [
        0.0,
        0.0
    ],
    "Other causes of loss": [
        0.501709585150507,
        0.5091708574963955
    ],
    "Queue MN Avg": [
        35.74721440348576,
        35.77119622381915
    ],
    "Queue MN Var": [
        0.07819415112126654,
        0.08432095484710347
    ],
    "Queue BR Avg": [
        0.36107421362998404,
        0.37040162961127665
    ],
    "Queue BR Var": [
        0.04736890142255591,
        0.05776649848213386
    ],
    "Upstream Delay Avg": [
        77.19342225309525,
        77.46850520272257
    ],
    "Upstream Delay 95th Perc": [
        120.78657465490959,
        122.20013275783437
    ],
    "Upstream Delay Var": [
        833.5113955614157,
        867.2981750540977
    ],
    "Downstream Delay Avg": [
        1.0648356060975923,
        1.0656167941649801
    ],
    "Downstream Delay 95th Perc": [
        1.0641712980379605,
        1.0675552358657328
    ],
    "Downstream Delay Var": [
        -0.0002604768659957681,
        0.0010255861990024922
    ],
    "RTT Avg": [
        1430.3323408013055,
        1437.1320810679897
    ],
    "RTT 95th Perc": [
        1920.4803257343603,
        1943.6137315209942
    ],
    "RTT Var": [
        214438.69418088428,
        227299.42639874853
    ]
}