{
    "Upstream PDR": [
        0.8926554552289155,
        0.8993376183641583
    ],
    "Downstream PDR": [
        0.8482224248908563,
        0.8549929388145683
    ],
    "TicToc PDR": [
        0.7574321588129113,
        0.7688189234381714
    ],
    "Packets retransmitted per node AVG": [
        0.0,
        0.0
    ],
    "Counter of retransmission per packet AVG": [
        0.0,
        0.0
    ],
    "Intertime of retransmissions AVG": [
        0.0,
        0.0
    ],
    "Packets delivered": [
        0.8716745958960777,
        0.8781443233420838
    ],
    "Packets lost due to noise": [
        0.10214108616708742,
        0.10727753472719018
    ],
    "Packets collided": [
        0.0,
        0.0
    ],
    "Destinatary out of range": [
        0.0,
        0.0
    ],
    "Packets dropped": [
        0.0,
        0.0
    ],
    "Other causes of loss": [
        0.019663609543776547,
        0.02109885032378427
    ],
    "Queue MN Avg": [
        0.2324832628043281,
        0.2325058507822408
    ],
    "Queue MN Var": [
        3.112562700858488e-08,
        3.639729782985205e-08
    ],
    "Queue BR Avg": [
        0.3276510702749125,
        0.33010148888707463
    ],
    "Queue BR Var": [
        0.011986399801772619,
        0.016384483142090973
    ],
    "Upstream Delay Avg": [
        0.458951549307757,
        0.4593614447042513
    ],
    "Upstream Delay 95th Perc": [
        0.8708098632941278,
        0.871079017669015
    ],
    "Upstream Delay Var": [
        0.06975047482985279,
        0.06983775054494583
    ],
    "Downstream Delay Avg": [
        0.465000000040977,
        0.4650000000505365
    ],
    "Downstream Delay 95th Perc": [
        0.4650000077793732,
        0.4650000078607869
    ],
    "Downstream Delay Var": [
        3.092131622165152e-17,
        3.1966182730804075e-17
    ],
    "RTT Avg": [
        1299.9879372020448,
        1301.0817390003974
    ],
    "RTT 95th Perc": [
        2289.021397059324,
        2290.0791254486758
    ],
    "RTT Var": [
        403036.9435991584,
        403703.9636767505
    ]
}