{
    "Upstream PDR": [
        0.27800719448957445,
        0.2835936713112913
    ],
    "Downstream PDR": [
        0.8229220690483261,
        0.8286711310775348
    ],
    "TicToc PDR": [
        0.2291070481917895,
        0.23473797345323205
    ],
    "Packets retransmitted per node AVG": [
        0.0,
        0.0
    ],
    "Counter of retransmission per packet AVG": [
        0.0,
        0.0
    ],
    "Intertime of retransmissions AVG": [
        0.0,
        0.0
    ],
    "Packets delivered": [
        0.4030265429161648,
        0.41007512821875625
    ],
    "Packets lost due to noise": [
        0.10032346324248122,
        0.10309282323028836
    ],
    "Packets collided": [
        -2.1275797529699755e-06,
        6.560203866445153e-06
    ],
    "Destinatary out of range": [
        -3.8125685212407795e-06,
        4.044427114471109e-05
    ],
    "Packets dropped": [
        0.0,
        0.0
    ],
    "Other causes of loss": [
        0.48834612483115253,
        0.49509485323442
    ],
    "Queue MN Avg": [
        0.457486732308837,
        0.4575112254733667
    ],
    "Queue MN Var": [
        1.1632832614874252e-07,
        1.3032010579829356e-07
    ],
    "Queue BR Avg": [
        0.3318057831269059,
        0.3384740676649757
    ],
    "Queue BR Var": [
        0.03700134729776784,
        0.043845157030438286
    ],
    "Upstream Delay Avg": [
        0.9086026165730536,
        0.9099247325167374
    ],
    "Upstream Delay 95th Perc": [
        1.7255697257244689,
        1.7268529228337026
    ],
    "Upstream Delay Var": [
        0.27443619831829674,
        0.2750130806653505
    ],
    "Downstream Delay Avg": [
        0.9149945594540962,
        0.9150167754727512
    ],
    "Downstream Delay 95th Perc": [
        0.9150000143408387,
        0.9150000146333185
    ],
    "Downstream Delay Var": [
        -9.842107368734407e-06,
        3.0347266994461444e-05
    ],
    "RTT Avg": [
        1293.9467927045705,
        1295.7350366721869
    ],
    "RTT 95th Perc": [
        2258.472440481431,
        2259.8389534396124
    ],
    "RTT Var": [
        385540.0442268288,
        387151.3496234619
    ]
}