{
    "Upstream PDR": [
        0.19225248772227227,
        0.19550508803530353
    ],
    "Downstream PDR": [
        0.814389182521996,
        0.8199945803865576
    ],
    "TicToc PDR": [
        0.15676479256028944,
        0.1601529563574595
    ],
    "Packets retransmitted per node AVG": [
        0.0,
        0.0
    ],
    "Counter of retransmission per packet AVG": [
        0.0,
        0.0
    ],
    "Intertime of retransmissions AVG": [
        0.0,
        0.0
    ],
    "Packets delivered": [
        0.38124472575563884,
        0.387022632428367
    ],
    "Packets lost due to noise": [
        0.09954708286936141,
        0.10209527156752103
    ],
    "Packets collided": [
        0.0,
        0.0
    ],
    "Destinatary out of range": [
        -2.6204036905044574e-05,
        8.079782860359391e-05
    ],
    "Packets dropped": [
        0.0,
        0.0
    ],
    "Other causes of loss": [
        0.5122696750396561,
        0.5177660185477572
    ],
    "Queue MN Avg": [
        171.32876992639635,
        171.34605466477828
    ],
    "Queue MN Var": [
        0.08496281390328937,
        0.09064265213973034
    ],
    "Queue BR Avg": [
        0.513144612669615,
        0.5218312775369528
    ],
    "Queue BR Var": [
        0.07132979229935445,
        0.08653146962389065
    ],
    "Upstream Delay Avg": [
        341.6439179691894,
        342.11488969003176
    ],
    "Upstream Delay 95th Perc": [
        595.2550202498378,
        595.3750070719564
    ],
    "Upstream Delay Var": [
        26851.9842373361,
        26913.648486910806
    ],
    "Downstream Delay Avg": [
        1.3649537767359257,
        1.3651425255767058
    ],
    "Downstream Delay 95th Perc": [
        1.3641726238068883,
        1.3675512283219509
    ],
    "Downstream Delay Var": [
        -0.00011915101040267182,
        0.0003673915950955953
    ],
    "RTT Avg": [
        1293.9209113633794,
        1296.085083512313
    ],
    "RTT 95th Perc": [
        2257.9736724810778,
        2259.5731833523328
    ],
    "RTT Var": [
        385410.48622281017,
        386813.1353898616
    ]
}