{
    "Upstream PDR": [
        0.1719442253618449,
        0.1743700603524409
    ],
    "Downstream PDR": [
        0.8136091844714548,
        0.8194210786028451
    ],
    "TicToc PDR": [
        0.1400443263675019,
        0.14276502428184876
    ],
    "Packets retransmitted per node AVG": [
        0.0,
        0.0
    ],
    "Counter of retransmission per packet AVG": [
        0.0,
        0.0
    ],
    "Intertime of retransmissions AVG": [
        0.0,
        0.0
    ],
    "Packets delivered": [
        0.37893584620709414,
        0.3841320453604337
    ],
    "Packets lost due to noise": [
        0.09910754007047459,
        0.10143467859217237
    ],
    "Packets collided": [
        0.0,
        0.0
    ],
    "Destinatary out of range": [
        0.0,
        0.0
    ],
    "Packets dropped": [
        0.0,
        0.0
    ],
    "Other causes of loss": [
        0.5159343024887892,
        0.5204555872810361
    ],
    "Queue MN Avg": [
        218.89186141462648,
        218.90912733140374
    ],
    "Queue MN Var": [
        0.08318183922198714,
        0.08909751879107107
    ],
    "Queue BR Avg": [
        0.5658392510733739,
        0.5738330495263146
    ],
    "Queue BR Var": [
        0.08371610808909116,
        0.09799771306266711
    ],
    "Upstream Delay Avg": [
        436.49906518469186,
        437.06676427643515
    ],
    "Upstream Delay 95th Perc": [
        760.632596454355,
        760.7665243885838
    ],
    "Upstream Delay Var": [
        43868.63041394077,
        43984.62828058441
    ],
    "Downstream Delay Avg": [
        1.515000000017917,
        1.515000000079855
    ],
    "Downstream Delay 95th Perc": [
        1.515000021798846,
        1.5150000220820012
    ],
    "Downstream Delay Var": [
        3.1521242985633596e-16,
        3.278356562728647e-16
    ],
    "RTT Avg": [
        1294.2540016347705,
        1296.4252007209382
    ],
    "RTT 95th Perc": [
        2256.984749386778,
        2258.4942273956344
    ],
    "RTT Var": [
        385450.7827885788,
        386780.29086534324
    ]
}