{
    "Upstream PDR": [
        0.6408325587857113,
        0.6431560126428604
    ],
    "Downstream PDR": [
        0.9026702944941456,
        0.9049879277412041
    ],
    "TicToc PDR": [
        0.5787349849659956,
        0.5817813786703684
    ],
    "Packets retransmitted per node AVG": [
        0.0,
        0.0
    ],
    "Counter of retransmission per packet AVG": [
        0.0,
        0.0
    ],
    "Intertime of retransmissions AVG": [
        0.0,
        0.0
    ],
    "Packets delivered": [
        0.9353329929050045,
        0.9377847931875405
    ],
    "Packets lost due to noise": [
        0.052525160408210585,
        0.0539222982568569
    ],
    "Packets collided": [
        0.0,
        0.0
    ],
    "Destinatary out of range": [
        0.0,
        0.0
    ],
    "Packets dropped": [
        0.0,
        0.0
    ],
    "Other causes of loss": [
        0.009404938501319552,
        0.011029816741067835
    ],
    "Queue MN Avg": [
        218.89186141462648,
        218.90912733140374
    ],
    "Queue MN Var": [
        0.08318183922198714,
        0.08909751879107107
    ],
    "Queue BR Avg": [
        1.9406245677643934,
        1.9476617348370002
    ],
    "Queue BR Var": [
        0.20675797605657004,
        0.2543911590390643
    ],
    "Upstream Delay Avg": [
        437.80184766356183,
        437.8779281197325
    ],
    "Upstream Delay 95th Perc": [
        771.2243841441265,
        771.2965189450875
    ],
    "Upstream Delay Var": [
        45736.77776945661,
        45750.388882126914
    ],
    "Downstream Delay Avg": [
        1.515000000917196,
        1.515000000970345
    ],
    "Downstream Delay 95th Perc": [
        1.5150000238179826,
        1.5150000240206387
    ],
    "Downstream Delay Var": [
        3.041908707405139e-16,
        3.11677920165872e-16
    ],
    "RTT Avg": [
        1299.6220797257831,
        1300.1139087413005
    ],
    "RTT 95th Perc": [
        2288.813943725423,
        2289.2495416234433
    ],
    "RTT Var": [
        403300.27930626203,
        403588.6965806228
    ]
}