{
    "Upstream PDR": [
        0.6590181705913369,
        0.6610239073307411
    ],
    "Downstream PDR": [
        0.9653306723762959,
        0.9666845670323544
    ],
    "TicToc PDR": [
        0.636429992184319,
        0.6387435143091876
    ],
    "Packets retransmitted per node AVG": [
        0.0,
        0.0
    ],
    "Counter of retransmission per packet AVG": [
        0.0,
        0.0
    ],
    "Intertime of retransmissions AVG": [
        0.0,
        0.0
    ],
    "Packets delivered": [
        0.979739699272919,
        0.9815742991164766
    ],
    "Packets lost due to noise": [
        0.015994667903246555,
        0.016683014915225624
    ],
    "Packets collided": [
        0.0,
        0.0
    ],
    "Destinatary out of range": [
        0.0,
        0.0
    ],
    "Packets dropped": [
        0.0,
        0.0
    ],
    "Other causes of loss": [
        0.0022641738668202154,
        0.003744144925312626
    ],
    "Queue MN Avg": [
        218.89186141462648,
        218.90912733140374
    ],
    "Queue MN Var": [
        0.08318183922198714,
        0.08909751879107107
    ],
    "Queue BR Avg": [
        1.3129603147831725,
        1.3169552347313307
    ],
    "Queue BR Var": [
        0.12318929314007918,
        0.1518285122452002
    ],
    "Upstream Delay Avg": [
        437.85184166302224,
        437.89069633814256
    ],
    "Upstream Delay 95th Perc": [
        771.2831619418589,
        771.3195104984486
    ],
    "Upstream Delay Var": [
        45751.46288417306,
        45757.111607574974
    ],
    "Downstream Delay Avg": [
        1.515000001790419,
        1.5150000018343817
    ],
    "Downstream Delay 95th Perc": [
        1.5150000240568444,
        1.5150000242001782
    ],
    "Downstream Delay Var": [
        3.055695054773208e-16,
        3.1092030742014e-16
    ],
    "RTT Avg": [
        1299.6448099813085,
        1299.9596670003737
    ],
    "RTT 95th Perc": [
        2289.165582012861,
        2289.409591877221
    ],
    "RTT Var": [
        403440.56296587817,
        403591.2719305145
    ]
}