{
    "Upstream PDR": [
        0.1502792170987173,
        0.15311922445972434
    ],
    "Downstream PDR": [
        0.8158201092796786,
        0.8201809759873009
    ],
    "TicToc PDR": [
        0.12277584846840998,
        0.1254257099731485
    ],
    "Packets retransmitted per node AVG": [
        0.0,
        0.0
    ],
    "Counter of retransmission per packet AVG": [
        0.0,
        0.0
    ],
    "Intertime of retransmissions AVG": [
        0.0,
        0.0
    ],
    "Packets delivered": [
        0.3764909500103798,
        0.3818651081710319
    ],
    "Packets lost due to noise": [
        0.09900251562095336,
        0.10131504739118632
    ],
    "Packets collided": [
        0.0,
        0.0
    ],
    "Destinatary out of range": [
        0.0,
        0.0
    ],
    "Packets dropped": [
        0.0,
        0.0
    ],
    "Other causes of loss": [
        0.5180506206359023,
        0.5232757581705465
    ],
    "Queue MN Avg": [
        218.89186141462648,
        218.90912733140374
    ],
    "Queue MN Var": [
        0.08318183922198714,
        0.08909751879107107
    ],
    "Queue BR Avg": [
        0.49471101953878144,
        0.5040547738347682
    ],
    "Queue BR Var": [
        0.07779712842127462,
        0.09100248098091845
    ],
    "Upstream Delay Avg": [
        474.97257817336487,
        476.8362219693018
    ],
    "Upstream Delay 95th Perc": [
        747.6497257907989,
        755.3975410546869
    ],
    "Upstream Delay Var": [
        31377.271506907968,
        32620.78883259292
    ],
    "Downstream Delay Avg": [
        1.5149999999939943,
        1.5150000000126673
    ],
    "Downstream Delay 95th Perc": [
        1.515000002164507,
        1.5150000023184704
    ],
    "Downstream Delay Var": [
        3.078557656405216e-18,
        4.989127217259217e-18
    ],
    "RTT Avg": [
        1433.6233367405223,
        1440.7617286272732
    ],
    "RTT 95th Perc": [
        1923.7421178399945,
        1940.2711647240458
    ],
    "RTT Var": [
        211867.60148347105,
        223555.01557982533
    ]
}