{
    "Upstream PDR": [
        0.2606509613481847,
        0.27824514254791927
    ],
    "Downstream PDR": [
        0.7841600122341155,
        0.801506180876342
    ],
    "TicToc PDR": [
        0.20537429761646855,
        0.22279972835755732
    ],
    "Packets retransmitted per node AVG": [
        0.0,
        0.0
    ],
    "Counter of retransmission per packet AVG": [
        0.0,
        0.0
    ],
    "Intertime of retransmissions AVG": [
        0.0,
        0.0
    ],
    "Packets delivered": [
        0.39510867666898375,
        0.41711322260030026
    ],
    "Packets lost due to noise": [
        0.115700493241769,
        0.12185161324747694
    ],
    "Packets collided": [
        0.0,
        0.0
    ],
    "Destinatary out of range": [
        0.0,
        0.0
    ],
    "Packets dropped": [
        0.0,
        0.0
    ],
    "Other causes of loss": [
        0.4646940646786326,
        0.48553192956283764
    ],
    "Queue MN Avg": [
        0.15748708701597997,
        0.15750727334782455
    ],
    "Queue MN Var": [
        2.016986796767e-08,
        2.4157765016580824e-08
    ],
    "Queue BR Avg": [
        0.05864975463873481,
        0.06260882065531788
    ],
    "Queue BR Var": [
        0.002052797055470115,
        0.0029560108881021858
    ],
    "Upstream Delay Avg": [
        0.3086960279601139,
        0.3094967648868156
    ],
    "Upstream Delay 95th Perc": [
        0.585363619658484,
        0.5862176854782014
    ],
    "Upstream Delay Var": [
        0.03151544726243215,
        0.0316084506142362
    ],
    "Downstream Delay Avg": [
        0.3150000000009138,
        0.31500000000489475
    ],
    "Downstream Delay 95th Perc": [
        0.3150000006712215,
        0.31500000069465445
    ],
    "Downstream Delay Var": [
        1.9295861916359365e-19,
        2.0993783447388067e-19
    ],
    "RTT Avg": [
        1376.335896871486,
        1392.117482446297
    ],
    "RTT 95th Perc": [
        1990.9819181747737,
        2032.964155112404
    ],
    "RTT Var": [
        274274.1285790483,
        303393.45159646694
    ]
}