{
    "Upstream PDR": [
        0.888927297134735,
        0.8953129626055246
    ],
    "Downstream PDR": [
        0.0,
        0.0
    ],
    "TicToc PDR": [
        0.0,
        0.0
    ],
    "Packets retransmitted per node AVG": [
        0.0,
        0.0
    ],
    "Counter of retransmission per packet AVG": [
        0.0,
        0.0
    ],
    "Intertime of retransmissions AVG": [
        0.0,
        0.0
    ],
    "Packets delivered": [
        0.8890352656263395,
        0.8952449282846012
    ],
    "Packets lost due to noise": [
        0.09701379145157764,
        0.10304917112424546
    ],
    "Packets collided": [
        0.0,
        0.0
    ],
    "Destinatary out of range": [
        0.0,
        0.0
    ],
    "Packets dropped": [
        0.0,
        0.0
    ],
    "Other causes of loss": [
        0.006440243977988977,
        0.009216599535247016
    ],
    "Queue MN Avg": [
        0.19499138609246475,
        0.1950104645650489
    ],
    "Queue MN Var": [
        3.0982608822260384e-08,
        3.4632818304098504e-08
    ],
    "Queue BR Avg": [
        0.0,
        0.0
    ],
    "Queue BR Var": [
        0.0,
        0.0
    ],
    "Upstream Delay Avg": [
        0.38405585333366893,
        0.38444245831370666
    ],
    "Upstream Delay 95th Perc": [
        0.7283346852174641,
        0.7286092950595644
    ],
    "Upstream Delay Var": [
        0.04872653558150213,
        0.04877852694053824
    ],
    "Downstream Delay Avg": [
        0.0,
        0.0
    ],
    "Downstream Delay 95th Perc": [
        0.0,
        0.0
    ],
    "Downstream Delay Var": [
        0.0,
        0.0
    ],
    "RTT Avg": [
        0.0,
        0.0
    ],
    "RTT 95th Perc": [
        0.0,
        0.0
    ],
    "RTT Var": [
        0.0,
        0.0
    ]
}