{
    "Upstream PDR": [
        0.2268198331014225,
        0.23938276430117483
    ],
    "Downstream PDR": [
        0.0,
        0.0
    ],
    "TicToc PDR": [
        0.0,
        0.0
    ],
    "Packets retransmitted per node AVG": [
        0.0,
        0.0
    ],
    "Counter of retransmission per packet AVG": [
        0.0,
        0.0
    ],
    "Intertime of retransmissions AVG": [
        0.0,
        0.0
    ],
    "Packets delivered": [
        0.24994299396883113,
        0.2628820883017944
    ],
    "Packets lost due to noise": [
        0.10336443566625514,
        0.10938891975158366
    ],
    "Packets collided": [
        0.0,
        0.0
    ],
    "Destinatary out of range": [
        0.0,
        0.0
    ],
    "Packets dropped": [
        0.0,
        0.0
    ],
    "Other causes of loss": [
        0.6294530197021532,
        0.6449685426093822
    ],
    "Queue MN Avg": [
        0.14999210975437788,
        0.15000907206901382
    ],
    "Queue MN Var": [
        1.4550985101343124e-08,
        1.641548132308527e-08
    ],
    "Queue BR Avg": [
        0.0,
        0.0
    ],
    "Queue BR Var": [
        0.0,
        0.0
    ],
    "Upstream Delay Avg": [
        0.2937025269744447,
        0.294230854842553
    ],
    "Upstream Delay 95th Perc": [
        0.5572670058779591,
        0.5578046549370123
    ],
    "Upstream Delay Var": [
        0.028445305378030875,
        0.028545500447329772
    ],
    "Downstream Delay Avg": [
        0.0,
        0.0
    ],
    "Downstream Delay 95th Perc": [
        0.0,
        0.0
    ],
    "Downstream Delay Var": [
        0.0,
        0.0
    ],
    "RTT Avg": [
        0.0,
        0.0
    ],
    "RTT 95th Perc": [
        0.0,
        0.0
    ],
    "RTT Var": [
        0.0,
        0.0
    ]
}