{
    "Upstream PDR": [
        0.4317764387465786,
        0.4494495352793954
    ],
    "Downstream PDR": [
        0.8639112922618691,
        0.8733096751640824
    ],
    "TicToc PDR": [
        0.37403515617158306,
        0.3917830256465988
    ],
    "Packets retransmitted per node AVG": [
        0.0,
        0.0
    ],
    "Counter of retransmission per packet AVG": [
        0.0,
        0.0
    ],
    "Intertime of retransmissions AVG": [
        0.0,
        0.0
    ],
    "Packets delivered": [
        0.5698085930424249,
        0.587377068225207
    ],
    "Packets lost due to noise": [
        0.0987595983596977,
        0.10500592193897766
    ],
    "Packets collided": [
        0.0,
        0.0
    ],
    "Destinatary out of range": [
        0.0,
        0.0
    ],
    "Packets dropped": [
        0.0,
        0.0
    ],
    "Other causes of loss": [
        0.3109039123233399,
        0.32814490611035285
    ],
    "Queue MN Avg": [
        0.15748708701597997,
        0.15750727334782455
    ],
    "Queue MN Var": [
        2.016986796767e-08,
        2.4157765016580824e-08
    ],
    "Queue BR Avg": [
        0.041217601003063487,
        0.04290442245594836
    ],
    "Queue BR Var": [
        0.000912303181535312,
        0.0011187807064294028
    ],
    "Upstream Delay Avg": [
        0.3089108469868061,
        0.30955146836730535
    ],
    "Upstream Delay 95th Perc": [
        0.5854407583348396,
        0.5865519473427603
    ],
    "Upstream Delay Var": [
        0.031478096163771604,
        0.03154210643202665
    ],
    "Downstream Delay Avg": [
        0.3150000000312766,
        0.3150000000469664
    ],
    "Downstream Delay 95th Perc": [
        0.31500000739292083,
        0.3150000075620562
    ],
    "Downstream Delay Var": [
        2.234057009314584e-17,
        2.3871286735057194e-17
    ],
    "RTT Avg": [
        1296.0483928462806,
        1298.4930120724232
    ],
    "RTT 95th Perc": [
        2265.790055512929,
        2267.0467240999915
    ],
    "RTT Var": [
        388232.4833339856,
        390267.4441310913
    ]
}