{
    "Upstream PDR": [
        0.213397026210985,
        0.22097180495784607
    ],
    "Downstream PDR": [
        0.7880466209370033,
        0.7963924512736694
    ],
    "TicToc PDR": [
        0.16851632446417542,
        0.17576938982153884
    ],
    "Packets retransmitted per node AVG": [
        0.0,
        0.0
    ],
    "Counter of retransmission per packet AVG": [
        0.0,
        0.0
    ],
    "Intertime of retransmissions AVG": [
        0.0,
        0.0
    ],
    "Packets delivered": [
        0.3323440663601703,
        0.34289821786871894
    ],
    "Packets lost due to noise": [
        0.10527643033905237,
        0.10851598779392355
    ],
    "Packets collided": [
        -4.675323132993271e-06,
        1.7928334183801524e-05
    ],
    "Destinatary out of range": [
        -9.414912921246538e-06,
        6.293094474241656e-05
    ],
    "Packets dropped": [
        0.0,
        0.0
    ],
    "Other causes of loss": [
        0.5499202243925169,
        0.5609783042027462
    ],
    "Queue MN Avg": [
        35.74721440348576,
        35.77119622381915
    ],
    "Queue MN Var": [
        0.07819415112126654,
        0.08432095484710347
    ],
    "Queue BR Avg": [
        0.5679579705516989,
        0.5880833695249815
    ],
    "Queue BR Var": [
        0.08860761660707688,
        0.1172508851272276
    ],
    "Upstream Delay Avg": [
        71.3349443842399,
        71.43517592488944
    ],
    "Upstream Delay 95th Perc": [
        123.84130458125586,
        123.92210073635727
    ],
    "Upstream Delay Var": [
        1158.437508747559,
        1161.555579395221
    ],
    "Downstream Delay Avg": [
        1.0649817074532604,
        1.0650998592831162
    ],
    "Downstream Delay 95th Perc": [
        1.0650000150551504,
        1.0650000154398653
    ],
    "Downstream Delay Var": [
        -3.758911741902213e-05,
        0.00020642833945903392
    ],
    "RTT Avg": [
        1294.1256303939256,
        1299.9409375986131
    ],
    "RTT 95th Perc": [
        2241.78308114771,
        2254.0924400668923
    ],
    "RTT Var": [
        385248.0304378913,
        391545.78945943835
    ]
}