{
    "Upstream PDR": [
        0.22918336770392073,
        0.2382936885731355
    ],
    "Downstream PDR": [
        0.7880772124231796,
        0.7981249555329857
    ],
    "TicToc PDR": [
        0.1810470961440362,
        0.18998234108540102
    ],
    "Packets retransmitted per node AVG": [
        0.0,
        0.0
    ],
    "Counter of retransmission per packet AVG": [
        0.0,
        0.0
    ],
    "Intertime of retransmissions AVG": [
        0.0,
        0.0
    ],
    "Packets delivered": [
        0.3366605474947133,
        0.34867728550313626
    ],
    "Packets lost due to noise": [
        0.10608882285830103,
        0.10989163012122775
    ],
    "Packets collided": [
        -2.542706785216127e-06,
        7.840211329481744e-06
    ],
    "Destinatary out of range": [
        -4.189100773252966e-06,
        4.9079764119474674e-05
    ],
    "Packets dropped": [
        0.0,
        0.0
    ],
    "Other causes of loss": [
        0.5434590624103753,
        0.5551724634443557
    ],
    "Queue MN Avg": [
        0.457486732308837,
        0.4575112254733667
    ],
    "Queue MN Var": [
        1.1632832614874252e-07,
        1.3032010579829356e-07
    ],
    "Queue BR Avg": [
        0.4493683335653436,
        0.4672288661806598
    ],
    "Queue BR Var": [
        0.060156004326506016,
        0.07783111389291926
    ],
    "Upstream Delay Avg": [
        0.9084008987442339,
        0.9098935728160223
    ],
    "Upstream Delay 95th Perc": [
        1.7252271671812034,
        1.726270012704569
    ],
    "Upstream Delay Var": [
        0.27414192733753545,
        0.27473324862592247
    ],
    "Downstream Delay Avg": [
        0.9149999999921495,
        0.9150000000561324
    ],
    "Downstream Delay 95th Perc": [
        0.9150000134560399,
        0.9150000137890963
    ],
    "Downstream Delay Var": [
        1.0484602280655225e-16,
        1.1173236962753532e-16
    ],
    "RTT Avg": [
        1290.9962252642156,
        1297.7040589087044
    ],
    "RTT 95th Perc": [
        2242.136191427685,
        2253.2506064496683
    ],
    "RTT Var": [
        385440.4831258454,
        390149.8876867876
    ]
}