{
    "Upstream PDR": [
        0.2891233447897068,
        0.3003190794527173
    ],
    "Downstream PDR": [
        0.0,
        0.0
    ],
    "TicToc PDR": [
        0.0,
        0.0
    ],
    "Packets retransmitted per node AVG": [
        0.0,
        0.0
    ],
    "Counter of retransmission per packet AVG": [
        0.0,
        0.0
    ],
    "Intertime of retransmissions AVG": [
        0.0,
        0.0
    ],
    "Packets delivered": [
        0.3276664884717798,
        0.33859432378700616
    ],
    "Packets lost due to noise": [
        0.09961116662902815,
        0.10434754370097
    ],
    "Packets collided": [
        0.0,
        0.0
    ],
    "Destinatary out of range": [
        0.0,
        0.0
    ],
    "Packets dropped": [
        0.0,
        0.0
    ],
    "Other causes of loss": [
        0.5588322045319107,
        0.5709482728793047
    ],
    "Queue MN Avg": [
        0.14999210975437788,
        0.15000907206901382
    ],
    "Queue MN Var": [
        1.4550985101343124e-08,
        1.641548132308527e-08
    ],
    "Queue BR Avg": [
        0.0,
        0.0
    ],
    "Queue BR Var": [
        0.0,
        0.0
    ],
    "Upstream Delay Avg": [
        0.2942577259075018,
        0.2948045268076868
    ],
    "Upstream Delay 95th Perc": [
        0.5573650074738767,
        0.5578377242755521
    ],
    "Upstream Delay Var": [
        0.028436186930353293,
        0.02850784008162034
    ],
    "Downstream Delay Avg": [
        0.0,
        0.0
    ],
    "Downstream Delay 95th Perc": [
        0.0,
        0.0
    ],
    "Downstream Delay Var": [
        0.0,
        0.0
    ],
    "RTT Avg": [
        0.0,
        0.0
    ],
    "RTT 95th Perc": [
        0.0,
        0.0
    ],
    "RTT Var": [
        0.0,
        0.0
    ]
}