{
    "Upstream PDR": [
        0.9681555298115211,
        0.9713769377209461
    ],
    "Downstream PDR": [
        0.9128948958713883,
        0.9190308803668348
    ],
    "TicToc PDR": [
        0.8842978637683766,
        0.8922917466212336
    ],
    "Packets retransmitted per node AVG": [
        0.0,
        0.0
    ],
    "Counter of retransmission per packet AVG": [
        0.0,
        0.0
    ],
    "Intertime of retransmissions AVG": [
        0.0,
        0.0
    ],
    "Packets delivered": [
        0.9411778648505013,
        0.9452755070881215
    ],
    "Packets lost due to noise": [
        0.04783228389138467,
        0.051414082987548355
    ],
    "Packets collided": [
        0.0,
        0.0
    ],
    "Destinatary out of range": [
        0.0,
        0.0
    ],
    "Packets dropped": [
        0.0,
        0.0
    ],
    "Other causes of loss": [
        0.006853931160431563,
        0.007446330022012752
    ],
    "Queue MN Avg": [
        0.15748708701597997,
        0.15750727334782455
    ],
    "Queue MN Var": [
        2.016986796767e-08,
        2.4157765016580824e-08
    ],
    "Queue BR Avg": [
        0.12199459123470793,
        0.12240065471760733
    ],
    "Queue BR Var": [
        0.0029143718419542873,
        0.003976825245711992
    ],
    "Upstream Delay Avg": [
        0.30907818513675067,
        0.30932015441607474
    ],
    "Upstream Delay 95th Perc": [
        0.5856724650192044,
        0.5859643147550242
    ],
    "Upstream Delay Var": [
        0.03150738966799178,
        0.03152847591085412
    ],
    "Downstream Delay Avg": [
        0.3150000000595053,
        0.3150000000683009
    ],
    "Downstream Delay 95th Perc": [
        0.31500000767801634,
        0.31500000780026943
    ],
    "Downstream Delay Var": [
        2.0894302237780448e-17,
        2.203657017146355e-17
    ],
    "RTT Avg": [
        1299.4498340204825,
        1300.3421581658397
    ],
    "RTT 95th Perc": [
        2289.3920984121787,
        2290.265509791193
    ],
    "RTT Var": [
        403556.4498082608,
        404011.8509803482
    ]
}