{
    "Upstream PDR": [
        0.8926107062754004,
        0.8984147482700539
    ],
    "Downstream PDR": [
        0.8509981622396956,
        0.8580254922219563
    ],
    "TicToc PDR": [
        0.7599529179076624,
        0.7706444846897397
    ],
    "Packets retransmitted per node AVG": [
        0.0,
        0.0
    ],
    "Counter of retransmission per packet AVG": [
        0.0,
        0.0
    ],
    "Intertime of retransmissions AVG": [
        0.0,
        0.0
    ],
    "Packets delivered": [
        0.873182415913473,
        0.8791736058129106
    ],
    "Packets lost due to noise": [
        0.10089020067033487,
        0.10594449929131931
    ],
    "Packets collided": [
        -3.4324790446720757e-07,
        1.894149185327451e-06
    ],
    "Destinatary out of range": [
        -2.676952024950894e-06,
        1.2001546079078279e-05
    ],
    "Packets dropped": [
        0.0,
        0.0
    ],
    "Other causes of loss": [
        0.01946278809950587,
        0.021335614717121344
    ],
    "Queue MN Avg": [
        0.3824671238827403,
        0.3825479872243215
    ],
    "Queue MN Var": [
        4.711661425869667e-07,
        5.285377550187145e-07
    ],
    "Queue BR Avg": [
        0.8986566972321908,
        0.9044935836636581
    ],
    "Queue BR Var": [
        0.09249796670796769,
        0.12349312641553199
    ],
    "Upstream Delay Avg": [
        0.7591247427788324,
        0.7595527962513458
    ],
    "Upstream Delay 95th Perc": [
        1.4406785954168717,
        1.441155047038557
    ],
    "Upstream Delay Var": [
        0.19116320129308306,
        0.19133776622298715
    ],
    "Downstream Delay Avg": [
        0.7649936931109099,
        0.7650407693753577
    ],
    "Downstream Delay 95th Perc": [
        0.7650000015039767,
        0.7650000015163109
    ],
    "Downstream Delay Var": [
        -9.47295808675877e-06,
        6.123721283078034e-05
    ],
    "RTT Avg": [
        1299.5659267318142,
        1301.3439430913895
    ],
    "RTT 95th Perc": [
        2283.800707510538,
        2286.9669235674246
    ],
    "RTT Var": [
        399875.15980845486,
        401930.90618284565
    ]
}