{
    "Upstream PDR": [
        0.2067039176698596,
        0.2178332251872833
    ],
    "Downstream PDR": [
        0.7822999495228801,
        0.7928677696213419
    ],
    "TicToc PDR": [
        0.16230914438933433,
        0.17228929716910732
    ],
    "Packets retransmitted per node AVG": [
        0.0,
        0.0
    ],
    "Counter of retransmission per packet AVG": [
        0.0,
        0.0
    ],
    "Intertime of retransmissions AVG": [
        0.0,
        0.0
    ],
    "Packets delivered": [
        0.33198030887776975,
        0.34723050022219704
    ],
    "Packets lost due to noise": [
        0.10683323954766556,
        0.11094269696507868
    ],
    "Packets collided": [
        0.0,
        0.0
    ],
    "Destinatary out of range": [
        -6.011039277362176e-06,
        3.860161746643397e-05
    ],
    "Packets dropped": [
        0.0,
        0.0
    ],
    "Other causes of loss": [
        0.543408457013873,
        0.559572206795227
    ],
    "Queue MN Avg": [
        0.3824671238827403,
        0.3825479872243215
    ],
    "Queue MN Var": [
        4.711661425869667e-07,
        5.285377550187145e-07
    ],
    "Queue BR Avg": [
        0.2824370717101479,
        0.29763050930186735
    ],
    "Queue BR Var": [
        0.033336220433547406,
        0.0459769487840761
    ],
    "Upstream Delay Avg": [
        0.7590808138877642,
        0.7604036010594543
    ],
    "Upstream Delay 95th Perc": [
        1.440463297416403,
        1.4416814292923965
    ],
    "Upstream Delay Var": [
        0.19108324601478208,
        0.1915785581523369
    ],
    "Downstream Delay Avg": [
        0.7649894875499652,
        0.7650565335854518
    ],
    "Downstream Delay 95th Perc": [
        0.7650000012865782,
        0.7650000013255486
    ],
    "Downstream Delay Var": [
        -1.5667051138913156e-05,
        8.471351258001046e-05
    ],
    "RTT Avg": [
        1399.9199252589192,
        1411.4762621946384
    ],
    "RTT 95th Perc": [
        1930.7652787571883,
        1960.9633587469339
    ],
    "RTT Var": [
        234668.8747057718,
        254539.54722714785
    ]
}