{
    "Upstream PDR": [
        0.6570875236683479,
        0.6612022310214068
    ],
    "Downstream PDR": [
        0.849921693940376,
        0.855715557490097
    ],
    "TicToc PDR": [
        0.5587545615139533,
        0.5655854096260178
    ],
    "Packets retransmitted per node AVG": [
        0.0,
        0.0
    ],
    "Counter of retransmission per packet AVG": [
        0.0,
        0.0
    ],
    "Intertime of retransmissions AVG": [
        0.0,
        0.0
    ],
    "Packets delivered": [
        0.8724793978589633,
        0.8775409203916869
    ],
    "Packets lost due to noise": [
        0.10180983020155236,
        0.10585574884289571
    ],
    "Packets collided": [
        -9.37636057112044e-07,
        2.891117796453115e-06
    ],
    "Destinatary out of range": [
        -1.687744902801682e-06,
        5.2040120336156096e-06
    ],
    "Packets dropped": [
        0.0,
        0.0
    ],
    "Other causes of loss": [
        0.020243228756571762,
        0.022065404199460365
    ],
    "Queue MN Avg": [
        171.32876992639635,
        171.34605466477828
    ],
    "Queue MN Var": [
        0.08496281390328937,
        0.09064265213973034
    ],
    "Queue BR Avg": [
        2.1238307296342662,
        2.1370852752143272
    ],
    "Queue BR Var": [
        0.3658369303229373,
        0.44394352935886394
    ],
    "Upstream Delay Avg": [
        342.6592306145458,
        342.81280179344253
    ],
    "Upstream Delay 95th Perc": [
        603.3686968497922,
        603.6520389584908
    ],
    "Upstream Delay Var": [
        27921.86798907765,
        27962.906867015216
    ],
    "Downstream Delay Avg": [
        1.364907544610166,
        1.3652850780776706
    ],
    "Downstream Delay 95th Perc": [
        1.364172604837063,
        1.3675512094174955
    ],
    "Downstream Delay Var": [
        -0.00022339033081439905,
        0.0006888043138638572
    ],
    "RTT Avg": [
        1299.3964965616365,
        1300.7872331701342
    ],
    "RTT 95th Perc": [
        2283.4297839631226,
        2286.074414734275
    ],
    "RTT Var": [
        400268.03317335865,
        401741.2467328316
    ]
}