{
    "Upstream PDR": [
        0.24272811765346874,
        0.24959136286601186
    ],
    "Downstream PDR": [
        0.8191002538437248,
        0.8250120694575639
    ],
    "TicToc PDR": [
        0.19920537178303982,
        0.20558337280570477
    ],
    "Packets retransmitted per node AVG": [
        0.0,
        0.0
    ],
    "Counter of retransmission per packet AVG": [
        0.0,
        0.0
    ],
    "Intertime of retransmissions AVG": [
        0.0,
        0.0
    ],
    "Packets delivered": [
        0.3974287662384215,
        0.4060576639913279
    ],
    "Packets lost due to noise": [
        0.10011618478751014,
        0.10308654846359153
    ],
    "Packets collided": [
        -3.654893938892643e-06,
        1.1269541983514482e-05
    ],
    "Destinatary out of range": [
        -4.7602608515921865e-06,
        5.304865455796904e-05
    ],
    "Packets dropped": [
        0.0,
        0.0
    ],
    "Other causes of loss": [
        0.4923536373266806,
        0.5009012961507177
    ],
    "Queue MN Avg": [
        0.457486732308837,
        0.4575112254733667
    ],
    "Queue MN Var": [
        1.1632832614874252e-07,
        1.3032010579829356e-07
    ],
    "Queue BR Avg": [
        0.28973230396358285,
        0.2979203276588621
    ],
    "Queue BR Var": [
        0.03438349199883865,
        0.04099104432701557
    ],
    "Upstream Delay Avg": [
        0.9083112278947385,
        0.9093787028340392
    ],
    "Upstream Delay 95th Perc": [
        1.7249391476120521,
        1.7258759847917757
    ],
    "Upstream Delay Var": [
        0.2742565234644325,
        0.27475871200621804
    ],
    "Downstream Delay Avg": [
        0.9149971586344224,
        0.9150087611603551
    ],
    "Downstream Delay 95th Perc": [
        0.9150000013830853,
        0.9150000016400007
    ],
    "Downstream Delay Var": [
        -5.157105080392829e-06,
        1.590147708486737e-05
    ],
    "RTT Avg": [
        1429.1904799925276,
        1437.3043934330701
    ],
    "RTT 95th Perc": [
        1924.167773235556,
        1949.2291778950002
    ],
    "RTT Var": [
        217317.1361075259,
        235003.14037361142
    ]
}