{
    "Upstream PDR": [
        0.21279693794778226,
        0.22297059451975026
    ],
    "Downstream PDR": [
        0.7763474461786717,
        0.786453190678742
    ],
    "TicToc PDR": [
        0.1658374668558821,
        0.17485863704022178
    ],
    "Packets retransmitted per node AVG": [
        0.0,
        0.0
    ],
    "Counter of retransmission per packet AVG": [
        0.0,
        0.0
    ],
    "Intertime of retransmissions AVG": [
        0.0,
        0.0
    ],
    "Packets delivered": [
        0.33892637256449876,
        0.351881914044187
    ],
    "Packets lost due to noise": [
        0.10969350481809911,
        0.11409948997594002
    ],
    "Packets collided": [
        0.0,
        0.0
    ],
    "Destinatary out of range": [
        0.0,
        0.0
    ],
    "Packets dropped": [
        0.0,
        0.0
    ],
    "Other causes of loss": [
        0.5357120869156068,
        0.5496866316816688
    ],
    "Queue MN Avg": [
        0.307468757961982,
        0.3074982418875662
    ],
    "Queue MN Var": [
        6.435141246015331e-08,
        7.156453739791929e-08
    ],
    "Queue BR Avg": [
        0.18696850934597253,
        0.19590647774794867
    ],
    "Queue BR Var": [
        0.015355940942880082,
        0.022481998578264797
    ],
    "Upstream Delay Avg": [
        0.6082473129349715,
        0.609268320970934
    ],
    "Upstream Delay 95th Perc": [
        1.1553791547156906,
        1.156132896668309
    ],
    "Upstream Delay Var": [
        0.12295170974333798,
        0.12327567473202868
    ],
    "Downstream Delay Avg": [
        0.6149999999955842,
        0.6150000000011309
    ],
    "Downstream Delay 95th Perc": [
        0.6150000011022552,
        0.6150000011423884
    ],
    "Downstream Delay Var": [
        5.152723361579446e-19,
        5.4590942102212775e-19
    ],
    "RTT Avg": [
        1393.2788693871992,
        1407.7404555122864
    ],
    "RTT 95th Perc": [
        1938.7478941059082,
        1969.0872520351697
    ],
    "RTT Var": [
        237344.86288171273,
        257881.66155639407
    ]
}