{
    "Upstream PDR": [
        0.8896477695691621,
        0.8990041784827864
    ],
    "Downstream PDR": [
        0.8456113921424715,
        0.855645276197329
    ],
    "TicToc PDR": [
        0.752763058703484,
        0.7690759023354766
    ],
    "Packets retransmitted per node AVG": [
        0.0,
        0.0
    ],
    "Counter of retransmission per packet AVG": [
        0.0,
        0.0
    ],
    "Intertime of retransmissions AVG": [
        0.0,
        0.0
    ],
    "Packets delivered": [
        0.8693143850204786,
        0.8783590343102218
    ],
    "Packets lost due to noise": [
        0.10214087392714652,
        0.10944042369394519
    ],
    "Packets collided": [
        0.0,
        0.0
    ],
    "Destinatary out of range": [
        0.0,
        0.0
    ],
    "Packets dropped": [
        0.0,
        0.0
    ],
    "Other causes of loss": [
        0.019466567726660135,
        0.021278715321547546
    ],
    "Queue MN Avg": [
        0.15748708701597997,
        0.15750727334782455
    ],
    "Queue MN Var": [
        2.016986796767e-08,
        2.4157765016580824e-08
    ],
    "Queue BR Avg": [
        0.14750208047125227,
        0.14905361474075354
    ],
    "Queue BR Var": [
        0.004756033546988214,
        0.006294140507819307
    ],
    "Upstream Delay Avg": [
        0.3091489507208531,
        0.3094314491208075
    ],
    "Upstream Delay 95th Perc": [
        0.585538274405332,
        0.5859308043273538
    ],
    "Upstream Delay Var": [
        0.0314825624457166,
        0.0315259416912251
    ],
    "Downstream Delay Avg": [
        0.3149999999993406,
        0.3150000000015092
    ],
    "Downstream Delay 95th Perc": [
        0.3150000007559333,
        0.31500000076928664
    ],
    "Downstream Delay Var": [
        2.0670509190032272e-19,
        2.1665957281339267e-19
    ],
    "RTT Avg": [
        1297.6233265170818,
        1300.805911247342
    ],
    "RTT 95th Perc": [
        2281.1738238324237,
        2286.8919129667233
    ],
    "RTT Var": [
        398094.48810924584,
        401838.4035163412
    ]
}