{
    "Upstream PDR": [
        0.27416013676283096,
        0.2822222008995066
    ],
    "Downstream PDR": [
        0.84597087389368,
        0.851982054136216
    ],
    "TicToc PDR": [
        0.23247344219577926,
        0.23993279157045455
    ],
    "Packets retransmitted per node AVG": [
        0.0,
        0.0
    ],
    "Counter of retransmission per packet AVG": [
        0.0,
        0.0
    ],
    "Intertime of retransmissions AVG": [
        0.0,
        0.0
    ],
    "Packets delivered": [
        0.44475064978205747,
        0.4533494673087999
    ],
    "Packets lost due to noise": [
        0.0918544201059131,
        0.09548063246697977
    ],
    "Packets collided": [
        0.0,
        0.0
    ],
    "Destinatary out of range": [
        -7.39262817626381e-06,
        4.6708935358889545e-05
    ],
    "Packets dropped": [
        0.0,
        0.0
    ],
    "Other causes of loss": [
        0.45275280389777256,
        0.46177271013129423
    ],
    "Queue MN Avg": [
        0.3824671238827403,
        0.3825479872243215
    ],
    "Queue MN Var": [
        4.711661425869667e-07,
        5.285377550187145e-07
    ],
    "Queue BR Avg": [
        0.1589428978876399,
        0.16360996141387776
    ],
    "Queue BR Var": [
        0.013006757138782937,
        0.01570747880309531
    ],
    "Upstream Delay Avg": [
        0.7588486836856351,
        0.7598716925222565
    ],
    "Upstream Delay 95th Perc": [
        1.440796037611618,
        1.441874258385981
    ],
    "Upstream Delay Var": [
        0.1911902228527637,
        0.19151567201286973
    ],
    "Downstream Delay Avg": [
        0.7649940536451426,
        0.7650381977551531
    ],
    "Downstream Delay 95th Perc": [
        0.7650000014615136,
        0.7650000014798531
    ],
    "Downstream Delay Var": [
        -8.95914603983886e-06,
        5.7541053191804955e-05
    ],
    "RTT Avg": [
        1420.8041493386024,
        1431.7324325292132
    ],
    "RTT 95th Perc": [
        1930.456353705043,
        1960.090128840427
    ],
    "RTT Var": [
        226280.11900153675,
        244679.1788085503
    ]
}