{
    "Upstream PDR": [
        0.2349182072066406,
        0.246293221364788
    ],
    "Downstream PDR": [
        0.7883092273098466,
        0.7971957604008171
    ],
    "TicToc PDR": [
        0.18558315068322176,
        0.19620282334275227
    ],
    "Packets retransmitted per node AVG": [
        0.0,
        0.0
    ],
    "Counter of retransmission per packet AVG": [
        0.0,
        0.0
    ],
    "Intertime of retransmissions AVG": [
        0.0,
        0.0
    ],
    "Packets delivered": [
        0.3434789284606547,
        0.35795732248014517
    ],
    "Packets lost due to noise": [
        0.10733401594712659,
        0.11052149643957067
    ],
    "Packets collided": [
        0.0,
        0.0
    ],
    "Destinatary out of range": [
        -5.058350170410868e-06,
        3.2706649327505435e-05
    ],
    "Packets dropped": [
        0.0,
        0.0
    ],
    "Other causes of loss": [
        0.5330150275935701,
        0.5476655607797758
    ],
    "Queue MN Avg": [
        0.3824671238827403,
        0.3825479872243215
    ],
    "Queue MN Var": [
        4.711661425869667e-07,
        5.285377550187145e-07
    ],
    "Queue BR Avg": [
        0.3209051302397082,
        0.336447783516353
    ],
    "Queue BR Var": [
        0.03268763688557696,
        0.044552304319482934
    ],
    "Upstream Delay Avg": [
        0.7583629692324421,
        0.7598962452519091
    ],
    "Upstream Delay 95th Perc": [
        1.4404171399968104,
        1.441671568373361
    ],
    "Upstream Delay Var": [
        0.19103646752806624,
        0.19154040293206875
    ],
    "Downstream Delay Avg": [
        0.7649999999660853,
        0.7650000000196135
    ],
    "Downstream Delay 95th Perc": [
        0.7650000129545564,
        0.7650000133082233
    ],
    "Downstream Delay Var": [
        7.916805720252422e-17,
        8.395466207154039e-17
    ],
    "RTT Avg": [
        1291.180419097478,
        1296.8986738246213
    ],
    "RTT 95th Perc": [
        2241.14082206563,
        2255.0829361559013
    ],
    "RTT Var": [
        386283.9512420726,
        391565.4207937538
    ]
}