{
    "Upstream PDR": [
        0.16226757981811088,
        0.16850904355851257
    ],
    "Downstream PDR": [
        0.7813506121988981,
        0.7888148174269826
    ],
    "TicToc PDR": [
        0.1271746360795375,
        0.13258315612825478
    ],
    "Packets retransmitted per node AVG": [
        0.0,
        0.0
    ],
    "Counter of retransmission per packet AVG": [
        0.0,
        0.0
    ],
    "Intertime of retransmissions AVG": [
        0.0,
        0.0
    ],
    "Packets delivered": [
        0.31718604995860517,
        0.3274372191581188
    ],
    "Packets lost due to noise": [
        0.10610032026259464,
        0.10917618661702846
    ],
    "Packets collided": [
        0.0,
        0.0
    ],
    "Destinatary out of range": [
        -1.1038797239404933e-05,
        6.216251245394657e-05
    ],
    "Packets dropped": [
        0.0,
        0.0
    ],
    "Other causes of loss": [
        0.5642034613301669,
        0.5758456389582719
    ],
    "Queue MN Avg": [
        111.93155921880259,
        111.9532565044095
    ],
    "Queue MN Var": [
        0.08659461756104915,
        0.09210420331404885
    ],
    "Queue BR Avg": [
        0.5633774573574849,
        0.5850416217274462
    ],
    "Queue BR Var": [
        0.10432287616421507,
        0.1405690875846856
    ],
    "Upstream Delay Avg": [
        238.31092813232445,
        239.44613342248712
    ],
    "Upstream Delay 95th Perc": [
        379.699220764056,
        383.49162503620926
    ],
    "Upstream Delay Var": [
        8497.88421788596,
        8983.87230162217
    ],
    "Downstream Delay Avg": [
        1.2149438030889659,
        1.2151732784967302
    ],
    "Downstream Delay 95th Perc": [
        1.2140259209238717,
        1.2180034947363487
    ],
    "Downstream Delay Var": [
        -0.0001291275795638457,
        0.0003981534631249231
    ],
    "RTT Avg": [
        1400.5844919575154,
        1408.5304057342503
    ],
    "RTT 95th Perc": [
        1911.7312339381224,
        1937.0781857488491
    ],
    "RTT Var": [
        227841.71786702704,
        245041.45394571288
    ]
}