{
    "Upstream PDR": [
        0.9934809369573978,
        0.9970532621768013
    ],
    "Downstream PDR": [
        0.9748456099566446,
        0.976425409407886
    ],
    "TicToc PDR": [
        0.969066957896329,
        0.9729702715409004
    ],
    "Packets retransmitted per node AVG": [
        0.0,
        0.0
    ],
    "Counter of retransmission per packet AVG": [
        0.0,
        0.0
    ],
    "Intertime of retransmissions AVG": [
        0.0,
        0.0
    ],
    "Packets delivered": [
        0.9842936873347218,
        0.9863711995551986
    ],
    "Packets lost due to noise": [
        0.012208395829099859,
        0.01303308326151216
    ],
    "Packets collided": [
        -2.16922535192334e-06,
        7.518379099570294e-06
    ],
    "Destinatary out of range": [
        0.0,
        0.0
    ],
    "Packets dropped": [
        0.0,
        0.0
    ],
    "Other causes of loss": [
        0.0011372509251641105,
        0.002951033940555869
    ],
    "Queue MN Avg": [
        0.457486732308837,
        0.4575112254733667
    ],
    "Queue MN Var": [
        1.1632832614874252e-07,
        1.3032010579829356e-07
    ],
    "Queue BR Avg": [
        0.7177690775188655,
        0.7203142500647944
    ],
    "Queue BR Var": [
        0.06080085575990808,
        0.07492759437639608
    ],
    "Upstream Delay Avg": [
        0.908339500669056,
        0.9092171105858444
    ],
    "Upstream Delay 95th Perc": [
        1.7256579705078854,
        1.725917895590457
    ],
    "Upstream Delay Var": [
        0.2744824974805611,
        0.2745238371248103
    ],
    "Downstream Delay Avg": [
        0.9149934849550468,
        0.9150765180684212
    ],
    "Downstream Delay 95th Perc": [
        0.9150000015440038,
        0.9150000017781268
    ],
    "Downstream Delay Var": [
        -1.149885229774512e-05,
        0.00013673678562685707
    ],
    "RTT Avg": [
        1299.6221535997204,
        1300.0084073761666
    ],
    "RTT 95th Perc": [
        2289.5772300837843,
        2290.0327638001627
    ],
    "RTT Var": [
        403312.1715397649,
        403548.9096536204
    ]
}