{
    "Upstream PDR": [
        0.8225684678727636,
        0.8252289347246387
    ],
    "Downstream PDR": [
        0.968755893351782,
        0.9698062587210622
    ],
    "TicToc PDR": [
        0.7972165778811994,
        0.7999626428980212
    ],
    "Packets retransmitted per node AVG": [
        0.0,
        0.0
    ],
    "Counter of retransmission per packet AVG": [
        0.0,
        0.0
    ],
    "Intertime of retransmissions AVG": [
        0.0,
        0.0
    ],
    "Packets delivered": [
        0.9811247256578977,
        0.9828862577578292
    ],
    "Packets lost due to noise": [
        0.015116684338764515,
        0.015694303112333115
    ],
    "Packets collided": [
        -2.012060822048109e-06,
        1.2798686194586026e-05
    ],
    "Destinatary out of range": [
        0.0,
        0.0
    ],
    "Packets dropped": [
        0.0,
        0.0
    ],
    "Other causes of loss": [
        0.001782172936176028,
        0.0033850695716271116
    ],
    "Queue MN Avg": [
        111.93155921880259,
        111.9532565044095
    ],
    "Queue MN Var": [
        0.08659461756104915,
        0.09210420331404885
    ],
    "Queue BR Avg": [
        1.0521530936520587,
        1.055476619771626
    ],
    "Queue BR Var": [
        0.0911704278969901,
        0.11333797506358013
    ],
    "Upstream Delay Avg": [
        223.88824832950425,
        223.92847439143625
    ],
    "Upstream Delay 95th Perc": [
        393.9956248690597,
        394.0411320134807
    ],
    "Upstream Delay Var": [
        11909.243627845906,
        11910.780308839294
    ],
    "Downstream Delay Avg": [
        1.2149831188628581,
        1.2151092947562792
    ],
    "Downstream Delay 95th Perc": [
        1.2150000224992321,
        1.2150000229371853
    ],
    "Downstream Delay Var": [
        -3.972307369636661e-05,
        0.00025716083290380754
    ],
    "RTT Avg": [
        1299.5705102704019,
        1300.133932497492
    ],
    "RTT 95th Perc": [
        2289.013909913748,
        2290.0920089753467
    ],
    "RTT Var": [
        403581.38359982416,
        403885.1092537112
    ]
}