{
    "Upstream PDR": [
        0.886150019524719,
        0.8993824480077484
    ],
    "Downstream PDR": [
        0.8416966137368936,
        0.8579466140240027
    ],
    "TicToc PDR": [
        0.7467001356902765,
        0.7715232409331001
    ],
    "Packets retransmitted per node AVG": [
        0.0,
        0.0
    ],
    "Counter of retransmission per packet AVG": [
        0.0,
        0.0
    ],
    "Intertime of retransmissions AVG": [
        0.0,
        0.0
    ],
    "Packets delivered": [
        0.8662455317873062,
        0.8801017669328456
    ],
    "Packets lost due to noise": [
        0.10076456239788058,
        0.11189086884634704
    ],
    "Packets collided": [
        0.0,
        0.0
    ],
    "Destinatary out of range": [
        0.0,
        0.0
    ],
    "Packets dropped": [
        0.0,
        0.0
    ],
    "Other causes of loss": [
        0.019075999994500846,
        0.021921270041119684
    ],
    "Queue MN Avg": [
        0.08249465373446083,
        0.08251260279198969
    ],
    "Queue MN Var": [
        6.124113971529138e-09,
        8.449306589342764e-09
    ],
    "Queue BR Avg": [
        0.03847827618026973,
        0.03905310836088031
    ],
    "Queue BR Var": [
        0.0005236830823661751,
        0.0006955557486924939
    ],
    "Upstream Delay Avg": [
        0.15919130243331614,
        0.15955877916715921
    ],
    "Upstream Delay 95th Perc": [
        0.30083751233312434,
        0.3011594634710471
    ],
    "Upstream Delay Var": [
        0.008265929576225807,
        0.008281439646472636
    ],
    "Downstream Delay Avg": [
        0.164999999999344,
        0.16500000000063764
    ],
    "Downstream Delay 95th Perc": [
        0.1650000005329129,
        0.16500000058548706
    ],
    "Downstream Delay Var": [
        1.031408291557361e-19,
        1.1506224069996696e-19
    ],
    "RTT Avg": [
        1298.9895549497976,
        1302.6724349102512
    ],
    "RTT 95th Perc": [
        2279.5344640489047,
        2286.0729441774
    ],
    "RTT Var": [
        396084.10693226533,
        400498.1400129178
    ]
}