{
    "Upstream PDR": [
        0.8900825679062495,
        0.8993641853405042
    ],
    "Downstream PDR": [
        0.0,
        0.0
    ],
    "TicToc PDR": [
        0.0,
        0.0
    ],
    "Packets retransmitted per node AVG": [
        0.0,
        0.0
    ],
    "Counter of retransmission per packet AVG": [
        0.0,
        0.0
    ],
    "Intertime of retransmissions AVG": [
        0.0,
        0.0
    ],
    "Packets delivered": [
        0.8899393897519562,
        0.8992634010538957
    ],
    "Packets lost due to noise": [
        0.09430020540778992,
        0.10251328207114417
    ],
    "Packets collided": [
        0.0,
        0.0
    ],
    "Destinatary out of range": [
        0.0,
        0.0
    ],
    "Packets dropped": [
        0.0,
        0.0
    ],
    "Other causes of loss": [
        0.006308249510947768,
        0.007675472204265889
    ],
    "Queue MN Avg": [
        0.1049928165157056,
        0.10500712504239545
    ],
    "Queue MN Var": [
        1.0202135378587483e-08,
        1.2442748293960261e-08
    ],
    "Queue BR Avg": [
        0.0,
        0.0
    ],
    "Queue BR Var": [
        0.0,
        0.0
    ],
    "Upstream Delay Avg": [
        0.20400318433979564,
        0.20440459331427735
    ],
    "Upstream Delay 95th Perc": [
        0.3861330076473527,
        0.38644204002413296
    ],
    "Upstream Delay Var": [
        0.013653599190740223,
        0.013688328447999795
    ],
    "Downstream Delay Avg": [
        0.0,
        0.0
    ],
    "Downstream Delay 95th Perc": [
        0.0,
        0.0
    ],
    "Downstream Delay Var": [
        0.0,
        0.0
    ],
    "RTT Avg": [
        0.0,
        0.0
    ],
    "RTT 95th Perc": [
        0.0,
        0.0
    ],
    "RTT Var": [
        0.0,
        0.0
    ]
}