{
    "Upstream PDR": [
        0.16718879078552468,
        0.1707604155636817
    ],
    "Downstream PDR": [
        0.8147113813403272,
        0.8202185858052039
    ],
    "TicToc PDR": [
        0.13646245635248574,
        0.1398301843401549
    ],
    "Packets retransmitted per node AVG": [
        0.0,
        0.0
    ],
    "Counter of retransmission per packet AVG": [
        0.0,
        0.0
    ],
    "Intertime of retransmissions AVG": [
        0.0,
        0.0
    ],
    "Packets delivered": [
        0.3763218375513755,
        0.3830258098768372
    ],
    "Packets lost due to noise": [
        0.10004393273582982,
        0.10262084839575922
    ],
    "Packets collided": [
        0.0,
        0.0
    ],
    "Destinatary out of range": [
        -2.7804162433852268e-05,
        8.573167405226795e-05
    ],
    "Packets dropped": [
        0.0,
        0.0
    ],
    "Other causes of loss": [
        0.5157776615400089,
        0.5221519823885707
    ],
    "Queue MN Avg": [
        171.32876992639635,
        171.34605466477828
    ],
    "Queue MN Var": [
        0.08496281390328937,
        0.09064265213973034
    ],
    "Queue BR Avg": [
        0.4464672557422816,
        0.45600260585129543
    ],
    "Queue BR Var": [
        0.06712436540266384,
        0.07934992488558948
    ],
    "Upstream Delay Avg": [
        371.024734856571,
        372.33210792797985
    ],
    "Upstream Delay 95th Perc": [
        580.2125271648815,
        587.5725380368433
    ],
    "Upstream Delay Var": [
        19140.141541095476,
        20002.038404991912
    ],
    "Downstream Delay Avg": [
        1.3649999999953608,
        1.3650000000094415
    ],
    "Downstream Delay 95th Perc": [
        1.365000002126805,
        1.3650000021831106
    ],
    "Downstream Delay Var": [
        2.3729369965343795e-18,
        4.0091344095209134e-18
    ],
    "RTT Avg": [
        1429.551665151756,
        1436.110067551676
    ],
    "RTT 95th Perc": [
        1917.7506649825814,
        1936.7690575829101
    ],
    "RTT Var": [
        212881.33156375051,
        225733.7711881437
    ]
}