{
    "Upstream PDR": [
        0.14542797976726013,
        0.14930916308988273
    ],
    "Downstream PDR": [
        0.7830956466789153,
        0.7885604184941509
    ],
    "TicToc PDR": [
        0.11408379334987709,
        0.11757179106570728
    ],
    "Packets retransmitted per node AVG": [
        0.0,
        0.0
    ],
    "Counter of retransmission per packet AVG": [
        0.0,
        0.0
    ],
    "Intertime of retransmissions AVG": [
        0.0,
        0.0
    ],
    "Packets delivered": [
        0.3234536410619659,
        0.33093406252144303
    ],
    "Packets lost due to noise": [
        0.10516391539466281,
        0.10748587778967293
    ],
    "Packets collided": [
        0.0,
        0.0
    ],
    "Destinatary out of range": [
        0.0,
        0.0
    ],
    "Packets dropped": [
        0.0,
        0.0
    ],
    "Other causes of loss": [
        0.5623470454554182,
        0.5706154577768368
    ],
    "Queue MN Avg": [
        218.89186141462648,
        218.90912733140374
    ],
    "Queue MN Var": [
        0.08318183922198714,
        0.08909751879107107
    ],
    "Queue BR Avg": [
        0.7861127494201822,
        0.8071015425560301
    ],
    "Queue BR Var": [
        0.14211758798648802,
        0.18152141700612415
    ],
    "Upstream Delay Avg": [
        436.823441233241,
        437.31456174697126
    ],
    "Upstream Delay 95th Perc": [
        761.2730178716744,
        761.5358972749392
    ],
    "Upstream Delay Var": [
        44473.909289346295,
        44580.63120487354
    ],
    "Downstream Delay Avg": [
        1.5149999999676014,
        1.5150000000409969
    ],
    "Downstream Delay 95th Perc": [
        1.515000020487431,
        1.5150000208208558
    ],
    "Downstream Delay Var": [
        2.7735439373459607e-16,
        2.8826095189335995e-16
    ],
    "RTT Avg": [
        1293.3766151214436,
        1298.0332259574543
    ],
    "RTT 95th Perc": [
        2243.609582344904,
        2251.638109662954
    ],
    "RTT Var": [
        389693.4755953021,
        393782.14791676163
    ]
}